,WELL,IF_647_Intensity,RFP_561_Intensity,GFP_488_Intensity,DAPI_Intensity,NucleusArea,CELL,DRUG,DRUG_TIME_MINUTES,SIRNA,PRIMARY,SECONDARY,TotalNumberCells,EXPERIMENT
0,C03,1152.156834333459,150.73954129782064,253.98391233369446,399.51051265181945,1612.1927993182787,HCT116,No addition,No addition,No transfection,Total Pol II (F12),Goat anti-mouse Alexa647,4694,250825_mACmChPOLR2A_ARMC5
1,C04,1250.5847056538178,152.23149438434484,258.05456494684194,405.9207373631054,1568.971198156682,HCT116,No addition,No addition,No transfection,Total Pol II (F12),Goat anti-mouse Alexa647,4340,250825_mACmChPOLR2A_ARMC5
2,C05,1186.4420905616726,151.9332511939796,257.10552501403595,393.66522345140453,1620.8602860286028,HCT116,No addition,No addition,No transfection,Total Pol II (F12),Goat anti-mouse Alexa647,4545,250825_mACmChPOLR2A_ARMC5
3,C06,1248.9386078002688,153.35455622736401,256.90307452699824,403.7391930880862,1599.6604439959638,HCT116,No addition,No addition,No transfection,Total Pol II (F12),Goat anti-mouse Alexa647,3964,250825_mACmChPOLR2A_ARMC5
4,C07,1146.9253382903478,151.78254835943764,253.59175373735968,393.47728003542665,1605.609126984127,HCT116,No addition,No addition,No transfection,Total Pol II (F12),Goat anti-mouse Alexa647,4536,250825_mACmChPOLR2A_ARMC5
5,C08,1222.0395200653047,151.3283907748114,254.00664588584493,390.0309616998034,1587.4051394204482,HCT116,No addition,No addition,No transfection,Total Pol II (F12),Goat anti-mouse Alexa647,3658,250825_mACmChPOLR2A_ARMC5
6,C09,1297.8702580465665,152.3234593518817,253.30918036938672,423.40496216650723,1604.220484359233,HCT116,No addition,No addition,No transfection,Total Pol II (F12),Goat anti-mouse Alexa647,3964,250825_mACmChPOLR2A_ARMC5
7,C10,1163.5036464820842,150.84355544497788,250.86385901786664,398.6474900185544,1549.3289438323031,HCT116,No addition,No addition,No transfection,Total Pol II (F12),Goat anti-mouse Alexa647,3721,250825_mACmChPOLR2A_ARMC5
8,C11,1336.3377373472356,152.39992536035058,251.4778807148104,413.3433820093356,1529.4792473713337,HCT116,No addition,No addition,No transfection,Total Pol II (F12),Goat anti-mouse Alexa647,3614,250825_mACmChPOLR2A_ARMC5
9,C12,1255.0654223837341,151.27303976596295,249.73814293261592,406.2332756034193,1548.8905710491367,HCT116,No addition,No addition,No transfection,Total Pol II (F12),Goat anti-mouse Alexa647,3765,250825_mACmChPOLR2A_ARMC5
10,C13,1384.1770819004907,152.38598878644356,253.82072968256574,432.90082751914287,1487.156981547783,HCT116,No addition,No addition,No transfection,Total Pol II (F12),Goat anti-mouse Alexa647,3631,250825_mACmChPOLR2A_ARMC5
11,C14,1182.9991493009409,149.362138580219,249.15875503952464,385.9206547728581,1511.44952681388,HCT116,No addition,No addition,No transfection,Total Pol II (F12),Goat anti-mouse Alexa647,4438,250825_mACmChPOLR2A_ARMC5
12,C15,1515.38488583384,153.95869824982583,256.3404724340817,463.0551004292825,1481.8040016333198,HCT116,No addition,No addition,No transfection,Total Pol II (F12),Goat anti-mouse Alexa647,2449,250825_mACmChPOLR2A_ARMC5
13,C16,1258.117153951799,151.74108853416544,249.2497644503205,450.6288212101765,1516.1843904739449,HCT116,No addition,No addition,No transfection,Total Pol II (F12),Goat anti-mouse Alexa647,4241,250825_mACmChPOLR2A_ARMC5
14,C17,1308.131342231186,150.31860573223761,248.44078832705665,406.431560287311,1531.1107913669064,HCT116,No addition,No addition,No transfection,Total Pol II (F12),Goat anti-mouse Alexa647,3475,250825_mACmChPOLR2A_ARMC5
15,C18,1189.0219032311836,149.1289190424717,248.07873925298654,389.0957455145128,1523.8705756929637,HCT116,No addition,No addition,No transfection,Total Pol II (F12),Goat anti-mouse Alexa647,4690,250825_mACmChPOLR2A_ARMC5
16,C19,1304.6626923709318,150.3137024890638,247.86389356414742,416.8555139617154,1532.0228036485837,HCT116,No addition,No addition,No transfection,Total Pol II (F12),Goat anti-mouse Alexa647,4166,250825_mACmChPOLR2A_ARMC5
17,C20,1277.0443345419933,148.55608160806267,245.01406790296159,388.3552541975895,1568.1358709352155,HCT116,No addition,No addition,No transfection,Total Pol II (F12),Goat anti-mouse Alexa647,3967,250825_mACmChPOLR2A_ARMC5
18,C21,1382.3712914401715,149.94670048708548,252.80134542668284,406.1125679001307,1542.557220356497,HCT116,No addition,No addition,No transfection,Total Pol II (F12),Goat anti-mouse Alexa647,3871,250825_mACmChPOLR2A_ARMC5
19,C22,1102.9064872237227,148.58837368650077,247.6251815194308,390.0800742671905,1578.1919540229885,HCT116,No addition,No addition,No transfection,Total Pol II (F12),Goat anti-mouse Alexa647,3480,250825_mACmChPOLR2A_ARMC5
20,D03,1179.1018835775367,151.73128024578943,256.97682643926845,392.48664801339106,1648.0937642239417,HCT116,No addition,No addition,No transfection,Total Pol II (F12),Goat anti-mouse Alexa647,4394,250825_mACmChPOLR2A_ARMC5
21,D04,1717.4095699242846,232.6622369203381,564.246373126045,510.61724974195386,1535.2256578947367,HCT116 OsTIRF74G mAC/mCh-POLR2A Clone 1,Vehicle,1440,Scrambled,Total Pol II (F12),Goat anti-mouse Alexa647,1520,250825_mACmChPOLR2A_ARMC5
22,D05,1656.6106087161083,236.67716723960893,584.7188643485623,498.04535790946204,1490.4453125,HCT116 OsTIRF74G mAC/mCh-POLR2A Clone 1,Vehicle,480,Scrambled,Total Pol II (F12),Goat anti-mouse Alexa647,1152,250825_mACmChPOLR2A_ARMC5
23,D06,1690.9839272165395,238.47795126019463,586.6814221834824,515.2873219870174,1375.5575620767495,HCT116 OsTIRF74G mAC/mCh-POLR2A Clone 1,Vehicle,240,Scrambled,Total Pol II (F12),Goat anti-mouse Alexa647,1329,250825_mACmChPOLR2A_ARMC5
24,D07,1612.888908790751,227.10470925889484,551.5897045539784,479.2611309902106,1506.1136198106337,HCT116 OsTIRF74G mAC/mCh-POLR2A Clone 1,Vehicle,120,Scrambled,Total Pol II (F12),Goat anti-mouse Alexa647,1373,250825_mACmChPOLR2A_ARMC5
25,D08,1620.0302176099185,231.02158493273097,578.5073054839361,480.47282545578486,1500.431344356578,HCT116 OsTIRF74G mAC/mCh-POLR2A Clone 1,Vehicle,60,Scrambled,Total Pol II (F12),Goat anti-mouse Alexa647,1391,250825_mACmChPOLR2A_ARMC5
26,D09,1669.446081839145,227.83733620966052,544.2144638179329,506.0270612702023,1485.1626195732156,HCT116 OsTIRF74G mAC/mCh-POLR2A Clone 1,Vehicle,30,Scrambled,Total Pol II (F12),Goat anti-mouse Alexa647,1359,250825_mACmChPOLR2A_ARMC5
27,D10,1747.5181792442813,233.40515537515037,574.9968060760757,537.5505255727417,1532.7109266943291,HCT116 OsTIRF74G mAC/mCh-POLR2A Clone 1,Vehicle,1440,Scrambled,Total Pol II (F12),Goat anti-mouse Alexa647,1446,250825_mACmChPOLR2A_ARMC5
28,D11,1794.3110995992315,232.33915225236973,558.3438013431779,518.9780368365779,1524.4992967651197,HCT116 OsTIRF74G mAC/mCh-POLR2A Clone 1,Vehicle,480,Scrambled,Total Pol II (F12),Goat anti-mouse Alexa647,1422,250825_mACmChPOLR2A_ARMC5
29,D12,1811.1186211588165,230.44386175909526,555.9682417096085,504.94976933939995,1473.0816459830176,HCT116 OsTIRF74G mAC/mCh-POLR2A Clone 1,Vehicle,240,Scrambled,Total Pol II (F12),Goat anti-mouse Alexa647,1531,250825_mACmChPOLR2A_ARMC5
30,D13,1821.9497613328924,234.91188647319305,566.5971125132374,535.3139955878046,1496.3295847750865,HCT116 OsTIRF74G mAC/mCh-POLR2A Clone 1,Vehicle,120,Scrambled,Total Pol II (F12),Goat anti-mouse Alexa647,1156,250825_mACmChPOLR2A_ARMC5
31,D14,1704.5576339444392,229.53391321465068,541.205931907597,516.126376421632,1511.6668852459015,HCT116 OsTIRF74G mAC/mCh-POLR2A Clone 1,Vehicle,60,Scrambled,Total Pol II (F12),Goat anti-mouse Alexa647,1525,250825_mACmChPOLR2A_ARMC5
32,D15,1763.8820343126924,234.01310551394096,568.9439341852741,539.7061586182012,1518.8377219840784,HCT116 OsTIRF74G mAC/mCh-POLR2A Clone 1,Vehicle,30,Scrambled,Total Pol II (F12),Goat anti-mouse Alexa647,1633,250825_mACmChPOLR2A_ARMC5
33,D16,1879.2001811925206,234.56793256490928,572.6565393567355,552.243711710886,1500.4116899618805,HCT116 OsTIRF74G mAC/mCh-POLR2A Clone 1,Vehicle,1440,Scrambled,Total Pol II (F12),Goat anti-mouse Alexa647,1574,250825_mACmChPOLR2A_ARMC5
34,D17,1726.9947064847354,228.92341912746593,551.0021642658786,516.0458366776672,1545.987663280116,HCT116 OsTIRF74G mAC/mCh-POLR2A Clone 1,Vehicle,480,Scrambled,Total Pol II (F12),Goat anti-mouse Alexa647,1378,250825_mACmChPOLR2A_ARMC5
35,D18,1795.0338862719173,231.79011131057732,565.9012922341328,526.52112979031,1524.4085257548845,HCT116 OsTIRF74G mAC/mCh-POLR2A Clone 1,Vehicle,240,Scrambled,Total Pol II (F12),Goat anti-mouse Alexa647,1689,250825_mACmChPOLR2A_ARMC5
36,D19,1930.8845773282126,232.79237882433569,571.269177304267,556.2639877941451,1447.6948436179205,HCT116 OsTIRF74G mAC/mCh-POLR2A Clone 1,Vehicle,120,Scrambled,Total Pol II (F12),Goat anti-mouse Alexa647,1183,250825_mACmChPOLR2A_ARMC5
37,D20,1769.4621888338118,225.78049847778044,545.9440293895035,511.09011843115536,1574.3359735973597,HCT116 OsTIRF74G mAC/mCh-POLR2A Clone 1,Vehicle,60,Scrambled,Total Pol II (F12),Goat anti-mouse Alexa647,1515,250825_mACmChPOLR2A_ARMC5
38,D21,1762.9517156676593,234.28493868690754,561.1150751938642,507.20273089887644,1449.3569530558016,HCT116 OsTIRF74G mAC/mCh-POLR2A Clone 1,Vehicle,30,Scrambled,Total Pol II (F12),Goat anti-mouse Alexa647,1129,250825_mACmChPOLR2A_ARMC5
39,D22,1174.408867622255,147.33016065283437,250.23773611873722,363.41406056149236,1501.1620380037587,HCT116,No addition,No addition,No transfection,Total Pol II (F12),Goat anti-mouse Alexa647,4789,250825_mACmChPOLR2A_ARMC5
40,E03,1195.366445404762,151.28809370138254,260.62289691105303,380.2296245295684,1585.5863933318315,HCT116,No addition,No addition,No transfection,Total Pol II (F12),Goat anti-mouse Alexa647,4439,250825_mACmChPOLR2A_ARMC5
41,E04,2626.6738879145278,267.014950581864,941.0052486069322,448.60461983263724,1632.5080588647513,HCT116 OsTIRF74G mAC/mCh-POLR2A Clone 1,Vehicle,1440,ARMC5 pool,Total Pol II (F12),Goat anti-mouse Alexa647,1427,250825_mACmChPOLR2A_ARMC5
42,E05,2734.7265467771463,272.7341271226708,1010.8406423630729,472.1628785579114,1508.822061720289,HCT116 OsTIRF74G mAC/mCh-POLR2A Clone 1,Vehicle,480,ARMC5 pool,Total Pol II (F12),Goat anti-mouse Alexa647,1523,250825_mACmChPOLR2A_ARMC5
43,E06,2944.484632380898,278.62854237271233,1037.134597083449,494.3859086137273,1528.5182584269662,HCT116 OsTIRF74G mAC/mCh-POLR2A Clone 1,Vehicle,240,ARMC5 pool,Total Pol II (F12),Goat anti-mouse Alexa647,1424,250825_mACmChPOLR2A_ARMC5
44,E07,2765.046202085095,271.0758423788954,1009.4437385336175,476.08295642915493,1559.5670356703567,HCT116 OsTIRF74G mAC/mCh-POLR2A Clone 1,Vehicle,120,ARMC5 pool,Total Pol II (F12),Goat anti-mouse Alexa647,1626,250825_mACmChPOLR2A_ARMC5
45,E08,2663.6262839134765,264.3040654802764,937.5553466839189,465.22643805444335,1576.4983974358975,HCT116 OsTIRF74G mAC/mCh-POLR2A Clone 1,Vehicle,60,ARMC5 pool,Total Pol II (F12),Goat anti-mouse Alexa647,1872,250825_mACmChPOLR2A_ARMC5
46,E09,2581.38611025034,263.05144249464826,945.2976601192919,455.9976999628306,1528.3245033112582,HCT116 OsTIRF74G mAC/mCh-POLR2A Clone 1,Vehicle,30,ARMC5 pool,Total Pol II (F12),Goat anti-mouse Alexa647,1510,250825_mACmChPOLR2A_ARMC5
47,E10,2570.4784521795077,262.71893516027006,954.4427859568938,462.73216903288716,1559.4363532110092,HCT116 OsTIRF74G mAC/mCh-POLR2A Clone 1,Vehicle,1440,ARMC5 pool,Total Pol II (F12),Goat anti-mouse Alexa647,1744,250825_mACmChPOLR2A_ARMC5
48,E11,2663.751524278099,266.2321819516999,1003.9508167022819,463.6850261233941,1562.3746364165213,HCT116 OsTIRF74G mAC/mCh-POLR2A Clone 1,Vehicle,480,ARMC5 pool,Total Pol II (F12),Goat anti-mouse Alexa647,1719,250825_mACmChPOLR2A_ARMC5
49,E12,2725.4192871335167,263.4193776120055,971.5593071581623,459.9704550935915,1541.929795467109,HCT116 OsTIRF74G mAC/mCh-POLR2A Clone 1,Vehicle,240,ARMC5 pool,Total Pol II (F12),Goat anti-mouse Alexa647,1809,250825_mACmChPOLR2A_ARMC5
50,E13,2461.274723658602,260.66667438986883,941.9012979452016,460.6871598744902,1581.5430539609645,HCT116 OsTIRF74G mAC/mCh-POLR2A Clone 1,Vehicle,120,ARMC5 pool,Total Pol II (F12),Goat anti-mouse Alexa647,1742,250825_mACmChPOLR2A_ARMC5
51,E14,2942.123260942911,280.6382545911679,1081.8692026132771,487.49281949565386,1529.9035532994924,HCT116 OsTIRF74G mAC/mCh-POLR2A Clone 1,Vehicle,60,ARMC5 pool,Total Pol II (F12),Goat anti-mouse Alexa647,1182,250825_mACmChPOLR2A_ARMC5
52,E15,2603.0906420866777,268.446878733195,978.7772861386359,470.0930310615483,1533.94596069869,HCT116 OsTIRF74G mAC/mCh-POLR2A Clone 1,Vehicle,30,ARMC5 pool,Total Pol II (F12),Goat anti-mouse Alexa647,1832,250825_mACmChPOLR2A_ARMC5
53,E16,2578.2572575726776,261.3393687796742,931.6916708320641,456.09161274867,1579.1666666666667,HCT116 OsTIRF74G mAC/mCh-POLR2A Clone 1,Vehicle,1440,ARMC5 pool,Total Pol II (F12),Goat anti-mouse Alexa647,1776,250825_mACmChPOLR2A_ARMC5
54,E17,2681.084382337049,269.75939111717105,1022.2118767498959,470.2898583738454,1507.6226012793177,HCT116 OsTIRF74G mAC/mCh-POLR2A Clone 1,Vehicle,480,ARMC5 pool,Total Pol II (F12),Goat anti-mouse Alexa647,1876,250825_mACmChPOLR2A_ARMC5
55,E18,2533.8998603859654,264.41414791310984,970.1883677634622,458.93299222814977,1572.289538919187,HCT116 OsTIRF74G mAC/mCh-POLR2A Clone 1,Vehicle,240,ARMC5 pool,Total Pol II (F12),Goat anti-mouse Alexa647,2017,250825_mACmChPOLR2A_ARMC5
56,E19,2735.1049678887066,266.8842615822439,999.7669617397113,479.0547940798626,1540.2805280528053,HCT116 OsTIRF74G mAC/mCh-POLR2A Clone 1,Vehicle,120,ARMC5 pool,Total Pol II (F12),Goat anti-mouse Alexa647,1818,250825_mACmChPOLR2A_ARMC5
57,E20,2737.94975926167,269.669662119864,990.0506138820518,465.0700364549112,1553.3147286821707,HCT116 OsTIRF74G mAC/mCh-POLR2A Clone 1,Vehicle,60,ARMC5 pool,Total Pol II (F12),Goat anti-mouse Alexa647,1935,250825_mACmChPOLR2A_ARMC5
58,E21,2447.3092324911086,263.9475849027904,965.406316640798,433.2627760627445,1598.5749253731344,HCT116 OsTIRF74G mAC/mCh-POLR2A Clone 1,Vehicle,30,ARMC5 pool,Total Pol II (F12),Goat anti-mouse Alexa647,1675,250825_mACmChPOLR2A_ARMC5
59,E22,1152.0394550636622,148.09262672272476,250.33673392607156,374.4057713792503,1495.8500598802395,HCT116,No addition,No addition,No transfection,Total Pol II (F12),Goat anti-mouse Alexa647,4175,250825_mACmChPOLR2A_ARMC5
60,F03,1155.256043326915,151.70555932253325,261.79132717670507,386.89498427478486,1599.5423831681164,HCT116,No addition,No addition,No transfection,Total Pol II (F12),Goat anti-mouse Alexa647,4943,250825_mACmChPOLR2A_ARMC5
61,F04,1413.8004258968979,256.34754796350404,272.4250589862279,483.9003268187535,1602.8303979125897,HCT116 OsTIRF74G mAC/mCh-POLR2A Clone 1,10 µM 5PhIAA,1440,Scrambled,Total Pol II (F12),Goat anti-mouse Alexa647,1533,250825_mACmChPOLR2A_ARMC5
62,F05,1479.9935238483083,260.4489631422669,285.01566804827013,516.8103009417622,1485.582747603834,HCT116 OsTIRF74G mAC/mCh-POLR2A Clone 1,10 µM 5PhIAA,480,Scrambled,Total Pol II (F12),Goat anti-mouse Alexa647,1565,250825_mACmChPOLR2A_ARMC5
63,F06,1442.6675099412855,248.19417212704116,281.95174386249437,483.62363869469493,1546.0770533446232,HCT116 OsTIRF74G mAC/mCh-POLR2A Clone 1,10 µM 5PhIAA,240,Scrambled,Total Pol II (F12),Goat anti-mouse Alexa647,1181,250825_mACmChPOLR2A_ARMC5
64,F07,1272.2189701652885,235.08378153083203,283.75914248235915,490.8550947917352,1481.4400904295403,HCT116 OsTIRF74G mAC/mCh-POLR2A Clone 1,10 µM 5PhIAA,120,Scrambled,Total Pol II (F12),Goat anti-mouse Alexa647,1327,250825_mACmChPOLR2A_ARMC5
65,F08,1340.4817411073761,236.83291685871848,320.12877984314287,497.59981184838784,1500.0864864864866,HCT116 OsTIRF74G mAC/mCh-POLR2A Clone 1,10 µM 5PhIAA,60,Scrambled,Total Pol II (F12),Goat anti-mouse Alexa647,1480,250825_mACmChPOLR2A_ARMC5
66,F09,1289.9351158229156,229.07706494561208,385.95072053928305,500.983936162549,1446.513839602555,HCT116 OsTIRF74G mAC/mCh-POLR2A Clone 1,10 µM 5PhIAA,30,Scrambled,Total Pol II (F12),Goat anti-mouse Alexa647,1409,250825_mACmChPOLR2A_ARMC5
67,F10,1419.8379072551968,257.40781875065727,271.00737511473113,494.9888142556937,1529.7666240409208,HCT116 OsTIRF74G mAC/mCh-POLR2A Clone 1,10 µM 5PhIAA,1440,Scrambled,Total Pol II (F12),Goat anti-mouse Alexa647,1564,250825_mACmChPOLR2A_ARMC5
68,F11,1475.02532799164,258.2929961074934,277.97778099384925,517.5413656223076,1531.7868852459017,HCT116 OsTIRF74G mAC/mCh-POLR2A Clone 1,10 µM 5PhIAA,480,Scrambled,Total Pol II (F12),Goat anti-mouse Alexa647,1525,250825_mACmChPOLR2A_ARMC5
69,F12,1437.5725854869313,249.2150333476244,280.5841447566239,499.7326575037455,1507.2836411609499,HCT116 OsTIRF74G mAC/mCh-POLR2A Clone 1,10 µM 5PhIAA,240,Scrambled,Total Pol II (F12),Goat anti-mouse Alexa647,1516,250825_mACmChPOLR2A_ARMC5
70,F13,1372.393026418407,245.78524355535419,295.5316320923882,550.658963752754,1444.2674187126743,HCT116 OsTIRF74G mAC/mCh-POLR2A Clone 1,10 µM 5PhIAA,120,Scrambled,Total Pol II (F12),Goat anti-mouse Alexa647,1507,250825_mACmChPOLR2A_ARMC5
71,F14,1358.9329100632067,237.63782572766345,319.8592967815833,499.20890123924653,1494.8100278551533,HCT116 OsTIRF74G mAC/mCh-POLR2A Clone 1,10 µM 5PhIAA,60,Scrambled,Total Pol II (F12),Goat anti-mouse Alexa647,1795,250825_mACmChPOLR2A_ARMC5
72,F15,1454.4211399907617,238.41680580907527,401.6027009316219,528.438755183506,1419.3777429467084,HCT116 OsTIRF74G mAC/mCh-POLR2A Clone 1,10 µM 5PhIAA,30,Scrambled,Total Pol II (F12),Goat anti-mouse Alexa647,1276,250825_mACmChPOLR2A_ARMC5
73,F16,1441.0628849731438,252.92992425025463,261.6025071421566,481.7586958274131,1555.8733421750662,HCT116 OsTIRF74G mAC/mCh-POLR2A Clone 1,10 µM 5PhIAA,1440,Scrambled,Total Pol II (F12),Goat anti-mouse Alexa647,1508,250825_mACmChPOLR2A_ARMC5
74,F17,1476.1550865135669,255.53696166396256,270.7787059842437,508.1346168460059,1447.0417853751187,HCT116 OsTIRF74G mAC/mCh-POLR2A Clone 1,10 µM 5PhIAA,480,Scrambled,Total Pol II (F12),Goat anti-mouse Alexa647,1053,250825_mACmChPOLR2A_ARMC5
75,F18,1407.4988899912078,247.362402901829,275.523761644687,485.35150812721446,1482.6582756450598,HCT116 OsTIRF74G mAC/mCh-POLR2A Clone 1,10 µM 5PhIAA,240,Scrambled,Total Pol II (F12),Goat anti-mouse Alexa647,1589,250825_mACmChPOLR2A_ARMC5
76,F19,1242.3891152372796,231.8936044597073,281.92377803182677,489.40405962506514,1547.810885608856,HCT116 OsTIRF74G mAC/mCh-POLR2A Clone 1,10 µM 5PhIAA,120,Scrambled,Total Pol II (F12),Goat anti-mouse Alexa647,1084,250825_mACmChPOLR2A_ARMC5
77,F20,1518.9608484370995,248.35154138197151,332.07913527762025,508.7124532449267,1428.2254601226994,HCT116 OsTIRF74G mAC/mCh-POLR2A Clone 1,10 µM 5PhIAA,60,Scrambled,Total Pol II (F12),Goat anti-mouse Alexa647,1304,250825_mACmChPOLR2A_ARMC5
78,F21,1398.3144483795252,236.8854431658584,390.9467456603629,510.8133769788902,1442.2186865267433,HCT116 OsTIRF74G mAC/mCh-POLR2A Clone 1,10 µM 5PhIAA,30,Scrambled,Total Pol II (F12),Goat anti-mouse Alexa647,1477,250825_mACmChPOLR2A_ARMC5
79,F22,1105.0880810453452,148.80538448057717,250.85887008787918,370.41655443786937,1536.0561611374408,HCT116,No addition,No addition,No transfection,Total Pol II (F12),Goat anti-mouse Alexa647,4220,250825_mACmChPOLR2A_ARMC5
80,G03,1129.5664438113931,150.35331891650281,260.30573339302157,376.2219783473699,1615.2271534761696,HCT116,No addition,No addition,No transfection,Total Pol II (F12),Goat anti-mouse Alexa647,4574,250825_mACmChPOLR2A_ARMC5
81,G04,1777.093028844532,296.2380161139298,299.8841761487566,457.34543496936044,1602.0330902972519,HCT116 OsTIRF74G mAC/mCh-POLR2A Clone 1,10 µM 5PhIAA,1440,ARMC5 pool,Total Pol II (F12),Goat anti-mouse Alexa647,1783,250825_mACmChPOLR2A_ARMC5
82,G05,1797.62685408259,297.4739998832448,321.6786665386366,483.61385293160674,1590.5072363886975,HCT116 OsTIRF74G mAC/mCh-POLR2A Clone 1,10 µM 5PhIAA,480,ARMC5 pool,Total Pol II (F12),Goat anti-mouse Alexa647,1451,250825_mACmChPOLR2A_ARMC5
83,G06,1608.2053301922638,279.36837118261496,319.3184996422277,442.4251042079569,1524.945118428654,HCT116 OsTIRF74G mAC/mCh-POLR2A Clone 1,10 µM 5PhIAA,240,ARMC5 pool,Total Pol II (F12),Goat anti-mouse Alexa647,1731,250825_mACmChPOLR2A_ARMC5
84,G07,1666.7970448620142,273.9516602145727,329.6652466134825,470.7479493185096,1507.7852564102564,HCT116 OsTIRF74G mAC/mCh-POLR2A Clone 1,10 µM 5PhIAA,120,ARMC5 pool,Total Pol II (F12),Goat anti-mouse Alexa647,1560,250825_mACmChPOLR2A_ARMC5
85,G08,1720.669669342603,271.58240478081484,387.9814452694034,445.8181455504884,1575.4766288951841,HCT116 OsTIRF74G mAC/mCh-POLR2A Clone 1,10 µM 5PhIAA,60,ARMC5 pool,Total Pol II (F12),Goat anti-mouse Alexa647,1412,250825_mACmChPOLR2A_ARMC5
86,G09,1703.0022963434342,266.0260838091273,542.0287921824753,457.0235686555819,1516.2643198090693,HCT116 OsTIRF74G mAC/mCh-POLR2A Clone 1,10 µM 5PhIAA,30,ARMC5 pool,Total Pol II (F12),Goat anti-mouse Alexa647,1676,250825_mACmChPOLR2A_ARMC5
87,G10,1744.7971603655433,300.0914703219115,291.3111640939106,456.600347369189,1615.3566878980891,HCT116 OsTIRF74G mAC/mCh-POLR2A Clone 1,10 µM 5PhIAA,1440,ARMC5 pool,Total Pol II (F12),Goat anti-mouse Alexa647,1413,250825_mACmChPOLR2A_ARMC5
88,G11,1860.0100533027994,284.2284900313346,305.62961329464207,472.36999360932066,1514.4596825396825,HCT116 OsTIRF74G mAC/mCh-POLR2A Clone 1,10 µM 5PhIAA,480,ARMC5 pool,Total Pol II (F12),Goat anti-mouse Alexa647,1575,250825_mACmChPOLR2A_ARMC5
89,G12,1835.4444918914062,283.6602858655719,315.45953224573356,472.92080710144825,1512.4349698535746,HCT116 OsTIRF74G mAC/mCh-POLR2A Clone 1,10 µM 5PhIAA,240,ARMC5 pool,Total Pol II (F12),Goat anti-mouse Alexa647,1161,250825_mACmChPOLR2A_ARMC5
90,G13,1663.223183716509,267.4925469169082,321.8661646703772,460.486409439572,1557.4002199010445,HCT116 OsTIRF74G mAC/mCh-POLR2A Clone 1,10 µM 5PhIAA,120,ARMC5 pool,Total Pol II (F12),Goat anti-mouse Alexa647,1819,250825_mACmChPOLR2A_ARMC5
91,G14,1756.0783011999415,274.57891721766936,421.5997656500287,467.841758790474,1496.5817469204928,HCT116 OsTIRF74G mAC/mCh-POLR2A Clone 1,10 µM 5PhIAA,60,ARMC5 pool,Total Pol II (F12),Goat anti-mouse Alexa647,1786,250825_mACmChPOLR2A_ARMC5
92,G15,1900.4911370048244,275.6001451620982,574.8510978787747,489.09185247753135,1505.418449197861,HCT116 OsTIRF74G mAC/mCh-POLR2A Clone 1,10 µM 5PhIAA,30,ARMC5 pool,Total Pol II (F12),Goat anti-mouse Alexa647,1496,250825_mACmChPOLR2A_ARMC5
93,G16,1941.498714126438,303.4382153447315,297.45018083524155,475.39249442151834,1599.5421686746988,HCT116 OsTIRF74G mAC/mCh-POLR2A Clone 1,10 µM 5PhIAA,1440,ARMC5 pool,Total Pol II (F12),Goat anti-mouse Alexa647,1660,250825_mACmChPOLR2A_ARMC5
94,G17,1805.2381549467086,289.2988592816114,308.35436820855693,472.48420958165303,1537.4165212332753,HCT116 OsTIRF74G mAC/mCh-POLR2A Clone 1,10 µM 5PhIAA,480,ARMC5 pool,Total Pol II (F12),Goat anti-mouse Alexa647,1719,250825_mACmChPOLR2A_ARMC5
95,G18,1733.2690522674081,283.66755856065174,317.56744008294135,461.9202315362969,1505.5353159851302,HCT116 OsTIRF74G mAC/mCh-POLR2A Clone 1,10 µM 5PhIAA,240,ARMC5 pool,Total Pol II (F12),Goat anti-mouse Alexa647,1614,250825_mACmChPOLR2A_ARMC5
96,G19,1736.8281119307312,278.2107500168793,326.56040323291353,490.0259432519542,1531.6204334365325,HCT116 OsTIRF74G mAC/mCh-POLR2A Clone 1,10 µM 5PhIAA,120,ARMC5 pool,Total Pol II (F12),Goat anti-mouse Alexa647,1615,250825_mACmChPOLR2A_ARMC5
97,G20,1813.373572044398,278.4831565572305,420.4691598189591,471.6011632602956,1485.9503105590063,HCT116 OsTIRF74G mAC/mCh-POLR2A Clone 1,10 µM 5PhIAA,60,ARMC5 pool,Total Pol II (F12),Goat anti-mouse Alexa647,1610,250825_mACmChPOLR2A_ARMC5
98,G21,1968.1484341493199,275.5072377042409,564.0149688859893,472.4026135708803,1542.401727861771,HCT116 OsTIRF74G mAC/mCh-POLR2A Clone 1,10 µM 5PhIAA,30,ARMC5 pool,Total Pol II (F12),Goat anti-mouse Alexa647,1389,250825_mACmChPOLR2A_ARMC5
99,G22,1025.9318017606458,148.27614480333355,245.47848099431982,376.17584893503533,1544.8912732474964,HCT116,No addition,No addition,No transfection,Total Pol II (F12),Goat anti-mouse Alexa647,4194,250825_mACmChPOLR2A_ARMC5
100,H03,1106.5373430520476,151.27639884270477,260.1390766680608,394.5530928872952,1634.1629924953095,HCT116,No addition,No addition,No transfection,Total Pol II (F12),Goat anti-mouse Alexa647,4264,250825_mACmChPOLR2A_ARMC5
101,H04,1421.0772954733034,226.94217402706548,560.4960996770182,465.32632746063706,1618.0485074626865,HCT116 OsTIRF74G mAC/mCh-POLR2A Clone 1,Vehicle,1440,Scrambled,Total Pol II (F12),Goat anti-mouse Alexa647,1608,250825_mACmChPOLR2A_ARMC5
102,H05,1467.3208652026062,236.18175940520823,603.3832042686698,496.98328189825395,1498.422077922078,HCT116 OsTIRF74G mAC/mCh-POLR2A Clone 1,Vehicle,480,Scrambled,Total Pol II (F12),Goat anti-mouse Alexa647,1232,250825_mACmChPOLR2A_ARMC5
103,H06,1580.848806683402,235.93483791385867,594.3667895796153,499.6004511911876,1483.7141979102644,HCT116 OsTIRF74G mAC/mCh-POLR2A Clone 1,Vehicle,240,Scrambled,Total Pol II (F12),Goat anti-mouse Alexa647,1627,250825_mACmChPOLR2A_ARMC5
104,H07,1545.5835480187188,227.94014087442034,569.1739109086272,469.7773125269073,1536.0036697247706,HCT116 OsTIRF74G mAC/mCh-POLR2A Clone 1,Vehicle,120,Scrambled,Total Pol II (F12),Goat anti-mouse Alexa647,1635,250825_mACmChPOLR2A_ARMC5
105,H08,1569.1887714225436,231.29226375994284,576.5746525982127,477.2124352291137,1444.3297180043385,HCT116 OsTIRF74G mAC/mCh-POLR2A Clone 1,Vehicle,60,Scrambled,Total Pol II (F12),Goat anti-mouse Alexa647,1383,250825_mACmChPOLR2A_ARMC5
106,H09,1499.4768834824267,231.81755677800896,559.621277925801,492.4466186018805,1426.3126308443825,HCT116 OsTIRF74G mAC/mCh-POLR2A Clone 1,Vehicle,30,Scrambled,Total Pol II (F12),Goat anti-mouse Alexa647,1433,250825_mACmChPOLR2A_ARMC5
107,H10,1544.5206178813926,224.05757563260545,548.9088571856004,469.45178611421136,1543.7568838146408,HCT116 OsTIRF74G mAC/mCh-POLR2A Clone 1,Vehicle,1440,Scrambled,Total Pol II (F12),Goat anti-mouse Alexa647,1489,250825_mACmChPOLR2A_ARMC5
108,H11,1620.8639490712956,231.77197849645265,570.8741690704735,498.2408731240658,1438.6398416886543,HCT116 OsTIRF74G mAC/mCh-POLR2A Clone 1,Vehicle,480,Scrambled,Total Pol II (F12),Goat anti-mouse Alexa647,1516,250825_mACmChPOLR2A_ARMC5
109,H12,1561.1543215726024,226.29871574741958,554.875144250103,475.11879091723324,1541.6775751072962,HCT116 OsTIRF74G mAC/mCh-POLR2A Clone 1,Vehicle,240,Scrambled,Total Pol II (F12),Goat anti-mouse Alexa647,1864,250825_mACmChPOLR2A_ARMC5
110,H13,1618.8250424692617,229.78679497011964,566.5995858349038,486.0116130058361,1598.425879396985,HCT116 OsTIRF74G mAC/mCh-POLR2A Clone 1,Vehicle,120,Scrambled,Total Pol II (F12),Goat anti-mouse Alexa647,1592,250825_mACmChPOLR2A_ARMC5
111,H14,1697.3394158276526,233.2524514517385,591.0949844701041,502.86845521704697,1466.6280307510349,HCT116 OsTIRF74G mAC/mCh-POLR2A Clone 1,Vehicle,60,Scrambled,Total Pol II (F12),Goat anti-mouse Alexa647,1691,250825_mACmChPOLR2A_ARMC5
112,H15,1582.4528567947916,233.87270121390597,567.9138678947057,499.87595133726285,1483.2260479041915,HCT116 OsTIRF74G mAC/mCh-POLR2A Clone 1,Vehicle,30,Scrambled,Total Pol II (F12),Goat anti-mouse Alexa647,1336,250825_mACmChPOLR2A_ARMC5
113,H16,1627.9133467582503,230.17517941950916,575.2487881002081,500.93707933637074,1527.5441988950276,HCT116 OsTIRF74G mAC/mCh-POLR2A Clone 1,Vehicle,1440,Scrambled,Total Pol II (F12),Goat anti-mouse Alexa647,1448,250825_mACmChPOLR2A_ARMC5
114,H17,1551.2624489246512,228.61337470694053,558.7140141578511,494.48046192655283,1546.8077403245943,HCT116 OsTIRF74G mAC/mCh-POLR2A Clone 1,Vehicle,480,Scrambled,Total Pol II (F12),Goat anti-mouse Alexa647,1602,250825_mACmChPOLR2A_ARMC5
115,H18,1851.446026406649,237.4142378531446,610.5414901288156,508.70156544728434,1307.7476007677544,HCT116 OsTIRF74G mAC/mCh-POLR2A Clone 1,Vehicle,240,Scrambled,Total Pol II (F12),Goat anti-mouse Alexa647,1042,250825_mACmChPOLR2A_ARMC5
116,H19,1637.0884129372325,231.90649662738102,576.180122512351,504.8917028270877,1449.6331849968215,HCT116 OsTIRF74G mAC/mCh-POLR2A Clone 1,Vehicle,120,Scrambled,Total Pol II (F12),Goat anti-mouse Alexa647,1573,250825_mACmChPOLR2A_ARMC5
117,H20,1667.7403378367142,229.7985875767935,582.776562225513,492.75342743075885,1496.0791693705387,HCT116 OsTIRF74G mAC/mCh-POLR2A Clone 1,Vehicle,60,Scrambled,Total Pol II (F12),Goat anti-mouse Alexa647,1541,250825_mACmChPOLR2A_ARMC5
118,H21,1527.8006437681847,227.68707682232557,572.9133282595982,489.771145072171,1468.5118974984746,HCT116 OsTIRF74G mAC/mCh-POLR2A Clone 1,Vehicle,30,Scrambled,Total Pol II (F12),Goat anti-mouse Alexa647,1639,250825_mACmChPOLR2A_ARMC5
119,H22,1135.783796840897,148.17438481060194,243.18954678564637,380.4248963156096,1532.723700571997,HCT116,No addition,No addition,No transfection,Total Pol II (F12),Goat anti-mouse Alexa647,4021,250825_mACmChPOLR2A_ARMC5
120,I03,1036.2519064854973,150.926997698259,260.5627938094853,372.164562245918,1644.7781350482314,HCT116,No addition,No addition,No transfection,Total Pol II (F12),Goat anti-mouse Alexa647,4665,250825_mACmChPOLR2A_ARMC5
121,I04,2620.3032310330136,275.5324361677145,1054.3434838795613,463.83559393492936,1531.8115157480315,HCT116 OsTIRF74G mAC/mCh-POLR2A Clone 1,Vehicle,1440,ARMC5 pool,Total Pol II (F12),Goat anti-mouse Alexa647,2032,250825_mACmChPOLR2A_ARMC5
122,I05,2795.57724023363,279.78369792022363,1105.5637480565497,469.86770215244695,1528.6859574468085,HCT116 OsTIRF74G mAC/mCh-POLR2A Clone 1,Vehicle,480,ARMC5 pool,Total Pol II (F12),Goat anti-mouse Alexa647,1175,250825_mACmChPOLR2A_ARMC5
123,I06,2439.7311626175574,272.8436834658713,1061.5806843467526,449.1812689498341,1519.91771019678,HCT116 OsTIRF74G mAC/mCh-POLR2A Clone 1,Vehicle,240,ARMC5 pool,Total Pol II (F12),Goat anti-mouse Alexa647,1677,250825_mACmChPOLR2A_ARMC5
124,I07,2796.647851226233,281.87939602111396,1094.141079843663,468.46042895633883,1468.7182103610676,HCT116 OsTIRF74G mAC/mCh-POLR2A Clone 1,Vehicle,120,ARMC5 pool,Total Pol II (F12),Goat anti-mouse Alexa647,1274,250825_mACmChPOLR2A_ARMC5
125,I08,2570.4532928031417,273.00757864120186,1052.7633650664502,444.9467218066477,1527.2886209495102,HCT116 OsTIRF74G mAC/mCh-POLR2A Clone 1,Vehicle,60,ARMC5 pool,Total Pol II (F12),Goat anti-mouse Alexa647,1327,250825_mACmChPOLR2A_ARMC5
126,I09,2179.798367399913,272.6535224178034,1019.2379055107575,451.03976755111637,1526.0541176470588,HCT116 OsTIRF74G mAC/mCh-POLR2A Clone 1,Vehicle,30,ARMC5 pool,Total Pol II (F12),Goat anti-mouse Alexa647,1700,250825_mACmChPOLR2A_ARMC5
127,I10,2486.4876620918108,266.79922387282636,1002.0882749918432,453.6285097776171,1574.2206736353078,HCT116 OsTIRF74G mAC/mCh-POLR2A Clone 1,Vehicle,1440,ARMC5 pool,Total Pol II (F12),Goat anti-mouse Alexa647,1722,250825_mACmChPOLR2A_ARMC5
128,I11,2728.883922894079,276.39979610350196,1068.946770830525,455.1097065368983,1496.7059800664451,HCT116 OsTIRF74G mAC/mCh-POLR2A Clone 1,Vehicle,480,ARMC5 pool,Total Pol II (F12),Goat anti-mouse Alexa647,1204,250825_mACmChPOLR2A_ARMC5
129,I12,2660.352289646105,270.13986479531115,1013.263470857573,457.7200045346431,1472.7937584803256,HCT116 OsTIRF74G mAC/mCh-POLR2A Clone 1,Vehicle,240,ARMC5 pool,Total Pol II (F12),Goat anti-mouse Alexa647,1474,250825_mACmChPOLR2A_ARMC5
130,I13,2834.373421715099,279.4901024191555,1099.6457243540303,489.53255247862023,1475.7087667161961,HCT116 OsTIRF74G mAC/mCh-POLR2A Clone 1,Vehicle,120,ARMC5 pool,Total Pol II (F12),Goat anti-mouse Alexa647,1346,250825_mACmChPOLR2A_ARMC5
131,I14,1889.6537153693005,275.8736599004249,423.41191324651425,447.0366480581595,1518.2859174964437,HCT116 OsTIRF74G mAC/mCh-POLR2A Clone 1,Vehicle,60,ARMC5 pool,Total Pol II (F12),Goat anti-mouse Alexa647,1406,250825_mACmChPOLR2A_ARMC5
132,I15,2399.481620437833,273.5492447640387,1053.4910464805578,468.1321102976343,1573.5380667236955,HCT116 OsTIRF74G mAC/mCh-POLR2A Clone 1,Vehicle,30,ARMC5 pool,Total Pol II (F12),Goat anti-mouse Alexa647,1169,250825_mACmChPOLR2A_ARMC5
133,I16,2719.1268341563487,272.39367209159263,1041.715295259059,459.833587132963,1505.8803986710964,HCT116 OsTIRF74G mAC/mCh-POLR2A Clone 1,Vehicle,1440,ARMC5 pool,Total Pol II (F12),Goat anti-mouse Alexa647,1204,250825_mACmChPOLR2A_ARMC5
134,I17,2309.3055637182697,267.05414998385305,976.4370255212303,446.4933584386941,1505.2524752475247,HCT116 OsTIRF74G mAC/mCh-POLR2A Clone 1,Vehicle,480,ARMC5 pool,Total Pol II (F12),Goat anti-mouse Alexa647,1414,250825_mACmChPOLR2A_ARMC5
135,I18,2070.490033594197,274.56816015098605,627.5068017346491,453.4812480800119,1511.542600896861,HCT116 OsTIRF74G mAC/mCh-POLR2A Clone 1,Vehicle,240,ARMC5 pool,Total Pol II (F12),Goat anti-mouse Alexa647,1561,250825_mACmChPOLR2A_ARMC5
136,I19,2790.6335692244643,277.82123749991393,1087.2845217725985,472.504470312942,1421.677880571909,HCT116 OsTIRF74G mAC/mCh-POLR2A Clone 1,Vehicle,120,ARMC5 pool,Total Pol II (F12),Goat anti-mouse Alexa647,1189,250825_mACmChPOLR2A_ARMC5
137,I20,2560.525751875298,271.7180379634491,1044.4242798686505,459.322800246189,1516.6801275239106,HCT116 OsTIRF74G mAC/mCh-POLR2A Clone 1,Vehicle,60,ARMC5 pool,Total Pol II (F12),Goat anti-mouse Alexa647,1882,250825_mACmChPOLR2A_ARMC5
138,I21,2041.1486022691734,260.3914734346735,926.4028240474953,418.5221547511352,1522.1766072811774,HCT116 OsTIRF74G mAC/mCh-POLR2A Clone 1,Vehicle,30,ARMC5 pool,Total Pol II (F12),Goat anti-mouse Alexa647,1291,250825_mACmChPOLR2A_ARMC5
139,I22,1124.5769542442188,149.4979862161529,245.80322758007816,377.05152430471117,1542.4846567541917,HCT116,No addition,No addition,No transfection,Total Pol II (F12),Goat anti-mouse Alexa647,3161,250825_mACmChPOLR2A_ARMC5
140,J03,1015.8855699667207,150.65732475143852,259.975771734598,365.6348552183484,1669.4616639477977,HCT116,No addition,No addition,No transfection,Total Pol II (F12),Goat anti-mouse Alexa647,4291,250825_mACmChPOLR2A_ARMC5
141,J04,1366.3868638064268,260.92209875689383,277.919287903908,494.48610006321474,1505.0,HCT116 OsTIRF74G mAC/mCh-POLR2A Clone 1,10 µM 5PhIAA,1440,Scrambled,Total Pol II (F12),Goat anti-mouse Alexa647,973,250825_mACmChPOLR2A_ARMC5
142,J05,1375.5030678584797,261.27614327023093,286.42431610494447,485.97528635288677,1408.3140569395018,HCT116 OsTIRF74G mAC/mCh-POLR2A Clone 1,10 µM 5PhIAA,480,Scrambled,Total Pol II (F12),Goat anti-mouse Alexa647,1124,250825_mACmChPOLR2A_ARMC5
143,J06,1271.9603928769436,252.1376616235557,290.4843361496282,486.5742923796741,1545.1877962085307,HCT116 OsTIRF74G mAC/mCh-POLR2A Clone 1,10 µM 5PhIAA,240,Scrambled,Total Pol II (F12),Goat anti-mouse Alexa647,1688,250825_mACmChPOLR2A_ARMC5
144,J07,1248.5325650668112,245.85657233100932,298.1435085585275,502.01323425654,1375.6206244087039,HCT116 OsTIRF74G mAC/mCh-POLR2A Clone 1,10 µM 5PhIAA,120,Scrambled,Total Pol II (F12),Goat anti-mouse Alexa647,1057,250825_mACmChPOLR2A_ARMC5
145,J08,1222.6553513888716,233.72511741321787,326.0797887461757,485.14591968646624,1546.9108771929825,HCT116 OsTIRF74G mAC/mCh-POLR2A Clone 1,10 µM 5PhIAA,60,Scrambled,Total Pol II (F12),Goat anti-mouse Alexa647,1425,250825_mACmChPOLR2A_ARMC5
146,J09,1197.0334444468886,228.98657935533663,388.0754845667489,480.0863374754323,1511.3074558032283,HCT116 OsTIRF74G mAC/mCh-POLR2A Clone 1,10 µM 5PhIAA,30,Scrambled,Total Pol II (F12),Goat anti-mouse Alexa647,1301,250825_mACmChPOLR2A_ARMC5
147,J10,1186.6741410632187,254.4037645848882,271.89698189259997,437.0361416188288,1597.330448465775,HCT116 OsTIRF74G mAC/mCh-POLR2A Clone 1,10 µM 5PhIAA,1440,Scrambled,Total Pol II (F12),Goat anti-mouse Alexa647,1271,250825_mACmChPOLR2A_ARMC5
148,J11,1282.660450687763,248.70291951286674,276.2395297451121,470.3145813176388,1625.1387587822014,HCT116 OsTIRF74G mAC/mCh-POLR2A Clone 1,10 µM 5PhIAA,480,Scrambled,Total Pol II (F12),Goat anti-mouse Alexa647,1708,250825_mACmChPOLR2A_ARMC5
149,J12,1312.3952465198906,248.72560746059014,280.10142967681594,498.2609129010481,1536.091320754717,HCT116 OsTIRF74G mAC/mCh-POLR2A Clone 1,10 µM 5PhIAA,240,Scrambled,Total Pol II (F12),Goat anti-mouse Alexa647,1325,250825_mACmChPOLR2A_ARMC5
150,J13,1269.8952714168906,243.78252205360891,291.6624944706582,501.59250202945714,1476.239552238806,HCT116 OsTIRF74G mAC/mCh-POLR2A Clone 1,10 µM 5PhIAA,120,Scrambled,Total Pol II (F12),Goat anti-mouse Alexa647,1340,250825_mACmChPOLR2A_ARMC5
151,J14,1200.024417646837,232.3991049598735,324.7002093648935,494.09149834399756,1482.9915188897455,HCT116 OsTIRF74G mAC/mCh-POLR2A Clone 1,10 µM 5PhIAA,60,Scrambled,Total Pol II (F12),Goat anti-mouse Alexa647,1297,250825_mACmChPOLR2A_ARMC5
152,J15,1288.4079486537973,234.10613664279558,382.00797332643054,494.0519919126586,1446.0750213128729,HCT116 OsTIRF74G mAC/mCh-POLR2A Clone 1,10 µM 5PhIAA,30,Scrambled,Total Pol II (F12),Goat anti-mouse Alexa647,1173,250825_mACmChPOLR2A_ARMC5
153,J16,1365.9916582209758,256.85425239364434,270.3466361838421,481.96319716550704,1520.3494071146245,HCT116 OsTIRF74G mAC/mCh-POLR2A Clone 1,10 µM 5PhIAA,1440,Scrambled,Total Pol II (F12),Goat anti-mouse Alexa647,1265,250825_mACmChPOLR2A_ARMC5
154,J17,1374.452340344366,255.10122402660022,277.6868429769663,498.21959271397424,1432.2617037605526,HCT116 OsTIRF74G mAC/mCh-POLR2A Clone 1,10 µM 5PhIAA,480,Scrambled,Total Pol II (F12),Goat anti-mouse Alexa647,1303,250825_mACmChPOLR2A_ARMC5
155,J18,1427.790503567855,256.11755577280354,284.15430679595454,527.578112005933,1459.0827439886846,HCT116 OsTIRF74G mAC/mCh-POLR2A Clone 1,10 µM 5PhIAA,240,Scrambled,Total Pol II (F12),Goat anti-mouse Alexa647,1414,250825_mACmChPOLR2A_ARMC5
156,J19,1282.9618289328039,238.99028827040596,283.0102157253936,503.13605731544357,1439.6242088607594,HCT116 OsTIRF74G mAC/mCh-POLR2A Clone 1,10 µM 5PhIAA,120,Scrambled,Total Pol II (F12),Goat anti-mouse Alexa647,1264,250825_mACmChPOLR2A_ARMC5
157,J20,1245.0758626353097,234.91976255303715,309.35078673848074,509.9791169414248,1425.8821989528797,HCT116 OsTIRF74G mAC/mCh-POLR2A Clone 1,10 µM 5PhIAA,60,Scrambled,Total Pol II (F12),Goat anti-mouse Alexa647,1146,250825_mACmChPOLR2A_ARMC5
158,J21,1257.9141506447208,233.36034826846384,382.1278216945728,487.62671559296007,1467.0711805555557,HCT116 OsTIRF74G mAC/mCh-POLR2A Clone 1,10 µM 5PhIAA,30,Scrambled,Total Pol II (F12),Goat anti-mouse Alexa647,1152,250825_mACmChPOLR2A_ARMC5
159,J22,1047.376291166147,148.52007523978727,244.12536490251676,367.7174529752512,1574.9082426127527,HCT116,No addition,No addition,No transfection,Total Pol II (F12),Goat anti-mouse Alexa647,3858,250825_mACmChPOLR2A_ARMC5
160,K03,1017.9995888291736,150.27961155019497,260.6444896592979,366.41555256793765,1590.0389978213507,HCT116,No addition,No addition,No transfection,Total Pol II (F12),Goat anti-mouse Alexa647,4590,250825_mACmChPOLR2A_ARMC5
161,K04,1654.1644529425125,296.8953220270649,303.04693623137547,429.7229192592344,1659.5075376884422,HCT116 OsTIRF74G mAC/mCh-POLR2A Clone 1,10 µM 5PhIAA,1440,ARMC5 pool,Total Pol II (F12),Goat anti-mouse Alexa647,1393,250825_mACmChPOLR2A_ARMC5
162,K05,1917.8556484088103,299.1879777624216,321.7015101525635,468.2400190881455,1466.1335200746964,HCT116 OsTIRF74G mAC/mCh-POLR2A Clone 1,10 µM 5PhIAA,480,ARMC5 pool,Total Pol II (F12),Goat anti-mouse Alexa647,1071,250825_mACmChPOLR2A_ARMC5
163,K06,1542.9472917252072,281.13481040301576,318.65210614690426,439.5063828763624,1518.2483617300131,HCT116 OsTIRF74G mAC/mCh-POLR2A Clone 1,10 µM 5PhIAA,240,ARMC5 pool,Total Pol II (F12),Goat anti-mouse Alexa647,1526,250825_mACmChPOLR2A_ARMC5
164,K07,1604.3546404950828,271.52464030719,335.3707198833456,444.83720009845376,1522.8517897091722,HCT116 OsTIRF74G mAC/mCh-POLR2A Clone 1,10 µM 5PhIAA,120,ARMC5 pool,Total Pol II (F12),Goat anti-mouse Alexa647,1788,250825_mACmChPOLR2A_ARMC5
165,K08,1585.6886825784504,274.635118479757,402.74238308917523,454.05918499616104,1515.5549493374904,HCT116 OsTIRF74G mAC/mCh-POLR2A Clone 1,10 µM 5PhIAA,60,ARMC5 pool,Total Pol II (F12),Goat anti-mouse Alexa647,1283,250825_mACmChPOLR2A_ARMC5
166,K09,1665.431107990806,265.0133902584355,551.0879599517855,443.99850021899044,1579.4086395233367,HCT116 OsTIRF74G mAC/mCh-POLR2A Clone 1,10 µM 5PhIAA,30,ARMC5 pool,Total Pol II (F12),Goat anti-mouse Alexa647,2014,250825_mACmChPOLR2A_ARMC5
167,K10,1772.9384566896622,290.28285581308336,296.63398486626585,437.258866412052,1645.9056364787841,HCT116 OsTIRF74G mAC/mCh-POLR2A Clone 1,10 µM 5PhIAA,1440,ARMC5 pool,Total Pol II (F12),Goat anti-mouse Alexa647,1579,250825_mACmChPOLR2A_ARMC5
168,K11,1664.4122383091144,282.3944013557959,310.13728707966783,428.72738520255297,1545.3987138263665,HCT116 OsTIRF74G mAC/mCh-POLR2A Clone 1,10 µM 5PhIAA,480,ARMC5 pool,Total Pol II (F12),Goat anti-mouse Alexa647,1866,250825_mACmChPOLR2A_ARMC5
169,K12,1639.8308663159373,277.3883024060647,317.94532820494175,439.0170977020574,1519.5622665006226,HCT116 OsTIRF74G mAC/mCh-POLR2A Clone 1,10 µM 5PhIAA,240,ARMC5 pool,Total Pol II (F12),Goat anti-mouse Alexa647,1606,250825_mACmChPOLR2A_ARMC5
170,K13,1667.4835589046295,272.07905189888106,332.6450366439427,456.03123936666356,1557.7024657534246,HCT116 OsTIRF74G mAC/mCh-POLR2A Clone 1,10 µM 5PhIAA,120,ARMC5 pool,Total Pol II (F12),Goat anti-mouse Alexa647,1825,250825_mACmChPOLR2A_ARMC5
171,K14,1695.697604192961,269.8005365403946,392.66069063250137,447.3190223968421,1606.4176749079431,HCT116 OsTIRF74G mAC/mCh-POLR2A Clone 1,10 µM 5PhIAA,60,ARMC5 pool,Total Pol II (F12),Goat anti-mouse Alexa647,1901,250825_mACmChPOLR2A_ARMC5
172,K15,1877.1147367730493,277.85912238530284,582.6899727959645,462.7194518274069,1565.96644295302,HCT116 OsTIRF74G mAC/mCh-POLR2A Clone 1,10 µM 5PhIAA,30,ARMC5 pool,Total Pol II (F12),Goat anti-mouse Alexa647,1639,250825_mACmChPOLR2A_ARMC5
173,K16,1782.118208933108,288.2175010791445,294.106430016779,438.83517037251505,1646.931669637552,HCT116 OsTIRF74G mAC/mCh-POLR2A Clone 1,10 µM 5PhIAA,1440,ARMC5 pool,Total Pol II (F12),Goat anti-mouse Alexa647,1683,250825_mACmChPOLR2A_ARMC5
174,K17,1649.7356716604443,284.92830477648727,308.8773400539382,445.68100460496623,1524.693710993759,HCT116 OsTIRF74G mAC/mCh-POLR2A Clone 1,10 µM 5PhIAA,480,ARMC5 pool,Total Pol II (F12),Goat anti-mouse Alexa647,2083,250825_mACmChPOLR2A_ARMC5
175,K18,1523.405111796238,267.3404244567413,307.2193626427906,418.09100508106013,1531.3178191489362,HCT116 OsTIRF74G mAC/mCh-POLR2A Clone 1,10 µM 5PhIAA,240,ARMC5 pool,Total Pol II (F12),Goat anti-mouse Alexa647,1504,250825_mACmChPOLR2A_ARMC5
176,K19,1675.633595337549,271.30790613697155,332.9182195010822,455.504083766055,1551.127969348659,HCT116 OsTIRF74G mAC/mCh-POLR2A Clone 1,10 µM 5PhIAA,120,ARMC5 pool,Total Pol II (F12),Goat anti-mouse Alexa647,1305,250825_mACmChPOLR2A_ARMC5
177,K20,1680.34299476548,268.43345916578994,399.17039805898963,442.8528649146794,1586.5598566308245,HCT116 OsTIRF74G mAC/mCh-POLR2A Clone 1,10 µM 5PhIAA,60,ARMC5 pool,Total Pol II (F12),Goat anti-mouse Alexa647,1395,250825_mACmChPOLR2A_ARMC5
178,K21,1735.575372251992,265.20905971792257,532.5930912505916,415.9019785011723,1641.9785467128029,HCT116 OsTIRF74G mAC/mCh-POLR2A Clone 1,10 µM 5PhIAA,30,ARMC5 pool,Total Pol II (F12),Goat anti-mouse Alexa647,1445,250825_mACmChPOLR2A_ARMC5
179,K22,967.0739359049966,148.41156366284739,245.86475321414457,344.6702174104379,1535.1400285772606,HCT116,No addition,No addition,No transfection,Total Pol II (F12),Goat anti-mouse Alexa647,4899,250825_mACmChPOLR2A_ARMC5
180,L03,963.0311258360852,150.6612533886896,262.53206037099034,366.6205163034188,1526.5002116850128,HCT116,No addition,No addition,No transfection,Total Pol II (F12),Goat anti-mouse Alexa647,4724,250825_mACmChPOLR2A_ARMC5
181,L04,1384.417057884759,227.41823125758634,550.1086493332058,420.4608673989151,1809.1273499090357,HCT116 OsTIRF74G mAC/mCh-POLR2A Clone 1,No addition,No addition,No transfection,Total Pol II (F12),Goat anti-mouse Alexa647,1649,250825_mACmChPOLR2A_ARMC5
182,L05,1291.8320223349288,219.0441375410584,533.0370484981856,414.31054654173033,1757.8415841584158,HCT116 OsTIRF74G mAC/mCh-POLR2A Clone 1,No addition,No addition,No transfection,Total Pol II (F12),Goat anti-mouse Alexa647,1111,250825_mACmChPOLR2A_ARMC5
183,L06,1227.5933182162755,218.78240411614368,529.8335620689007,407.45046888531266,1855.888888888889,HCT116 OsTIRF74G mAC/mCh-POLR2A Clone 1,No addition,No addition,No transfection,Total Pol II (F12),Goat anti-mouse Alexa647,1260,250825_mACmChPOLR2A_ARMC5
184,L07,166.04000000000002,144.01615384615383,267.37538461538463,160.45999999999998,25.5,HCT116 OsTIRF74G mAC/mCh-POLR2A Clone 1,No addition,No addition,No transfection,Total Pol II (F12),Goat anti-mouse Alexa647,2,250825_mACmChPOLR2A_ARMC5
185,L08,1268.264178787195,215.32904149933924,505.21185924614224,407.67219373854954,1815.4585121602288,HCT116 OsTIRF74G mAC/mCh-POLR2A Clone 1,No addition,No addition,No transfection,Total Pol II (F12),Goat anti-mouse Alexa647,1398,250825_mACmChPOLR2A_ARMC5
186,L09,1261.9960947566656,217.20524204242483,517.8038676434819,419.06057124807694,1807.7592452830188,HCT116 OsTIRF74G mAC/mCh-POLR2A Clone 1,No addition,No addition,No transfection,Total Pol II (F12),Goat anti-mouse Alexa647,1325,250825_mACmChPOLR2A_ARMC5
187,L10,1322.4244878176423,218.84294878067632,534.7873799878084,419.6881082251433,1782.2180685358255,HCT116 OsTIRF74G mAC/mCh-POLR2A Clone 1,No addition,No addition,No transfection,Total Pol II (F12),Goat anti-mouse Alexa647,963,250825_mACmChPOLR2A_ARMC5
188,L11,1233.3619676728554,213.57932671996372,514.0574213643004,401.58656679945835,1859.2883379247016,HCT116 OsTIRF74G mAC/mCh-POLR2A Clone 1,No addition,No addition,No transfection,Total Pol II (F12),Goat anti-mouse Alexa647,1089,250825_mACmChPOLR2A_ARMC5
189,L12,1426.3377611827639,223.91831029526935,572.4985908697323,407.5244627481457,1811.6622922134734,HCT116 OsTIRF74G mAC/mCh-POLR2A Clone 1,No addition,No addition,No transfection,Total Pol II (F12),Goat anti-mouse Alexa647,1143,250825_mACmChPOLR2A_ARMC5
190,L13,1285.9407013026564,215.22714315060784,506.68302799581465,416.59375075264194,1838.3030303030303,HCT116 OsTIRF74G mAC/mCh-POLR2A Clone 1,No addition,No addition,No transfection,Total Pol II (F12),Goat anti-mouse Alexa647,1551,250825_mACmChPOLR2A_ARMC5
191,L14,1769.9084357105198,238.1200093441832,674.5374915570327,439.2165507292676,1855.9362972793629,HCT116 OsTIRF74G mAC/mCh-POLR2A Clone 1,No addition,No addition,No transfection,Total Pol II (F12),Goat anti-mouse Alexa647,1507,250825_mACmChPOLR2A_ARMC5
192,L15,1215.2389443336795,211.9044653690999,494.68521878276704,394.3737292655436,1907.9389721627408,HCT116 OsTIRF74G mAC/mCh-POLR2A Clone 1,No addition,No addition,No transfection,Total Pol II (F12),Goat anti-mouse Alexa647,1868,250825_mACmChPOLR2A_ARMC5
193,L16,1361.2965696795534,219.00222970175443,544.7233391844894,420.18457912251097,1875.8695355191257,HCT116 OsTIRF74G mAC/mCh-POLR2A Clone 1,No addition,No addition,No transfection,Total Pol II (F12),Goat anti-mouse Alexa647,1464,250825_mACmChPOLR2A_ARMC5
194,L17,1325.9494437339195,216.25761069554744,511.07222581646084,418.03414048026974,1781.934668989547,HCT116 OsTIRF74G mAC/mCh-POLR2A Clone 1,No addition,No addition,No transfection,Total Pol II (F12),Goat anti-mouse Alexa647,1148,250825_mACmChPOLR2A_ARMC5
195,L19,1299.7584710557953,214.2879367045288,499.203235742607,425.5813062119436,1875.2956521739131,HCT116 OsTIRF74G mAC/mCh-POLR2A Clone 1,No addition,No addition,No transfection,Total Pol II (F12),Goat anti-mouse Alexa647,1380,250825_mACmChPOLR2A_ARMC5
196,L20,161.1081010718231,135.0090002080583,231.6982008539734,157.2797705342495,29.88888888888889,HCT116 OsTIRF74G mAC/mCh-POLR2A Clone 1,No addition,No addition,No transfection,Total Pol II (F12),Goat anti-mouse Alexa647,9,250825_mACmChPOLR2A_ARMC5
197,L21,1243.757441173987,210.4922182282978,482.39213773010977,406.11415823819954,1809.642126789366,HCT116 OsTIRF74G mAC/mCh-POLR2A Clone 1,No addition,No addition,No transfection,Total Pol II (F12),Goat anti-mouse Alexa647,1467,250825_mACmChPOLR2A_ARMC5
198,L22,943.3677216945782,146.48089248991846,241.32471894427314,342.0716423481778,1462.5629262244265,HCT116,No addition,No addition,No transfection,Total Pol II (F12),Goat anti-mouse Alexa647,4839,250825_mACmChPOLR2A_ARMC5
199,M03,1214.9211667638697,214.0665461478384,502.5389852070144,407.651686734845,1893.0996138996138,HCT116,No addition,No addition,No transfection,Total Pol II (F12),Goat anti-mouse Alexa647,1295,250825_mACmChPOLR2A_ARMC5
200,M04,1349.229726327842,219.43045186722242,535.8917361189062,425.2538903108483,1757.2915479582146,HCT116 OsTIRF74G mAC/mCh-POLR2A Clone 1,No addition,No addition,No transfection,Total Pol II (F12),Goat anti-mouse Alexa647,1053,250825_mACmChPOLR2A_ARMC5
201,M05,1175.2722328079813,216.2870652511161,521.2035902290759,405.9491565565851,1909.6413641364136,HCT116 OsTIRF74G mAC/mCh-POLR2A Clone 1,No addition,No addition,No transfection,Total Pol II (F12),Goat anti-mouse Alexa647,1818,250825_mACmChPOLR2A_ARMC5
202,M06,1230.19969995202,215.22947428366072,512.0722378933415,401.5673346613479,1891.8685548293392,HCT116 OsTIRF74G mAC/mCh-POLR2A Clone 1,No addition,No addition,No transfection,Total Pol II (F12),Goat anti-mouse Alexa647,1377,250825_mACmChPOLR2A_ARMC5
203,M07,1114.5186322669383,211.9463463447117,487.5001376444129,403.755101890719,1894.706604324956,HCT116 OsTIRF74G mAC/mCh-POLR2A Clone 1,No addition,No addition,No transfection,Total Pol II (F12),Goat anti-mouse Alexa647,1711,250825_mACmChPOLR2A_ARMC5
204,M08,1205.9574741388772,214.03940693898159,511.50709834858736,399.3365193914015,1887.354601226994,HCT116 OsTIRF74G mAC/mCh-POLR2A Clone 1,No addition,No addition,No transfection,Total Pol II (F12),Goat anti-mouse Alexa647,1630,250825_mACmChPOLR2A_ARMC5
205,M09,1294.6118389008086,214.9086123870385,508.6499244301684,422.5845413934353,1805.13890761969,HCT116 OsTIRF74G mAC/mCh-POLR2A Clone 1,No addition,No addition,No transfection,Total Pol II (F12),Goat anti-mouse Alexa647,1483,250825_mACmChPOLR2A_ARMC5
206,M10,1214.7808282575857,210.80378313865145,488.5987902293826,396.4460897182778,1906.079589216945,HCT116 OsTIRF74G mAC/mCh-POLR2A Clone 1,No addition,No addition,No transfection,Total Pol II (F12),Goat anti-mouse Alexa647,1558,250825_mACmChPOLR2A_ARMC5
207,M11,1198.9058523250167,210.93954500832666,494.74193728420545,399.56315697824084,1844.5662857142856,HCT116 OsTIRF74G mAC/mCh-POLR2A Clone 1,No addition,No addition,No transfection,Total Pol II (F12),Goat anti-mouse Alexa647,1750,250825_mACmChPOLR2A_ARMC5
208,M12,1248.1161493589314,212.94035224975005,513.0448112564635,402.41402853315293,1857.3335192414947,HCT116 OsTIRF74G mAC/mCh-POLR2A Clone 1,No addition,No addition,No transfection,Total Pol II (F12),Goat anti-mouse Alexa647,1793,250825_mACmChPOLR2A_ARMC5
209,M13,1254.8053004292503,213.35406593690536,498.8770406653104,406.8225556467848,1821.7285031847134,HCT116 OsTIRF74G mAC/mCh-POLR2A Clone 1,No addition,No addition,No transfection,Total Pol II (F12),Goat anti-mouse Alexa647,1256,250825_mACmChPOLR2A_ARMC5
210,M14,1269.0742997847926,213.53671160075274,499.90356191187715,411.1151028336562,1881.5091482649843,HCT116 OsTIRF74G mAC/mCh-POLR2A Clone 1,No addition,No addition,No transfection,Total Pol II (F12),Goat anti-mouse Alexa647,1585,250825_mACmChPOLR2A_ARMC5
211,M15,1306.2394296118182,216.23010109397896,518.6175696765441,415.28655853335727,1832.3741496598639,HCT116 OsTIRF74G mAC/mCh-POLR2A Clone 1,No addition,No addition,No transfection,Total Pol II (F12),Goat anti-mouse Alexa647,1470,250825_mACmChPOLR2A_ARMC5
212,M16,1330.7907280068314,218.05497903903824,526.7202650041977,433.4367897530216,1804.5761627906977,HCT116 OsTIRF74G mAC/mCh-POLR2A Clone 1,No addition,No addition,No transfection,Total Pol II (F12),Goat anti-mouse Alexa647,1720,250825_mACmChPOLR2A_ARMC5
213,M17,175.13491773937523,153.10304677840014,306.78890967202096,167.78369135051196,580.0,HCT116 OsTIRF74G mAC/mCh-POLR2A Clone 1,No addition,No addition,No transfection,Total Pol II (F12),Goat anti-mouse Alexa647,11,250825_mACmChPOLR2A_ARMC5
214,M18,1199.284392951594,209.76468145445278,481.0481250719833,392.7388313230335,1953.348365276212,HCT116 OsTIRF74G mAC/mCh-POLR2A Clone 1,No addition,No addition,No transfection,Total Pol II (F12),Goat anti-mouse Alexa647,1774,250825_mACmChPOLR2A_ARMC5
215,M19,185.33916807029414,155.8438231430359,315.53721100076933,164.47428724841666,491.1666666666667,HCT116 OsTIRF74G mAC/mCh-POLR2A Clone 1,No addition,No addition,No transfection,Total Pol II (F12),Goat anti-mouse Alexa647,6,250825_mACmChPOLR2A_ARMC5
216,M20,1249.8682114189946,213.43790054973434,493.7264766928351,416.97323130857404,1800.5823529411764,HCT116 OsTIRF74G mAC/mCh-POLR2A Clone 1,No addition,No addition,No transfection,Total Pol II (F12),Goat anti-mouse Alexa647,1700,250825_mACmChPOLR2A_ARMC5
217,M21,1228.296908971134,212.98065567872857,497.2963379527329,413.6933884303175,1790.8335913312694,HCT116 OsTIRF74G mAC/mCh-POLR2A Clone 1,No addition,No addition,No transfection,Total Pol II (F12),Goat anti-mouse Alexa647,1292,250825_mACmChPOLR2A_ARMC5
218,M22,964.4735947011711,147.67799223033566,242.8957896973316,352.47709472504266,1471.204746494067,HCT116,No addition,No addition,No transfection,Total Pol II (F12),Goat anti-mouse Alexa647,4635,250825_mACmChPOLR2A_ARMC5
219,N03,860.8771006699185,149.7612079988877,259.62413385793303,364.6552044307014,1572.7091917591126,HCT116,No addition,No addition,No transfection,Total Pol II (F12),Goat anti-mouse Alexa647,3786,250825_mACmChPOLR2A_ARMC5
220,N04,964.5505940565004,150.41183170024217,263.39101874392526,356.43970717645243,1512.030241935484,HCT116,No addition,No addition,No transfection,Total Pol II (F12),Goat anti-mouse Alexa647,4960,250825_mACmChPOLR2A_ARMC5
221,N05,998.0509859458571,150.3283607299657,260.5708760715428,349.9406049923381,1502.2550623849459,HCT116,No addition,No addition,No transfection,Total Pol II (F12),Goat anti-mouse Alexa647,4889,250825_mACmChPOLR2A_ARMC5
222,N06,1018.4123843779938,151.3039624327581,263.5873427747558,364.09268282582025,1438.7420571882446,HCT116,No addition,No addition,No transfection,Total Pol II (F12),Goat anti-mouse Alexa647,5036,250825_mACmChPOLR2A_ARMC5
223,N07,982.2451381676623,149.63632346956248,254.69826264789353,347.4208003854471,1521.8952221290863,HCT116,No addition,No addition,No transfection,Total Pol II (F12),Goat anti-mouse Alexa647,4772,250825_mACmChPOLR2A_ARMC5
224,N08,1000.2191588629629,150.05031845571096,255.55852524508123,352.8201347995655,1536.5525437864887,HCT116,No addition,No addition,No transfection,Total Pol II (F12),Goat anti-mouse Alexa647,4796,250825_mACmChPOLR2A_ARMC5
225,N09,1009.2485188414227,149.55588212152438,254.91500335985526,354.795112192437,1560.6955426844625,HCT116,No addition,No addition,No transfection,Total Pol II (F12),Goat anti-mouse Alexa647,3971,250825_mACmChPOLR2A_ARMC5
226,N10,1031.05700249577,150.56674967351518,256.7704754134356,358.803273087277,1495.1126663607158,HCT116,No addition,No addition,No transfection,Total Pol II (F12),Goat anti-mouse Alexa647,4358,250825_mACmChPOLR2A_ARMC5
227,N11,1023.1278042319377,150.59083781834084,257.507510249409,356.77655021854144,1446.77414524582,HCT116,No addition,No addition,No transfection,Total Pol II (F12),Goat anti-mouse Alexa647,4007,250825_mACmChPOLR2A_ARMC5
228,N12,1002.7300174572903,149.2830617164999,255.14068339749733,343.1983258141955,1517.9469141130774,HCT116,No addition,No addition,No transfection,Total Pol II (F12),Goat anti-mouse Alexa647,4634,250825_mACmChPOLR2A_ARMC5
229,N13,1066.726416079033,150.41163844838894,257.04420519506306,359.544852817586,1486.1786219915055,HCT116,No addition,No addition,No transfection,Total Pol II (F12),Goat anti-mouse Alexa647,4238,250825_mACmChPOLR2A_ARMC5
230,N14,1051.3708900550425,150.7353088181799,254.25339095517472,369.60676259041,1566.9408174097664,HCT116,No addition,No addition,No transfection,Total Pol II (F12),Goat anti-mouse Alexa647,3768,250825_mACmChPOLR2A_ARMC5
231,N15,1026.9257982584647,151.2474002041855,257.09586658810866,374.0146647483215,1525.3994783742664,HCT116,No addition,No addition,No transfection,Total Pol II (F12),Goat anti-mouse Alexa647,4601,250825_mACmChPOLR2A_ARMC5
232,N16,1055.7947774387806,150.92194301803295,253.58618510009697,368.17899062486697,1494.315586914689,HCT116,No addition,No addition,No transfection,Total Pol II (F12),Goat anti-mouse Alexa647,4677,250825_mACmChPOLR2A_ARMC5
233,N17,1016.4824851314007,150.50000787417946,253.3957832170414,366.5608206461509,1480.1245872771296,HCT116,No addition,No addition,No transfection,Total Pol II (F12),Goat anti-mouse Alexa647,4543,250825_mACmChPOLR2A_ARMC5
234,N18,979.9402686517087,149.16663332019357,251.07446623956355,346.5605190159496,1507.0804725813643,HCT116,No addition,No addition,No transfection,Total Pol II (F12),Goat anti-mouse Alexa647,4486,250825_mACmChPOLR2A_ARMC5
235,N19,1059.3667688066664,149.49901345264135,249.6045018902957,365.2436860381706,1471.9875681570338,HCT116,No addition,No addition,No transfection,Total Pol II (F12),Goat anti-mouse Alexa647,4585,250825_mACmChPOLR2A_ARMC5
236,N20,168.7388218670264,148.7703574007183,249.62263097097454,366.37484613780794,1458.2839730290457,HCT116,No addition,No addition,No transfection,No primary,Goat anti-mouse Alexa647,3856,250825_mACmChPOLR2A_ARMC5
237,N21,940.7859733523935,148.39725387300857,246.68602706071263,355.54682000887277,1465.704746250257,HCT116,No addition,No addition,No transfection,Total Pol II (F12),Goat anti-mouse Alexa647,4867,250825_mACmChPOLR2A_ARMC5
238,N22,169.28134490048572,147.57655504614962,244.75466953644633,353.9094127274841,1542.1116228664318,HCT116,No addition,No addition,No transfection,No primary,Goat anti-mouse Alexa647,3691,250825_mACmChPOLR2A_ARMC5
