,WELL,IF_647_Intensity,RFP_561_Intensity,GFP_488_Intensity,DAPI_Intensity,NucleusArea,CELL,DRUG,DRUG TIME MINUTES,PRIMARY,SECONDARY,TotalNumberCells,EXPERIMENT,IF_647_Intensity_BGS,IF_647_Intensity_FC
16,D04,406.7166395689619,163.89645001588406,340.1116209651729,461.2755933586859,1588.4562937062938,HCT116 OsTIRF74G mAC/mCh-POLR2A Clone 1,Vehicle,90,Total Pol II F12,Goat anti-mouse Alexa647,572,250324_mACmChPOLR2A_90min_IF,279.5254409898009,1.0241530884061016
17,D05,337.75942118728983,166.790322654086,226.4391596715177,461.13560863258215,1691.7421602787456,HCT116 OsTIRF74G mAC/mCh-POLR2A Clone 1,10 µM 5PhIAA,90,Total Pol II F12,Goat anti-mouse Alexa647,574,250324_mACmChPOLR2A_90min_IF,210.56822260812888,0.7715007791085724
18,D06,402.3233841497925,164.39456587557507,333.5257787896736,467.26942941009884,1684.3369304556354,HCT116 OsTIRF74G mAC/mCh-POLR2A Clone 1,Vehicle,90,Total Pol II F12,Goat anti-mouse Alexa647,834,250324_mACmChPOLR2A_90min_IF,275.1321855706316,1.0080566426236826
19,D07,342.3765031931828,168.35915008747816,225.12150677109483,494.0565001233635,1657.6517357222845,HCT116 OsTIRF74G mAC/mCh-POLR2A Clone 1,10 µM 5PhIAA,90,Total Pol II F12,Goat anti-mouse Alexa647,893,250324_mACmChPOLR2A_90min_IF,215.18530461402187,0.7884173029820901
20,D08,381.8661853061513,163.24081916667797,329.13096119999074,465.80136882626306,1667.1997533908755,HCT116 OsTIRF74G mAC/mCh-POLR2A Clone 1,Vehicle,90,Total Pol II F12,Goat anti-mouse Alexa647,811,250324_mACmChPOLR2A_90min_IF,254.67498672699034,0.9331035245759504
21,D09,327.5800752831093,165.54843750487336,222.82953232785957,476.1708605884161,1690.857908847185,HCT116 OsTIRF74G mAC/mCh-POLR2A Clone 1,10 µM 5PhIAA,90,Total Pol II F12,Goat anti-mouse Alexa647,1119,250324_mACmChPOLR2A_90min_IF,200.38887670394834,0.734204680017181
22,D10,417.42865306364206,164.5029566467473,328.97112411934154,474.1524809354528,1596.9828393135726,HCT116 OsTIRF74G mAC/mCh-POLR2A Clone 1,Vehicle,90,Total Pol II F12,Goat anti-mouse Alexa647,641,250324_mACmChPOLR2A_90min_IF,290.2374544844811,1.0634008279491538
23,D11,332.16499647568594,165.99147610388036,223.8609246616573,468.5647448423893,1674.7848258706467,HCT116 OsTIRF74G mAC/mCh-POLR2A Clone 1,10 µM 5PhIAA,90,Total Pol II F12,Goat anti-mouse Alexa647,804,250324_mACmChPOLR2A_90min_IF,204.97379789652499,0.7510033699069047
24,D12,400.5485052884231,164.82650950141417,331.2317716129627,470.2399337397452,1789.2472527472528,HCT116 OsTIRF74G mAC/mCh-POLR2A Clone 1,Vehicle,90,Total Pol II F12,Goat anti-mouse Alexa647,1092,250324_mACmChPOLR2A_90min_IF,273.35730670926216,1.001553665073655
25,D13,330.6905729864948,167.66821345684627,224.65952182335846,496.0292841346848,1702.1997991967871,HCT116 OsTIRF74G mAC/mCh-POLR2A Clone 1,10 µM 5PhIAA,90,Total Pol II F12,Goat anti-mouse Alexa647,996,250324_mACmChPOLR2A_90min_IF,203.49937440733382,0.7456012306070736
26,D14,391.8633831140914,163.95056737871266,329.4179811169357,465.5205622540262,1673.1452095808384,HCT116 OsTIRF74G mAC/mCh-POLR2A Clone 1,Vehicle,90,Total Pol II F12,Goat anti-mouse Alexa647,668,250324_mACmChPOLR2A_90min_IF,264.67218453493047,0.9697322513714558
27,D15,322.5040873879201,165.0972903551984,219.3964349872021,471.0243575510545,1565.6357340720222,HCT116 OsTIRF74G mAC/mCh-POLR2A Clone 1,10 µM 5PhIAA,90,Total Pol II F12,Goat anti-mouse Alexa647,722,250324_mACmChPOLR2A_90min_IF,195.31288880875914,0.7156067711429054
31,E04,445.3920288113509,162.76108255664784,330.1801575196128,444.2672670477728,1672.972515856237,HCT116 OsTIRF74G mAC/mCh-POLR2A Clone 1,Vehicle,90,CDK7,Goat anti-mouse Alexa647,473,250324_mACmChPOLR2A_90min_IF,318.2008302321899,1.0426441701777076
32,E05,429.0098858733806,166.0015911188475,228.06859991725818,464.6053444067681,1679.2295597484276,HCT116 OsTIRF74G mAC/mCh-POLR2A Clone 1,10 µM 5PhIAA,90,CDK7,Goat anti-mouse Alexa647,954,250324_mACmChPOLR2A_90min_IF,301.81868729421967,0.9889650335870556
33,E06,425.122081820182,163.92919686672943,328.7656399453882,465.06342485831755,1675.0846824408468,HCT116 OsTIRF74G mAC/mCh-POLR2A Clone 1,Vehicle,90,CDK7,Goat anti-mouse Alexa647,803,250324_mACmChPOLR2A_90min_IF,297.9308832410211,0.9762259209081136
34,E07,454.91523092008094,166.84692359481141,223.0849168570762,480.50924030365405,1683.5116918844567,HCT116 OsTIRF74G mAC/mCh-POLR2A Clone 1,10 µM 5PhIAA,90,CDK7,Goat anti-mouse Alexa647,727,250324_mACmChPOLR2A_90min_IF,327.72403234091996,1.0738487121421205
35,E08,459.42437134878435,163.65490545024687,329.11552010465647,471.623360643251,1647.6124837451234,HCT116 OsTIRF74G mAC/mCh-POLR2A Clone 1,Vehicle,90,CDK7,Goat anti-mouse Alexa647,769,250324_mACmChPOLR2A_90min_IF,332.23317276962337,1.0886237489547825
36,E09,436.07633074987586,164.21066367678583,218.85706988623485,474.1022410695868,1685.5698560541914,HCT116 OsTIRF74G mAC/mCh-POLR2A Clone 1,10 µM 5PhIAA,90,CDK7,Goat anti-mouse Alexa647,1181,250324_mACmChPOLR2A_90min_IF,308.8851321707149,1.0121195537967722
37,E10,411.395100197464,162.91720781103058,324.5192345569052,468.42753086344504,1823.7930693069306,HCT116 OsTIRF74G mAC/mCh-POLR2A Clone 1,Vehicle,90,CDK7,Goat anti-mouse Alexa647,1010,250324_mACmChPOLR2A_90min_IF,284.203901618303,0.9312469139312309
38,E11,424.83575726660047,164.91955198453232,222.5088522360715,467.7694104283903,1709.062437059416,HCT116 OsTIRF74G mAC/mCh-POLR2A Clone 1,10 µM 5PhIAA,90,CDK7,Goat anti-mouse Alexa647,993,250324_mACmChPOLR2A_90min_IF,297.6445586874395,0.9752877252838195
39,E12,420.80883007378907,164.66040914396856,332.30280716891417,477.8310899184504,1605.3994878361075,HCT116 OsTIRF74G mAC/mCh-POLR2A Clone 1,Vehicle,90,CDK7,Goat anti-mouse Alexa647,781,250324_mACmChPOLR2A_90min_IF,293.6176314946281,0.9620927497765238
40,E13,419.93688322169584,166.27412259267234,221.9010699256311,476.2572155230451,1659.2369098712447,HCT116 OsTIRF74G mAC/mCh-POLR2A Clone 1,10 µM 5PhIAA,90,CDK7,Goat anti-mouse Alexa647,1165,250324_mACmChPOLR2A_90min_IF,292.7456846425349,0.9592356538306196
41,E14,432.1232336312265,165.23745907394456,336.41923315418,477.53852138963583,1721.8968335035752,HCT116 OsTIRF74G mAC/mCh-POLR2A Clone 1,Vehicle,90,CDK7,Goat anti-mouse Alexa647,979,250324_mACmChPOLR2A_90min_IF,304.93203505206554,0.9991664962516412
42,E15,393.1201960851194,163.4782654108548,217.589593163095,450.1128978493071,1681.5080875356803,HCT116 OsTIRF74G mAC/mCh-POLR2A Clone 1,10 µM 5PhIAA,90,CDK7,Goat anti-mouse Alexa647,1051,250324_mACmChPOLR2A_90min_IF,265.9289975059585,0.871365793509927
46,F04,475.9707399606152,164.74602335797735,335.80720296627766,458.4395248384933,1662.976811594203,HCT116 OsTIRF74G mAC/mCh-POLR2A Clone 1,Vehicle,90,pSer2 3E10,Goat anti-rat Alexa647,345,250324_mACmChPOLR2A_90min_IF,348.77954138145424,1.0862668444967614
47,F05,482.7154043686363,168.37188199550158,224.19894491389888,479.8259379762387,1632.016393442623,HCT116 OsTIRF74G mAC/mCh-POLR2A Clone 1,10 µM 5PhIAA,90,pSer2 3E10,Goat anti-rat Alexa647,610,250324_mACmChPOLR2A_90min_IF,355.52420578947533,1.1072729657121048
48,F06,451.41904924056803,166.3255428192221,334.3927546943893,495.94271745196085,1728.4915254237287,HCT116 OsTIRF74G mAC/mCh-POLR2A Clone 1,Vehicle,90,pSer2 3E10,Goat anti-rat Alexa647,944,250324_mACmChPOLR2A_90min_IF,324.22785066140705,1.009801099115332
49,F07,432.36577725182224,165.28590262449003,217.19091597500832,486.9298491047585,1770.9600760456274,HCT116 OsTIRF74G mAC/mCh-POLR2A Clone 1,10 µM 5PhIAA,90,pSer2 3E10,Goat anti-rat Alexa647,1052,250324_mACmChPOLR2A_90min_IF,305.17457867266126,0.9504600679339257
50,F08,460.0434462117136,164.84630095140818,326.52946924032557,480.50534827914163,1677.2634271099744,HCT116 OsTIRF74G mAC/mCh-POLR2A Clone 1,Vehicle,90,pSer2 3E10,Goat anti-rat Alexa647,782,250324_mACmChPOLR2A_90min_IF,332.8522476325527,1.0366616094721814
51,F09,441.2517834262853,165.4277221514995,218.27516091060224,485.02243412726125,1722.2389140271493,HCT116 OsTIRF74G mAC/mCh-POLR2A Clone 1,10 µM 5PhIAA,90,pSer2 3E10,Goat anti-rat Alexa647,1105,250324_mACmChPOLR2A_90min_IF,314.06058484712435,0.9781353548761603
52,F10,433.40853956777465,162.93880439137024,320.2008519371941,478.0122956253404,1733.0767575322811,HCT116 OsTIRF74G mAC/mCh-POLR2A Clone 1,Vehicle,90,pSer2 3E10,Goat anti-rat Alexa647,1394,250324_mACmChPOLR2A_90min_IF,306.2173409886137,0.9537077301277095
53,F11,427.9562136399127,165.28610384427188,215.05557188747494,482.0225650663818,1730.1020599250937,HCT116 OsTIRF74G mAC/mCh-POLR2A Clone 1,10 µM 5PhIAA,90,pSer2 3E10,Goat anti-rat Alexa647,1068,250324_mACmChPOLR2A_90min_IF,300.7650150607517,0.9367265710340085
54,F12,431.35669410837056,161.39642698362383,320.7755858060658,454.2652163072582,1719.5886462882097,HCT116 OsTIRF74G mAC/mCh-POLR2A Clone 1,Vehicle,90,pSer2 3E10,Goat anti-rat Alexa647,1145,250324_mACmChPOLR2A_90min_IF,304.1654955292096,0.9473172988433691
55,F13,436.8256814553261,167.09350195061486,218.98282895626028,494.756676153593,1634.6939619520265,HCT116 OsTIRF74G mAC/mCh-POLR2A Clone 1,10 µM 5PhIAA,90,pSer2 3E10,Goat anti-rat Alexa647,1209,250324_mACmChPOLR2A_90min_IF,309.6344828761652,0.9643503495906687
56,F14,437.4341517172466,164.76096057213726,326.47388023555715,486.3737051498435,1738.0780303030303,HCT116 OsTIRF74G mAC/mCh-POLR2A Clone 1,Vehicle,90,pSer2 3E10,Goat anti-rat Alexa647,1320,250324_mACmChPOLR2A_90min_IF,310.2429531380857,0.9662454179446454
57,F15,426.94518587001704,164.93199557827344,216.054528698518,481.96684705958637,1723.9104,HCT116 OsTIRF74G mAC/mCh-POLR2A Clone 1,10 µM 5PhIAA,90,pSer2 3E10,Goat anti-rat Alexa647,1250,250324_mACmChPOLR2A_90min_IF,299.7539872908561,0.933577745443628
61,G04,1161.4288013068976,167.44546654488508,334.79969472873256,465.8074277673128,1670.1283422459894,HCT116 OsTIRF74G mAC/mCh-POLR2A Clone 1,Vehicle,90,pSer5 3E8,Goat anti-rat Alexa647,561,250324_mACmChPOLR2A_90min_IF,1034.2376027277367,1.06435346284604
62,G05,1003.764318835464,167.6704899339793,222.6167625494614,455.9767895272194,1655.535660091047,HCT116 OsTIRF74G mAC/mCh-POLR2A Clone 1,10 µM 5PhIAA,90,pSer5 3E8,Goat anti-rat Alexa647,659,250324_mACmChPOLR2A_90min_IF,876.573120256303,0.9020979642606967
63,G06,1136.9340750337346,166.15218333081776,337.9933152582775,459.5242563421483,1652.4901531728665,HCT116 OsTIRF74G mAC/mCh-POLR2A Clone 1,Vehicle,90,pSer5 3E8,Goat anti-rat Alexa647,457,250324_mACmChPOLR2A_90min_IF,1009.7428764545737,1.0391454771167006
64,G07,960.6089376637896,167.1691112283014,220.17238382518073,481.1675312435008,1682.8045540796963,HCT116 OsTIRF74G mAC/mCh-POLR2A Clone 1,10 µM 5PhIAA,90,pSer5 3E8,Goat anti-rat Alexa647,1054,250324_mACmChPOLR2A_90min_IF,833.4177390846286,0.8576859459107854
65,G08,1140.2148697941059,165.29069366518218,327.9653069686393,458.93735256605254,1729.460927152318,HCT116 OsTIRF74G mAC/mCh-POLR2A Clone 1,Vehicle,90,pSer5 3E8,Goat anti-rat Alexa647,755,250324_mACmChPOLR2A_90min_IF,1013.0236712149449,1.0425218050077758
66,G09,985.069766127759,165.3283213124941,216.08180146436513,474.50143850702403,1653.2264779350542,HCT116 OsTIRF74G mAC/mCh-POLR2A Clone 1,10 µM 5PhIAA,90,pSer5 3E8,Goat anti-rat Alexa647,1201,250324_mACmChPOLR2A_90min_IF,857.878567548598,0.8828590467640547
67,G10,1047.5830889882532,163.4801255182504,320.79569478787715,469.50175599262315,1707.2434709351305,HCT116 OsTIRF74G mAC/mCh-POLR2A Clone 1,Vehicle,90,pSer5 3E8,Goat anti-rat Alexa647,1187,250324_mACmChPOLR2A_90min_IF,920.3918904090922,0.9471926887483475
68,G11,974.5212790336692,167.1394660659834,213.6230314733898,466.8062791608416,1638.8701622971287,HCT116 OsTIRF74G mAC/mCh-POLR2A Clone 1,10 µM 5PhIAA,90,pSer5 3E8,Goat anti-rat Alexa647,801,250324_mACmChPOLR2A_90min_IF,847.3300804545082,0.87200339934148
69,G12,1060.2818169613556,163.48358372153908,321.62463584127977,465.34654452055855,1796.0215311004786,HCT116 OsTIRF74G mAC/mCh-POLR2A Clone 1,Vehicle,90,pSer5 3E8,Goat anti-rat Alexa647,1254,250324_mACmChPOLR2A_90min_IF,933.0906183821946,0.9602611896965475
70,G13,957.6813004183194,168.13822037254408,217.12920732121262,487.95998396069865,1697.817157712305,HCT116 OsTIRF74G mAC/mCh-POLR2A Clone 1,10 µM 5PhIAA,90,pSer5 3E8,Goat anti-rat Alexa647,1154,250324_mACmChPOLR2A_90min_IF,830.4901018391585,0.8546730590925583
71,G14,1046.9346584089305,166.82678041599448,332.95173918908705,486.12845109671247,1671.9205298013244,HCT116 OsTIRF74G mAC/mCh-POLR2A Clone 1,Vehicle,90,pSer5 3E8,Goat anti-rat Alexa647,1208,250324_mACmChPOLR2A_90min_IF,919.7434598297696,0.9465253765845885
72,G15,953.9417848816931,166.4033913305267,219.80262160840778,473.8998546145857,1683.8562367864693,HCT116 OsTIRF74G mAC/mCh-POLR2A Clone 1,10 µM 5PhIAA,90,pSer5 3E8,Goat anti-rat Alexa647,946,250324_mACmChPOLR2A_90min_IF,826.7505863025322,0.8508246529813539
76,H04,184.34871501342255,160.91840473707683,326.44323704101276,441.23439284324905,1735.473381294964,HCT116 OsTIRF74G mAC/mCh-POLR2A Clone 1,Vehicle,90,CDK9,Goat anti-rabbit Alexa647,695,250324_mACmChPOLR2A_90min_IF,57.157516434261595,1.0412820752296899
77,H05,182.57357840830238,163.53048608028985,221.86980030523412,466.23749396555,1639.1680876979294,HCT116 OsTIRF74G mAC/mCh-POLR2A Clone 1,10 µM 5PhIAA,90,CDK9,Goat anti-rabbit Alexa647,821,250324_mACmChPOLR2A_90min_IF,55.38237982914143,1.008943057663704
78,H06,176.8848947390228,160.9397500215765,324.4704869844906,460.43039279561265,1671.8657465495608,HCT116 OsTIRF74G mAC/mCh-POLR2A Clone 1,Vehicle,90,CDK9,Goat anti-rabbit Alexa647,797,250324_mACmChPOLR2A_90min_IF,49.693696159861844,0.9053079680725475
79,H07,185.47927909658284,163.5423041102244,219.33236468880105,465.53130779601156,1686.3092105263158,HCT116 OsTIRF74G mAC/mCh-POLR2A Clone 1,10 µM 5PhIAA,90,CDK9,Goat anti-rabbit Alexa647,1216,250324_mACmChPOLR2A_90min_IF,58.28808051742189,1.0618784234990775
80,H08,181.02400004681286,160.61424489287364,321.03340305528076,460.36133121774134,1753.5566207309766,HCT116 OsTIRF74G mAC/mCh-POLR2A Clone 1,Vehicle,90,CDK9,Goat anti-rabbit Alexa647,1669,250324_mACmChPOLR2A_90min_IF,53.832801467651905,0.9807132066722141
81,H09,186.8331869478604,163.56022541905415,214.04216050846102,476.297558341164,1763.6346499102333,HCT116 OsTIRF74G mAC/mCh-POLR2A Clone 1,10 µM 5PhIAA,90,CDK9,Goat anti-rabbit Alexa647,1114,250324_mACmChPOLR2A_90min_IF,59.64198836869946,1.0865435955533869
82,H10,182.72586575953565,159.96902928897748,326.19112659328874,438.0770970132444,1717.2255067567567,HCT116 OsTIRF74G mAC/mCh-POLR2A Clone 1,Vehicle,90,CDK9,Goat anti-rabbit Alexa647,1184,250324_mACmChPOLR2A_90min_IF,55.5346671803747,1.0117173925021636
83,H11,189.10210235148182,162.892958822409,214.75208084321574,456.7166100117955,1714.7657841140528,HCT116 OsTIRF74G mAC/mCh-POLR2A Clone 1,10 µM 5PhIAA,90,CDK9,Goat anti-rabbit Alexa647,982,250324_mACmChPOLR2A_90min_IF,61.910903772320864,1.1278781581339843
84,H12,185.95962179160708,161.07555469738674,333.05833187820906,450.2056722175011,1561.630021141649,HCT116 OsTIRF74G mAC/mCh-POLR2A Clone 1,Vehicle,90,CDK9,Goat anti-rabbit Alexa647,946,250324_mACmChPOLR2A_90min_IF,58.76842321244612,1.0706291927679192
85,H13,184.46358054378595,160.201615593718,216.65526752442764,433.9498579949879,1715.0256111757858,HCT116 OsTIRF74G mAC/mCh-POLR2A Clone 1,10 µM 5PhIAA,90,CDK9,Goat anti-rabbit Alexa647,859,250324_mACmChPOLR2A_90min_IF,57.272381964625,1.0433746682129192
86,H14,181.5529869593151,159.75113953761544,322.5376685552455,448.6936704609021,1719.2464525765497,HCT116 OsTIRF74G mAC/mCh-POLR2A Clone 1,Vehicle,90,CDK9,Goat anti-rabbit Alexa647,1339,250324_mACmChPOLR2A_90min_IF,54.36178838015414,0.9903501647554644
87,H15,188.10885202693777,164.03719921848798,222.01487165724234,464.6383231622695,1624.9236220472442,HCT116 OsTIRF74G mAC/mCh-POLR2A Clone 1,10 µM 5PhIAA,90,CDK9,Goat anti-rabbit Alexa647,1270,250324_mACmChPOLR2A_90min_IF,60.917653447776814,1.109783359344864
91,I04,420.4599998959867,160.51003943742876,325.6968549702745,436.32852488784556,1684.0817174515234,HCT116 OsTIRF74G mAC/mCh-POLR2A Clone 1,Vehicle,90,Cyclin T1,Goat anti-rabbit Alexa647,722,250324_mACmChPOLR2A_90min_IF,293.2688013168257,1.0370231834975046
92,I05,400.8467822671238,161.76553750995012,218.97242147097364,436.2282778168751,1677.0618672665917,HCT116 OsTIRF74G mAC/mCh-POLR2A Clone 1,10 µM 5PhIAA,90,Cyclin T1,Goat anti-rabbit Alexa647,889,250324_mACmChPOLR2A_90min_IF,273.6555836879628,0.9676691939398506
93,I06,426.9183473073917,160.30365842821277,328.55322021830597,462.51580166565856,1658.032637075718,HCT116 OsTIRF74G mAC/mCh-POLR2A Clone 1,Vehicle,90,Cyclin T1,Goat anti-rabbit Alexa647,766,250324_mACmChPOLR2A_90min_IF,299.72714872823076,1.059860443931057
94,I07,392.90256900046876,160.66294491464333,215.9517693232804,439.66097791121894,1736.3141666666668,HCT116 OsTIRF74G mAC/mCh-POLR2A Clone 1,10 µM 5PhIAA,90,Cyclin T1,Goat anti-rabbit Alexa647,1200,250324_mACmChPOLR2A_90min_IF,265.71137042130783,0.9395777866876023
95,I08,382.7813147416921,158.2639603220805,316.25303307794957,447.3818116739523,1825.523349436393,HCT116 OsTIRF74G mAC/mCh-POLR2A Clone 1,Vehicle,90,Cyclin T1,Goat anti-rabbit Alexa647,1242,250324_mACmChPOLR2A_90min_IF,255.59011616253113,0.903788179114974
96,I09,380.83300740777986,159.3382873351064,215.19697227609151,445.41548102329995,1798.2266746411483,HCT116 OsTIRF74G mAC/mCh-POLR2A Clone 1,10 µM 5PhIAA,90,Cyclin T1,Goat anti-rabbit Alexa647,1672,250324_mACmChPOLR2A_90min_IF,253.6418088286189,0.8968988002762668
97,I10,406.2423958033024,161.76910819824738,324.45613750276834,469.35290013457427,1665.0063694267517,HCT116 OsTIRF74G mAC/mCh-POLR2A Clone 1,Vehicle,90,Cyclin T1,Goat anti-rabbit Alexa647,1256,250324_mACmChPOLR2A_90min_IF,279.05119722414145,0.9867485378764919
98,I11,362.23303511661777,160.82427987415082,214.38688698753782,449.92468097315634,1795.3007194244603,HCT116 OsTIRF74G mAC/mCh-POLR2A Clone 1,10 µM 5PhIAA,90,Cyclin T1,Goat anti-rabbit Alexa647,1390,250324_mACmChPOLR2A_90min_IF,235.04183653745682,0.8311277315784126
99,I12,405.3790783940407,163.9977724663003,337.80195004067184,483.850854964038,1590.942420681551,HCT116 OsTIRF74G mAC/mCh-POLR2A Clone 1,Vehicle,90,Cyclin T1,Goat anti-rabbit Alexa647,851,250324_mACmChPOLR2A_90min_IF,278.1878798148797,0.9836957748000872
100,I13,402.39432477485997,161.24574678694395,217.01307214998556,459.5297623226768,1739.860465116279,HCT116 OsTIRF74G mAC/mCh-POLR2A Clone 1,10 µM 5PhIAA,90,Cyclin T1,Goat anti-rabbit Alexa647,1075,250324_mACmChPOLR2A_90min_IF,275.20312619569904,0.9731414345967646
101,I14,418.15821572227105,161.45562338151169,328.3195388662654,467.91319015752805,1616.2657502863688,HCT116 OsTIRF74G mAC/mCh-POLR2A Clone 1,Vehicle,90,Cyclin T1,Goat anti-rabbit Alexa647,873,250324_mACmChPOLR2A_90min_IF,290.96701714311007,1.028883880779886
102,I15,390.6045884376797,162.55845201141028,216.9798823621168,455.21146516532093,1642.734375,HCT116 OsTIRF74G mAC/mCh-POLR2A Clone 1,10 µM 5PhIAA,90,Cyclin T1,Goat anti-rabbit Alexa647,960,250324_mACmChPOLR2A_90min_IF,263.4133898585187,0.9314519338585983
106,J04,621.6530235458133,161.1837067534304,332.72167398105285,428.6929350226482,1622.2918660287082,HCT116 OsTIRF74G mAC/mCh-POLR2A Clone 1,Vehicle,90,GTF2B,Goat anti-rabbit Alexa647,627,250324_mACmChPOLR2A_90min_IF,494.46182496665233,0.9967443703183965
107,J05,674.3324012865454,161.52841351185631,220.84921095497256,435.6267720801785,1666.8257425742574,HCT116 OsTIRF74G mAC/mCh-POLR2A Clone 1,10 µM 5PhIAA,90,GTF2B,Goat anti-rabbit Alexa647,1010,250324_mACmChPOLR2A_90min_IF,547.1412027073844,1.1029363360955162
108,J06,607.4573549378239,157.29771655607598,322.07563535779417,416.8413002781975,1745.2687038988408,HCT116 OsTIRF74G mAC/mCh-POLR2A Clone 1,Vehicle,90,GTF2B,Goat anti-rabbit Alexa647,949,250324_mACmChPOLR2A_90min_IF,480.2661563586629,0.9681285054457679
109,J07,645.0549958448112,159.47699595679185,219.05857691520498,431.3744938701346,1694.9628482972137,HCT116 OsTIRF74G mAC/mCh-POLR2A Clone 1,10 µM 5PhIAA,90,GTF2B,Goat anti-rabbit Alexa647,969,250324_mACmChPOLR2A_90min_IF,517.8637972656502,1.0439184552843013
110,J08,596.3031353046458,159.14675333068007,307.6550493646488,431.48343971557466,1716.6175548589342,HCT116 OsTIRF74G mAC/mCh-POLR2A Clone 1,Vehicle,90,GTF2B,Goat anti-rabbit Alexa647,957,250324_mACmChPOLR2A_90min_IF,469.11193672548484,0.9456436439998616
111,J09,617.2926675144846,157.51051425081246,217.32517926473307,421.4680379633058,1765.84243697479,HCT116 OsTIRF74G mAC/mCh-POLR2A Clone 1,10 µM 5PhIAA,90,GTF2B,Goat anti-rabbit Alexa647,952,250324_mACmChPOLR2A_90min_IF,490.1014689353236,0.9879546921119872
112,J10,610.4071299950926,158.81902378958483,323.93799475710983,446.36840759146804,1690.022198731501,HCT116 OsTIRF74G mAC/mCh-POLR2A Clone 1,Vehicle,90,GTF2B,Goat anti-rabbit Alexa647,946,250324_mACmChPOLR2A_90min_IF,483.21593141593166,0.9740747110648499
113,J11,661.5556967916839,160.96510329184406,218.30202789954055,435.76595494532944,1691.8899889989,HCT116 OsTIRF74G mAC/mCh-POLR2A Clone 1,10 µM 5PhIAA,90,GTF2B,Goat anti-rabbit Alexa647,909,250324_mACmChPOLR2A_90min_IF,534.3644982125229,1.077180842681371
114,J12,631.5566361710438,160.3216737475527,326.2292144851419,445.58622015986793,1674.7286295793758,HCT116 OsTIRF74G mAC/mCh-POLR2A Clone 1,Vehicle,90,GTF2B,Goat anti-rabbit Alexa647,737,250324_mACmChPOLR2A_90min_IF,504.3654375918828,1.0167082373584424
115,J13,704.0417763816642,161.71236176858898,218.62550033943364,439.16913180081673,1563.109271523179,HCT116 OsTIRF74G mAC/mCh-POLR2A Clone 1,10 µM 5PhIAA,90,GTF2B,Goat anti-rabbit Alexa647,604,250324_mACmChPOLR2A_90min_IF,576.8505778025033,1.1628249885182478
116,J14,672.2311167664005,159.8685927697177,329.4061867706606,438.1041201444102,1676.604086845466,HCT116 OsTIRF74G mAC/mCh-POLR2A Clone 1,Vehicle,90,GTF2B,Goat anti-rabbit Alexa647,783,250324_mACmChPOLR2A_90min_IF,545.0399181872396,1.0987005318126823
117,J15,696.1284296196584,160.7674551679715,219.24311819479925,429.24596292698806,1637.1787122207622,HCT116 OsTIRF74G mAC/mCh-POLR2A Clone 1,10 µM 5PhIAA,90,GTF2B,Goat anti-rabbit Alexa647,761,250324_mACmChPOLR2A_90min_IF,568.9372310404974,1.1468731325060295
16,D04,582.390398339264,131.94148254499663,231.7170828256279,335.9325678256738,1814.5410447761194,HCT116 OsTIRF74G mAC/mCh-POLR2A Clone 1,Vehicle,90,pSer5 3E8,Goat anti-rat Alexa647,2144,250510_mACmChPOLR2A_90min_IF,457.26276798770647,0.9949562514936746
17,D05,509.71017754223055,131.83645741610613,193.63334864060556,329.9138796967092,1823.7447368421053,HCT116 OsTIRF74G mAC/mCh-POLR2A Clone 1,10 µM 5PhIAA,90,pSer5 3E8,Goat anti-rat Alexa647,1900,250510_mACmChPOLR2A_90min_IF,384.582547190673,0.8368116460183974
18,D06,587.782126310903,132.02056309156035,237.36765565493025,342.2089059580182,1823.8670187229957,HCT116 OsTIRF74G mAC/mCh-POLR2A Clone 1,Vehicle,90,pSer5 3E8,Goat anti-rat Alexa647,2083,250510_mACmChPOLR2A_90min_IF,462.6544959593454,1.0066880910994735
19,D07,530.0296763469487,132.02508394760451,193.77518091650526,335.5629004180107,1764.3557422969188,HCT116 OsTIRF74G mAC/mCh-POLR2A Clone 1,10 µM 5PhIAA,90,pSer5 3E8,Goat anti-rat Alexa647,1785,250510_mACmChPOLR2A_90min_IF,404.9020459953911,0.8810247632418755
20,D08,569.9396561832287,131.37792904594252,231.7084291944592,335.13709708544303,1823.3552754435107,HCT116 OsTIRF74G mAC/mCh-POLR2A Clone 1,Vehicle,90,pSer5 3E8,Goat anti-rat Alexa647,2142,250510_mACmChPOLR2A_90min_IF,444.8120258316712,0.9678647307945386
21,D09,529.1468309901696,132.2336911693253,194.27159559380988,336.5382637891725,1774.607666290868,HCT116 OsTIRF74G mAC/mCh-POLR2A Clone 1,10 µM 5PhIAA,90,pSer5 3E8,Goat anti-rat Alexa647,1774,250510_mACmChPOLR2A_90min_IF,404.01920063861206,0.8791037835157215
22,D10,590.6162347447494,132.64903833962956,234.1271874987226,341.37156013746403,1854.2328111401218,HCT116 OsTIRF74G mAC/mCh-POLR2A Clone 1,Vehicle,90,pSer5 3E8,Goat anti-rat Alexa647,2298,250510_mACmChPOLR2A_90min_IF,465.4886043931918,1.0128548164510163
23,D11,527.0866299019452,132.45937643462176,194.63727008273727,333.7584080560832,1812.5949579831934,HCT116 OsTIRF74G mAC/mCh-POLR2A Clone 1,10 µM 5PhIAA,90,pSer5 3E8,Goat anti-rat Alexa647,1785,250510_mACmChPOLR2A_90min_IF,401.95899955038766,0.8746210001019665
24,D12,591.2445657362415,131.71252576661132,234.48205199225467,330.7497782826127,1791.1081081081081,HCT116 OsTIRF74G mAC/mCh-POLR2A Clone 1,Vehicle,90,pSer5 3E8,Goat anti-rat Alexa647,2368,250510_mACmChPOLR2A_90min_IF,466.1169353846839,1.0142219993746195
25,D13,523.4877450428974,132.79571591688952,196.99024630342197,342.23903245607704,1788.1452263558942,HCT116 OsTIRF74G mAC/mCh-POLR2A Clone 1,10 µM 5PhIAA,90,pSer5 3E8,Goat anti-rat Alexa647,2231,250510_mACmChPOLR2A_90min_IF,398.3601146913398,0.8667902007463281
26,D14,586.2774678920838,132.460940127847,231.57575276604769,339.108498473073,1780.7241730279898,HCT116 OsTIRF74G mAC/mCh-POLR2A Clone 1,Vehicle,90,pSer5 3E8,Goat anti-rat Alexa647,1965,250510_mACmChPOLR2A_90min_IF,461.1498375405262,1.0034141107866767
27,D15,550.057433536754,133.58799794428666,196.46199847156907,350.8679746878176,1802.7990115321252,HCT116 OsTIRF74G mAC/mCh-POLR2A Clone 1,10 µM 5PhIAA,90,pSer5 3E8,Goat anti-rat Alexa647,1821,250510_mACmChPOLR2A_90min_IF,424.9298031851965,0.924603081037323
31,E04,292.64296632287517,130.43021097559765,229.5374134316659,326.3797741022029,1811.417372881356,HCT116 OsTIRF74G mAC/mCh-POLR2A Clone 1,Vehicle,90,pSer2 3E10,Goat anti-rat Alexa647,1888,250510_mACmChPOLR2A_90min_IF,167.5153359713176,1.011862519018325
32,E05,289.3944863532078,131.4029449167574,194.20647244340512,335.6302776190674,1825.6013655462184,HCT116 OsTIRF74G mAC/mCh-POLR2A Clone 1,10 µM 5PhIAA,90,pSer2 3E10,Goat anti-rat Alexa647,1904,250510_mACmChPOLR2A_90min_IF,164.26685600165024,0.9922403446900535
33,E06,303.65791653278905,131.7414549985931,234.57208181127695,342.43415861925297,1788.458663646659,HCT116 OsTIRF74G mAC/mCh-POLR2A Clone 1,Vehicle,90,pSer2 3E10,Goat anti-rat Alexa647,1766,250510_mACmChPOLR2A_90min_IF,178.53028618123147,1.07839741387818
34,E07,286.2814293741435,131.70891110435971,195.4392861160282,332.9655395520454,1795.84944612286,HCT116 OsTIRF74G mAC/mCh-POLR2A Clone 1,10 µM 5PhIAA,90,pSer2 3E10,Goat anti-rat Alexa647,1986,250510_mACmChPOLR2A_90min_IF,161.15379902258593,0.9734361817253985
35,E08,278.0155869815319,131.7245125257734,235.0821549073795,332.7702263185387,1827.743670886076,HCT116 OsTIRF74G mAC/mCh-POLR2A Clone 1,Vehicle,90,pSer2 3E10,Goat anti-rat Alexa647,2212,250510_mACmChPOLR2A_90min_IF,152.88795662997433,0.9235070450484525
36,E09,280.0334292581536,131.0766744307334,194.87117246824008,325.30538130273555,1843.9648326715826,HCT116 OsTIRF74G mAC/mCh-POLR2A Clone 1,10 µM 5PhIAA,90,pSer2 3E10,Goat anti-rat Alexa647,1763,250510_mACmChPOLR2A_90min_IF,154.90579890659603,0.9356956542713938
37,E10,286.162841843841,131.4134215661385,236.53094095976002,339.0792571840193,1841.811135857461,HCT116 OsTIRF74G mAC/mCh-POLR2A Clone 1,Vehicle,90,pSer2 3E10,Goat anti-rat Alexa647,2245,250510_mACmChPOLR2A_90min_IF,161.03521149228345,0.9727198635659878
38,E11,280.29558428666473,131.707975960329,194.72730320133562,335.60142844200186,1861.8139145012574,HCT116 OsTIRF74G mAC/mCh-POLR2A Clone 1,10 µM 5PhIAA,90,pSer2 3E10,Goat anti-rat Alexa647,2386,250510_mACmChPOLR2A_90min_IF,155.16795393510716,0.937279180018362
39,E12,293.25960306540486,132.36699336065027,237.8742653029902,343.37762579356666,1783.6769953051644,HCT116 OsTIRF74G mAC/mCh-POLR2A Clone 1,Vehicle,90,pSer2 3E10,Goat anti-rat Alexa647,2130,250510_mACmChPOLR2A_90min_IF,168.1319727138473,1.0155872622127164
40,E13,291.8479124479105,132.86685333720348,196.3598650826201,343.24913450984144,1794.0856269113149,HCT116 OsTIRF74G mAC/mCh-POLR2A Clone 1,10 µM 5PhIAA,90,pSer2 3E10,Goat anti-rat Alexa647,2289,250510_mACmChPOLR2A_90min_IF,166.72028209635295,1.0070600619058925
41,E14,290.33573782389436,131.42398237244652,234.19261436894666,332.61707809469357,1803.6291841004183,HCT116 OsTIRF74G mAC/mCh-POLR2A Clone 1,Vehicle,90,pSer2 3E10,Goat anti-rat Alexa647,1912,250510_mACmChPOLR2A_90min_IF,165.2081074723368,0.9979258962763373
42,E15,279.09304397077904,131.14063481334654,194.18347732610843,324.74781703130986,1807.6885701064323,HCT116 OsTIRF74G mAC/mCh-POLR2A Clone 1,10 µM 5PhIAA,90,pSer2 3E10,Goat anti-rat Alexa647,2161,250510_mACmChPOLR2A_90min_IF,153.96541361922147,0.9300153347936982
46,F04,260.7379330428412,130.3481921000083,236.1649472716556,328.7985887114517,1909.7451433857539,HCT116 OsTIRF74G mAC/mCh-POLR2A Clone 1,Vehicle,90,Total Pol II F12,Goat anti-mouse Alexa647,2162,250510_mACmChPOLR2A_90min_IF,135.6103026912836,0.988501474354019
47,F05,224.5786402059842,130.89522795700822,194.30831311032836,327.41470163617663,1871.387254901961,HCT116 OsTIRF74G mAC/mCh-POLR2A Clone 1,10 µM 5PhIAA,90,Total Pol II F12,Goat anti-mouse Alexa647,2244,250510_mACmChPOLR2A_90min_IF,99.45100985442663,0.7249262623570233
48,F06,258.3427178796365,131.19941448476519,235.08428401924172,339.6570378642189,1894.9444695259594,HCT116 OsTIRF74G mAC/mCh-POLR2A Clone 1,Vehicle,90,Total Pol II F12,Goat anti-mouse Alexa647,2215,250510_mACmChPOLR2A_90min_IF,133.21508752807893,0.9710420802428434
49,F07,225.26604323671535,131.5516996922764,196.17855524636082,336.170626725564,1873.614973262032,HCT116 OsTIRF74G mAC/mCh-POLR2A Clone 1,10 µM 5PhIAA,90,Total Pol II F12,Goat anti-mouse Alexa647,2244,250510_mACmChPOLR2A_90min_IF,100.13841288515779,0.729936935557127
50,F08,264.3112614869068,130.78641943162802,234.45798150778762,330.38888585767404,1844.5827848101267,HCT116 OsTIRF74G mAC/mCh-POLR2A Clone 1,Vehicle,90,Total Pol II F12,Goat anti-mouse Alexa647,1975,250510_mACmChPOLR2A_90min_IF,139.18363113534923,1.0145484661032458
51,F09,222.05729235635795,131.73148563598085,196.65216873394334,335.86557464399897,1820.171921182266,HCT116 OsTIRF74G mAC/mCh-POLR2A Clone 1,10 µM 5PhIAA,90,Total Pol II F12,Goat anti-mouse Alexa647,2030,250510_mACmChPOLR2A_90min_IF,96.92966200480039,0.7065474517707162
52,F10,266.1955446347816,130.85295533563112,234.28676287030427,328.5757280940612,1815.9502487562188,HCT116 OsTIRF74G mAC/mCh-POLR2A Clone 1,Vehicle,90,Total Pol II F12,Goat anti-mouse Alexa647,2211,250510_mACmChPOLR2A_90min_IF,141.067914283224,1.0282835336667693
53,F11,231.73621446332942,131.854323708843,196.02449256195126,329.1017800637727,1805.0756180319922,HCT116 OsTIRF74G mAC/mCh-POLR2A Clone 1,10 µM 5PhIAA,90,Total Pol II F12,Goat anti-mouse Alexa647,2063,250510_mACmChPOLR2A_90min_IF,106.60858411177186,0.7770998256171169
54,F12,263.66078746882545,130.67750959869213,232.85469907376233,317.36001862956954,1868.980714957667,HCT116 OsTIRF74G mAC/mCh-POLR2A Clone 1,Vehicle,90,Total Pol II F12,Goat anti-mouse Alexa647,2126,250510_mACmChPOLR2A_90min_IF,138.53315711726788,1.0098069788184179
55,F13,227.77492536657803,132.82443299591614,198.24483066511317,349.5928742326946,1782.017578125,HCT116 OsTIRF74G mAC/mCh-POLR2A Clone 1,10 µM 5PhIAA,90,Total Pol II F12,Goat anti-mouse Alexa647,2048,250510_mACmChPOLR2A_90min_IF,102.64729501502048,0.7482248800210185
56,F14,260.64409558092933,131.42302985369344,234.0561264281608,327.20348914122656,1854.403474903475,HCT116 OsTIRF74G mAC/mCh-POLR2A Clone 1,Vehicle,90,Total Pol II F12,Goat anti-mouse Alexa647,2072,250510_mACmChPOLR2A_90min_IF,135.51646522937176,0.987817466814705
57,F15,226.71453318364897,132.63465755464185,198.39992502628232,344.5572240806509,1833.738621586476,HCT116 OsTIRF74G mAC/mCh-POLR2A Clone 1,10 µM 5PhIAA,90,Total Pol II F12,Goat anti-mouse Alexa647,2307,250510_mACmChPOLR2A_90min_IF,101.58690283209141,0.740495384433909
61,G04,242.16457862028997,130.62236864323393,235.96940134539298,321.8981041477345,1811.3044758539459,HCT116 OsTIRF74G mAC/mCh-POLR2A Clone 1,Vehicle,90,CDK7,Goat anti-mouse Alexa647,1698,250510_mACmChPOLR2A_90min_IF,117.03694826873242,1.0391330581830165
62,G05,243.81624642493802,132.31622375492404,195.80975409026496,335.8818542114383,1796.944502074689,HCT116 OsTIRF74G mAC/mCh-POLR2A Clone 1,10 µM 5PhIAA,90,CDK7,Goat anti-mouse Alexa647,1928,250510_mACmChPOLR2A_90min_IF,118.68861607338046,1.0537976802731748
63,G06,234.9306250815978,132.25487145823953,236.77844369700722,337.50990980705836,1878.9192130598576,HCT116 OsTIRF74G mAC/mCh-POLR2A Clone 1,Vehicle,90,CDK7,Goat anti-mouse Alexa647,2389,250510_mACmChPOLR2A_90min_IF,109.80299473004025,0.9749051338000694
64,G07,244.83247861383157,132.24199344287277,195.43211383154522,335.2644819539066,1783.1416216216217,HCT116 OsTIRF74G mAC/mCh-POLR2A Clone 1,10 µM 5PhIAA,90,CDK7,Goat anti-mouse Alexa647,1850,250510_mACmChPOLR2A_90min_IF,119.70484826227401,1.0628204758765278
65,G08,240.65799196914617,131.2334611969365,231.78664058972296,326.76676004895086,1805.4890410958903,HCT116 OsTIRF74G mAC/mCh-POLR2A Clone 1,Vehicle,90,CDK7,Goat anti-mouse Alexa647,2190,250510_mACmChPOLR2A_90min_IF,115.53036161758861,1.025756564542512
66,G09,249.87994883795983,132.4545713965612,195.60174463677743,343.549319199176,1823.225927469779,HCT116 OsTIRF74G mAC/mCh-POLR2A Clone 1,10 µM 5PhIAA,90,CDK7,Goat anti-mouse Alexa647,2399,250510_mACmChPOLR2A_90min_IF,124.75231848640227,1.1076353249278112
67,G10,239.14519983145928,131.14253746990562,234.41132025725767,329.1383938941486,1878.5342407486175,HCT116 OsTIRF74G mAC/mCh-POLR2A Clone 1,Vehicle,90,CDK7,Goat anti-mouse Alexa647,2351,250510_mACmChPOLR2A_90min_IF,114.01756947990172,1.0123249744021035
68,G11,238.8179371701473,131.986936933572,194.85114511623084,325.4363213702642,1792.3792233988906,HCT116 OsTIRF74G mAC/mCh-POLR2A Clone 1,10 µM 5PhIAA,90,CDK7,Goat anti-mouse Alexa647,1983,250510_mACmChPOLR2A_90min_IF,113.69030681858975,1.0094193155045612
69,G12,232.58597011031742,131.4403615610689,232.90791865540314,332.47717381999905,1792.6648101265823,HCT116 OsTIRF74G mAC/mCh-POLR2A Clone 1,Vehicle,90,CDK7,Goat anti-mouse Alexa647,1975,250510_mACmChPOLR2A_90min_IF,107.45833975875986,0.9540877036916194
70,G13,237.5971673715941,131.05948742123707,194.12256442905723,321.390594716467,1806.5046094129063,HCT116 OsTIRF74G mAC/mCh-POLR2A Clone 1,10 µM 5PhIAA,90,CDK7,Goat anti-mouse Alexa647,2061,250510_mACmChPOLR2A_90min_IF,112.46953702003655,0.99858049688469
71,G14,237.05790544807385,131.85446437881149,234.95159575597543,334.84375512926346,1806.5306704707561,HCT116 OsTIRF74G mAC/mCh-POLR2A Clone 1,Vehicle,90,CDK7,Goat anti-mouse Alexa647,2103,250510_mACmChPOLR2A_90min_IF,111.9302750965163,0.9937925653806783
72,G15,236.9972927960256,132.01064862202585,195.66209577930616,326.0212323046146,1872.012733060482,HCT116 OsTIRF74G mAC/mCh-POLR2A Clone 1,10 µM 5PhIAA,90,CDK7,Goat anti-mouse Alexa647,2199,250510_mACmChPOLR2A_90min_IF,111.86966244446803,0.9932544053259332
76,H04,173.6161522788328,130.85329775786406,233.81361186024452,322.76283618568516,1828.421029082774,HCT116 OsTIRF74G mAC/mCh-POLR2A Clone 1,Vehicle,90,CDK9,Goat anti-rabbit Alexa647,2235,250510_mACmChPOLR2A_90min_IF,48.488521927275244,1.0437072709171822
77,H05,172.37590900552442,131.02043373534977,193.3783779419253,320.92314421824165,1845.1749876421156,HCT116 OsTIRF74G mAC/mCh-POLR2A Clone 1,10 µM 5PhIAA,90,CDK9,Goat anti-rabbit Alexa647,2023,250510_mACmChPOLR2A_90min_IF,47.248278653966864,1.0170112432675964
78,H06,170.55037039441288,131.85363359832243,235.62114081186476,336.9837261382544,1835.7964774951076,HCT116 OsTIRF74G mAC/mCh-POLR2A Clone 1,Vehicle,90,CDK9,Goat anti-rabbit Alexa647,2044,250510_mACmChPOLR2A_90min_IF,45.422740042855324,0.977716832012602
79,H07,172.37831938382507,131.37717841925962,193.0588014302342,328.43611816382645,1816.565811965812,HCT116 OsTIRF74G mAC/mCh-POLR2A Clone 1,10 µM 5PhIAA,90,CDK9,Goat anti-rabbit Alexa647,2340,250510_mACmChPOLR2A_90min_IF,47.250689032267516,1.0170631262547047
80,H08,169.520065338104,131.09701310363806,234.52607007964036,331.71509046463996,1841.8775790921595,HCT116 OsTIRF74G mAC/mCh-POLR2A Clone 1,Vehicle,90,CDK9,Goat anti-rabbit Alexa647,2181,250510_mACmChPOLR2A_90min_IF,44.392434986546434,0.9555396891385595
81,H09,173.34972188903774,131.76428665170803,195.93383797688068,332.0813183429898,1884.0312104597217,HCT116 OsTIRF74G mAC/mCh-POLR2A Clone 1,10 µM 5PhIAA,90,CDK9,Goat anti-rabbit Alexa647,2371,250510_mACmChPOLR2A_90min_IF,48.22209153748018,1.0379724016332827
82,H10,169.92483189007578,130.56522558055994,233.72396450577085,320.4450385524873,1842.4252445272473,HCT116 OsTIRF74G mAC/mCh-POLR2A Clone 1,Vehicle,90,CDK9,Goat anti-rabbit Alexa647,2147,250510_mACmChPOLR2A_90min_IF,44.79720153851822,0.9642522210229227
83,H11,174.30359640063878,131.93253560138254,195.16758272707128,323.6969783560908,1886.475231574708,HCT116 OsTIRF74G mAC/mCh-POLR2A Clone 1,10 µM 5PhIAA,90,CDK9,Goat anti-rabbit Alexa647,2483,250510_mACmChPOLR2A_90min_IF,49.175966049081225,1.0585043899003983
84,H12,172.57574840638054,130.7613391414182,234.23304234696505,318.6647029608833,1812.2564372044142,HCT116 OsTIRF74G mAC/mCh-POLR2A Clone 1,Vehicle,90,CDK9,Goat anti-rabbit Alexa647,1903,250510_mACmChPOLR2A_90min_IF,47.448118054822984,1.0213127527258985
85,H13,172.09150362775523,131.53466263113413,194.0766968088345,322.0050165944797,1856.8274021352313,HCT116 OsTIRF74G mAC/mCh-POLR2A Clone 1,10 µM 5PhIAA,90,CDK9,Goat anti-rabbit Alexa647,2248,250510_mACmChPOLR2A_90min_IF,46.963873276197674,1.0108894653938378
86,H14,173.32643866625352,132.66761752975935,232.32587796094035,338.55050963126115,1836.943949711891,HCT116 OsTIRF74G mAC/mCh-POLR2A Clone 1,Vehicle,90,CDK9,Goat anti-rabbit Alexa647,1909,250510_mACmChPOLR2A_90min_IF,48.19880831469597,1.0374712341828352
87,H15,172.91655788340114,132.3003827967703,195.36466267297723,334.1751821145868,1834.3246985261278,HCT116 OsTIRF74G mAC/mCh-POLR2A Clone 1,10 µM 5PhIAA,90,CDK9,Goat anti-rabbit Alexa647,2239,250510_mACmChPOLR2A_90min_IF,47.78892753184358,1.0286486193398032
91,I04,313.08545640638715,131.25167064904338,236.20037865044597,328.4576201646504,1817.6272189349113,HCT116 OsTIRF74G mAC/mCh-POLR2A Clone 1,Vehicle,90,Cyclin T1,Goat anti-rabbit Alexa647,1859,250510_mACmChPOLR2A_90min_IF,187.95782605482958,1.065617492016339
92,I05,318.28077577869493,131.39484742836112,195.32292083107006,325.7348731101364,1765.0590121872995,HCT116 OsTIRF74G mAC/mCh-POLR2A Clone 1,10 µM 5PhIAA,90,Cyclin T1,Goat anti-rabbit Alexa647,1559,250510_mACmChPOLR2A_90min_IF,193.15314542713736,1.0950720952959467
93,I06,306.8797777400032,130.77460445254334,235.1801015479011,322.99358311869537,1806.9495317377732,HCT116 OsTIRF74G mAC/mCh-POLR2A Clone 1,Vehicle,90,Cyclin T1,Goat anti-rabbit Alexa647,1922,250510_mACmChPOLR2A_90min_IF,181.75214738844562,1.030434707263326
94,I07,290.4117700468933,130.85752298874152,196.77776455827475,318.4182175650407,1828.276821192053,HCT116 OsTIRF74G mAC/mCh-POLR2A Clone 1,10 µM 5PhIAA,90,Cyclin T1,Goat anti-rabbit Alexa647,2265,250510_mACmChPOLR2A_90min_IF,165.28413969533574,0.9370701614778346
95,I08,291.86674371765264,130.94827046123618,235.45620219176345,324.8734223119494,1767.1114769520225,HCT116 OsTIRF74G mAC/mCh-POLR2A Clone 1,Vehicle,90,Cyclin T1,Goat anti-rabbit Alexa647,2126,250510_mACmChPOLR2A_90min_IF,166.73911336609507,0.9453190619175114
96,I09,289.0229578120762,131.2551747636763,195.80443460968675,321.69067288431665,1833.4695960940967,HCT116 OsTIRF74G mAC/mCh-POLR2A Clone 1,10 µM 5PhIAA,90,Cyclin T1,Goat anti-rabbit Alexa647,2253,250510_mACmChPOLR2A_90min_IF,163.89532746051862,0.9291963599894321
97,I10,302.50416253399857,131.60561340424303,238.28838941014072,327.4125445274254,1822.4043859649123,HCT116 OsTIRF74G mAC/mCh-POLR2A Clone 1,Vehicle,90,Cyclin T1,Goat anti-rabbit Alexa647,2280,250510_mACmChPOLR2A_90min_IF,177.376532182441,1.0056273757479517
98,I11,293.9539667530821,132.34696949545796,198.0285513272277,329.85792821607674,1880.3087907184292,HCT116 OsTIRF74G mAC/mCh-POLR2A Clone 1,10 µM 5PhIAA,90,Cyclin T1,Goat anti-rabbit Alexa647,2241,250510_mACmChPOLR2A_90min_IF,168.82633640152454,0.9571524685012004
99,I12,305.11984969999713,131.80826158943043,238.45066002161815,331.1362862905989,1781.0828544061303,HCT116 OsTIRF74G mAC/mCh-POLR2A Clone 1,Vehicle,90,Cyclin T1,Goat anti-rabbit Alexa647,2088,250510_mACmChPOLR2A_90min_IF,179.99221934843956,1.02045688328289
100,I13,282.8723594363458,131.60506482724,195.75624635506261,326.18352945928564,1814.0771985674492,HCT116 OsTIRF74G mAC/mCh-POLR2A Clone 1,10 µM 5PhIAA,90,Cyclin T1,Goat anti-rabbit Alexa647,2513,250510_mACmChPOLR2A_90min_IF,157.74472908478822,0.8943258501888257
101,I14,289.6135124157815,132.72584565854638,245.4283093536617,335.9541979819027,1737.5282208588958,HCT116 OsTIRF74G mAC/mCh-POLR2A Clone 1,Vehicle,90,Cyclin T1,Goat anti-rabbit Alexa647,1630,250510_mACmChPOLR2A_90min_IF,164.48588206422392,0.9325444797719814
102,I15,296.00570108807904,132.49487346312557,199.2606952469113,338.15722395074766,1786.3028901734103,HCT116 OsTIRF74G mAC/mCh-POLR2A Clone 1,10 µM 5PhIAA,90,Cyclin T1,Goat anti-rabbit Alexa647,1730,250510_mACmChPOLR2A_90min_IF,170.87807073652147,0.9687846736731491
106,J04,448.28839247654525,130.68731258742596,234.48544132220047,315.0616809724695,1836.7543859649122,HCT116 OsTIRF74G mAC/mCh-POLR2A Clone 1,Vehicle,90,GTF2B,Goat anti-rabbit Alexa647,1938,250510_mACmChPOLR2A_90min_IF,323.1607621249877,1.000891840876268
107,J05,469.41480878058917,131.62774986535555,197.4452295698207,325.31710816085314,1818.668181818182,HCT116 OsTIRF74G mAC/mCh-POLR2A Clone 1,10 µM 5PhIAA,90,GTF2B,Goat anti-rabbit Alexa647,1980,250510_mACmChPOLR2A_90min_IF,344.2871784290316,1.0663244681749207
108,J06,464.7576222632323,131.57323067928064,237.10821414934844,328.10946635415263,1769.0603496897913,HCT116 OsTIRF74G mAC/mCh-POLR2A Clone 1,Vehicle,90,GTF2B,Goat anti-rabbit Alexa647,1773,250510_mACmChPOLR2A_90min_IF,339.6299919116747,1.0519002541830667
109,J07,444.6419439881416,131.61166207479764,196.38142274613142,325.1643558474048,1833.9207746478874,HCT116 OsTIRF74G mAC/mCh-POLR2A Clone 1,10 µM 5PhIAA,90,GTF2B,Goat anti-rabbit Alexa647,2272,250510_mACmChPOLR2A_90min_IF,319.514313636584,0.989598079479557
110,J08,420.82780549380936,131.1702592391439,235.88588559420364,322.62919242844504,1846.8870241506345,HCT116 OsTIRF74G mAC/mCh-POLR2A Clone 1,Vehicle,90,GTF2B,Goat anti-rabbit Alexa647,2443,250510_mACmChPOLR2A_90min_IF,295.7001751422518,0.9158410529156209
111,J09,443.7551454434948,131.8207297203412,198.19306605425268,327.48759671514705,1850.5284360189573,HCT116 OsTIRF74G mAC/mCh-POLR2A Clone 1,10 µM 5PhIAA,90,GTF2B,Goat anti-rabbit Alexa647,2532,250510_mACmChPOLR2A_90min_IF,318.62751509193725,0.98685149161412
112,J10,441.9067594183931,130.4694332639414,234.27790815593784,313.6737836311671,1874.283446712018,HCT116 OsTIRF74G mAC/mCh-POLR2A Clone 1,Vehicle,90,GTF2B,Goat anti-rabbit Alexa647,2205,250510_mACmChPOLR2A_90min_IF,316.77912906683554,0.981126679978113
113,J11,450.9241982290333,132.419491611917,199.17265600119558,330.38851502156166,1827.6114800759012,HCT116 OsTIRF74G mAC/mCh-POLR2A Clone 1,10 µM 5PhIAA,90,GTF2B,Goat anti-rabbit Alexa647,2108,250510_mACmChPOLR2A_90min_IF,325.79656787747575,1.0090554448189386
114,J12,460.9985760874331,131.05140101870515,235.7892114390905,319.70210108052163,1881.210606060606,HCT116 OsTIRF74G mAC/mCh-POLR2A Clone 1,Vehicle,90,GTF2B,Goat anti-rabbit Alexa647,1980,250510_mACmChPOLR2A_90min_IF,335.8709457358755,1.0402577558113757
115,J13,457.3504991991195,132.32240614768807,195.6357092946181,329.21420024918257,1811.5486935866984,HCT116 OsTIRF74G mAC/mCh-POLR2A Clone 1,10 µM 5PhIAA,90,GTF2B,Goat anti-rabbit Alexa647,2105,250510_mACmChPOLR2A_90min_IF,332.2228688475619,1.028958950942887
116,J14,451.2234920959909,131.8829726431351,238.69656716801174,329.2711818208901,1811.3698689956332,HCT116 OsTIRF74G mAC/mCh-POLR2A Clone 1,Vehicle,90,GTF2B,Goat anti-rabbit Alexa647,2290,250510_mACmChPOLR2A_90min_IF,326.0958617444333,1.009982416235556
117,J15,416.74171828943025,131.37998871462403,198.01291194372965,323.35832515511623,1856.2210084033613,HCT116 OsTIRF74G mAC/mCh-POLR2A Clone 1,10 µM 5PhIAA,90,GTF2B,Goat anti-rabbit Alexa647,2380,250510_mACmChPOLR2A_90min_IF,291.6140879378727,0.9031856447618606
106,J04,199.28770781223125,129.87374713525244,179.5329495736747,256.9936856881329,1705.7212089630016,HCT116 OsTIRF74G mAC/mCh-POLR2A Clone 1,10 µM 5PhIAA,90,CDK9,Goat anti-rabbit Alexa647,1919,250523_mACmChPOLR2A_90min_IF,73.69760373865283,1.0671250649202262
107,J05,200.16563529535566,130.4565342129347,217.47392922467475,269.52582771247074,1682.1110572259943,HCT116 OsTIRF74G mAC/mCh-POLR2A Clone 1,Vehicle,90,CDK9,Goat anti-rabbit Alexa647,2062,250523_mACmChPOLR2A_90min_IF,74.57553122177724,1.0798372614489857
108,J06,198.3400265476512,129.94501632451323,181.1122713124907,262.4560862211144,1728.3045774647887,HCT116 OsTIRF74G mAC/mCh-POLR2A Clone 1,10 µM 5PhIAA,90,CDK9,Goat anti-rabbit Alexa647,2272,250523_mACmChPOLR2A_90min_IF,72.74992247407279,1.0534028490042935
109,J07,194.8471129505335,129.35315667152028,212.79074206389802,261.8535983595871,1750.0301665916254,HCT116 OsTIRF74G mAC/mCh-POLR2A Clone 1,Vehicle,90,CDK9,Goat anti-rabbit Alexa647,2221,250523_mACmChPOLR2A_90min_IF,69.25700887695508,1.002826229684308
110,J08,199.60986624572055,129.84368844071284,180.79015969025247,260.0390139666785,1760.4949333333334,HCT116 OsTIRF74G mAC/mCh-POLR2A Clone 1,10 µM 5PhIAA,90,CDK9,Goat anti-rabbit Alexa647,1875,250523_mACmChPOLR2A_90min_IF,74.01976217214214,1.0717898480585086
111,J09,192.01692956228766,128.68316435340753,211.29186421791394,254.0123365173509,1749.393203883495,HCT116 OsTIRF74G mAC/mCh-POLR2A Clone 1,Vehicle,90,CDK9,Goat anti-rabbit Alexa647,2266,250523_mACmChPOLR2A_90min_IF,66.42682548870924,0.9618457977746342
112,J10,197.9747331723477,130.2699327784697,181.11168232647154,264.556839302214,1684.704071969697,HCT116 OsTIRF74G mAC/mCh-POLR2A Clone 1,10 µM 5PhIAA,90,CDK9,Goat anti-rabbit Alexa647,2112,250523_mACmChPOLR2A_90min_IF,72.38462909876928,1.0481134814121251
113,J11,194.2948577597202,129.5389929062492,213.00886883307479,260.91975722929374,1751.0314029363785,HCT116 OsTIRF74G mAC/mCh-POLR2A Clone 1,Vehicle,90,CDK9,Goat anti-rabbit Alexa647,2452,250523_mACmChPOLR2A_90min_IF,68.70475368614179,0.9948296961953896
114,J12,199.23729454884574,129.79974616310707,180.60025356258024,258.1832808731619,1740.9564482029598,HCT116 OsTIRF74G mAC/mCh-POLR2A Clone 1,10 µM 5PhIAA,90,CDK9,Goat anti-rabbit Alexa647,2365,250523_mACmChPOLR2A_90min_IF,73.64719047526732,1.0663950919735634
115,J13,194.93954191644116,129.59105376974244,213.35990564918615,258.64900313224325,1741.8875,HCT116 OsTIRF74G mAC/mCh-POLR2A Clone 1,Vehicle,90,CDK9,Goat anti-rabbit Alexa647,2160,250523_mACmChPOLR2A_90min_IF,69.34943784286274,1.0041645807465012
116,J14,195.16490491847847,129.17282587140392,179.62216111804642,253.14486532020786,1737.404970760234,HCT116 OsTIRF74G mAC/mCh-POLR2A Clone 1,10 µM 5PhIAA,90,CDK9,Goat anti-rabbit Alexa647,2052,250523_mACmChPOLR2A_90min_IF,69.57480084490005,1.0074277873635373
117,J15,191.64749275154384,128.54963355988073,210.3904463241986,250.34976623339597,1766.3986697965572,HCT116 OsTIRF74G mAC/mCh-POLR2A Clone 1,Vehicle,90,CDK9,Goat anti-rabbit Alexa647,2556,250523_mACmChPOLR2A_90min_IF,66.05738867796542,0.9564964341501808
16,D04,673.6198496586322,129.79579759640788,179.1342256348783,269.1441843213254,1791.0473469387755,HCT116 OsTIRF74G mAC/mCh-POLR2A Clone 1,10 µM 5PhIAA,90,GTF2B,Goat anti-rabbit Alexa647,2450,250523_mACmChPOLR2A_90min_IF,548.0297455850538,1.0321046961442057
17,D05,653.0938982948256,128.57230594748066,208.5437560424798,261.1503402968081,1784.1444444444444,HCT116 OsTIRF74G mAC/mCh-POLR2A Clone 1,Vehicle,90,GTF2B,Goat anti-rabbit Alexa647,2610,250523_mACmChPOLR2A_90min_IF,527.5037942212472,0.9934481615927897
18,D06,659.2214028713638,129.72714076616666,178.75703477496404,269.8612985661024,1738.7227542179662,HCT116 OsTIRF74G mAC/mCh-POLR2A Clone 1,10 µM 5PhIAA,90,GTF2B,Goat anti-rabbit Alexa647,2193,250523_mACmChPOLR2A_90min_IF,533.6312987977853,1.004988094050906
19,D07,613.9068405948532,128.04119784393708,207.12979399545253,254.31193481511787,1797.684042976522,HCT116 OsTIRF74G mAC/mCh-POLR2A Clone 1,Vehicle,90,GTF2B,Goat anti-rabbit Alexa647,2513,250523_mACmChPOLR2A_90min_IF,488.3167365212748,0.9196471560706572
20,D08,633.9473028966398,128.5907156327784,177.1330248334688,255.98494451142648,1701.5949786830886,HCT116 OsTIRF74G mAC/mCh-POLR2A Clone 1,10 µM 5PhIAA,90,GTF2B,Goat anti-rabbit Alexa647,2111,250523_mACmChPOLR2A_90min_IF,508.3571988230614,0.9573893688268164
21,D09,667.7287219394178,129.41915218174066,207.99952463261752,264.5111233264087,1759.7281063732232,HCT116 OsTIRF74G mAC/mCh-POLR2A Clone 1,Vehicle,90,GTF2B,Goat anti-rabbit Alexa647,2181,250523_mACmChPOLR2A_90min_IF,542.1386178658394,1.0210099323406545
22,D10,671.7293570480574,129.49507585948933,178.72402182597182,265.3875486989935,1757.3085263676687,HCT116 OsTIRF74G mAC/mCh-POLR2A Clone 1,10 µM 5PhIAA,90,GTF2B,Goat anti-rabbit Alexa647,2029,250523_mACmChPOLR2A_90min_IF,546.139252974479,1.0285443304576367
23,D11,685.7274049355827,128.93609679881587,208.01956079742283,261.3936807671372,1789.7974434611604,HCT116 OsTIRF74G mAC/mCh-POLR2A Clone 1,Vehicle,90,GTF2B,Goat anti-rabbit Alexa647,2034,250523_mACmChPOLR2A_90min_IF,560.1373008620043,1.0549068611011931
24,D12,709.8915145906269,130.55648566471606,179.67641842419187,271.34606029208385,1695.5703927492448,HCT116 OsTIRF74G mAC/mCh-POLR2A Clone 1,10 µM 5PhIAA,90,GTF2B,Goat anti-rabbit Alexa647,1655,250523_mACmChPOLR2A_90min_IF,584.3014105170485,1.100415140996639
25,D13,628.2588249990255,129.81030986547248,210.94145470608362,261.17794597743523,1738.8470319634703,HCT116 OsTIRF74G mAC/mCh-POLR2A Clone 1,Vehicle,90,GTF2B,Goat anti-rabbit Alexa647,1752,250523_mACmChPOLR2A_90min_IF,502.6687209254471,0.9466762555344485
26,D14,619.3923255049035,129.5441257615979,178.45707382976198,259.14749996741887,1776.8938486663037,HCT116 OsTIRF74G mAC/mCh-POLR2A Clone 1,10 µM 5PhIAA,90,GTF2B,Goat anti-rabbit Alexa647,1837,250523_mACmChPOLR2A_90min_IF,493.8022214313251,0.9299779725672089
27,D15,690.7211763695032,129.65900289513527,208.1689088079962,268.3148186418303,1699.818871503082,HCT116 OsTIRF74G mAC/mCh-POLR2A Clone 1,Vehicle,90,GTF2B,Goat anti-rabbit Alexa647,2109,250523_mACmChPOLR2A_90min_IF,565.1310722959247,1.0643116333602567
31,E04,393.4137474788499,130.28271707139743,179.76769990186025,269.8354039624468,1735.2724853645557,HCT116 OsTIRF74G mAC/mCh-POLR2A Clone 1,10 µM 5PhIAA,90,Cyclin T1,Goat anti-rabbit Alexa647,1879,250523_mACmChPOLR2A_90min_IF,267.8236434052715,1.0464057717903676
32,E05,380.4281454991137,129.43139130791127,211.6740165006336,271.38458809576275,1797.3897002305919,HCT116 OsTIRF74G mAC/mCh-POLR2A Clone 1,Vehicle,90,Cyclin T1,Goat anti-rabbit Alexa647,2602,250523_mACmChPOLR2A_90min_IF,254.83804142553532,0.9956701134705879
33,E06,389.520485164203,129.7999809899749,179.24949139789587,267.40569005617937,1795.0647709320695,HCT116 OsTIRF74G mAC/mCh-POLR2A Clone 1,10 µM 5PhIAA,90,Cyclin T1,Goat anti-rabbit Alexa647,2532,250523_mACmChPOLR2A_90min_IF,263.9303810906246,1.0311945226812822
34,E07,387.7706420523794,129.80650076378447,210.67148909179025,268.40766379174113,1775.4432607688746,HCT116 OsTIRF74G mAC/mCh-POLR2A Clone 1,Vehicle,90,Cyclin T1,Goat anti-rabbit Alexa647,2159,250523_mACmChPOLR2A_90min_IF,262.180537978801,1.0243577628319318
35,E08,378.1855567062601,129.25753973084193,178.418695298824,260.1381632421392,1753.9447943682846,HCT116 OsTIRF74G mAC/mCh-POLR2A Clone 1,10 µM 5PhIAA,90,Cyclin T1,Goat anti-rabbit Alexa647,2699,250523_mACmChPOLR2A_90min_IF,252.5954526326817,0.9869081616624592
36,E09,382.25473654817404,129.4734191731618,209.59343294334428,266.66067118459193,1770.5540885860307,HCT116 OsTIRF74G mAC/mCh-POLR2A Clone 1,Vehicle,90,Cyclin T1,Goat anti-rabbit Alexa647,2348,250523_mACmChPOLR2A_90min_IF,256.66463247459563,1.0028067328972194
37,E10,372.7383447271051,129.64152504859038,179.3566833128087,266.3507021182497,1747.6382544861337,HCT116 OsTIRF74G mAC/mCh-POLR2A Clone 1,10 µM 5PhIAA,90,Cyclin T1,Goat anti-rabbit Alexa647,2452,250523_mACmChPOLR2A_90min_IF,247.14824065352667,0.965625522151323
38,E11,378.0332291488592,129.2956306690214,209.23991264825048,269.28420163282067,1732.2829868476877,HCT116 OsTIRF74G mAC/mCh-POLR2A Clone 1,Vehicle,90,Cyclin T1,Goat anti-rabbit Alexa647,2357,250523_mACmChPOLR2A_90min_IF,252.44312507528082,0.9863130072046961
39,E12,393.0869267641218,129.87032262094255,179.07123897434485,266.2744766803642,1741.4578158458244,HCT116 OsTIRF74G mAC/mCh-POLR2A Clone 1,10 µM 5PhIAA,90,Cyclin T1,Goat anti-rabbit Alexa647,2335,250523_mACmChPOLR2A_90min_IF,267.4968226905434,1.0451288603202527
40,E13,388.15962302321236,129.19854287958458,208.3945808669667,265.8408741900597,1764.7397072278134,HCT116 OsTIRF74G mAC/mCh-POLR2A Clone 1,Vehicle,90,Cyclin T1,Goat anti-rabbit Alexa647,2186,250523_mACmChPOLR2A_90min_IF,262.56951894963396,1.0258775387853205
41,E14,385.35872955067305,129.53676938457284,179.35430674718353,267.6135708590752,1704.1299032093734,HCT116 OsTIRF74G mAC/mCh-POLR2A Clone 1,10 µM 5PhIAA,90,Cyclin T1,Goat anti-rabbit Alexa647,1963,250523_mACmChPOLR2A_90min_IF,259.76862547709464,1.0149342514094553
42,E15,372.5718062953923,129.6657480668021,211.1018424496134,273.2453054326458,1768.5928022644562,HCT116 OsTIRF74G mAC/mCh-POLR2A Clone 1,Vehicle,90,Cyclin T1,Goat anti-rabbit Alexa647,2473,250523_mACmChPOLR2A_90min_IF,246.98170222181392,0.9649748448102436
46,F04,274.64886700885944,129.98801648960213,179.62655346480165,267.58856081987824,1734.8710066305002,HCT116 OsTIRF74G mAC/mCh-POLR2A Clone 1,10 µM 5PhIAA,90,Total Pol II F12,Goat anti-mouse Alexa647,1659,250523_mACmChPOLR2A_90min_IF,149.05876293528104,0.7690703194914833
47,F05,317.3889212766538,129.10891835069972,211.85305849560868,267.1495371191122,1779.2664272890486,HCT116 OsTIRF74G mAC/mCh-POLR2A Clone 1,Vehicle,90,Total Pol II F12,Goat anti-mouse Alexa647,2785,250523_mACmChPOLR2A_90min_IF,191.79881720307537,0.9895880974706794
48,F06,271.86603910546114,129.28031946773015,179.58018698738732,266.3170611637068,1754.4862864606007,HCT116 OsTIRF74G mAC/mCh-POLR2A Clone 1,10 µM 5PhIAA,90,Total Pol II F12,Goat anti-mouse Alexa647,2297,250523_mACmChPOLR2A_90min_IF,146.27593503188274,0.7547122884531767
49,F07,320.22788047793165,129.17159799126182,210.4978824209465,270.1687268080119,1756.2589928057555,HCT116 OsTIRF74G mAC/mCh-POLR2A Clone 1,Vehicle,90,Total Pol II F12,Goat anti-mouse Alexa647,2224,250523_mACmChPOLR2A_90min_IF,194.63777640435325,1.0042357385550083
50,F08,270.9322553317698,129.55174807032904,179.45004549928964,267.2571104479564,1781.4762076423935,HCT116 OsTIRF74G mAC/mCh-POLR2A Clone 1,10 µM 5PhIAA,90,Total Pol II F12,Goat anti-mouse Alexa647,2774,250523_mACmChPOLR2A_90min_IF,145.3421512581914,0.7498944208483008
51,F09,315.183311408229,128.4917081118201,207.64865283462538,261.88333324649415,1749.0440543226234,HCT116 OsTIRF74G mAC/mCh-POLR2A Clone 1,Vehicle,90,Total Pol II F12,Goat anti-mouse Alexa647,3019,250523_mACmChPOLR2A_90min_IF,189.59320733465057,0.9782082292040983
52,F10,274.8341270947572,129.72074112043202,179.53700945187285,266.6173789479611,1796.3196902654868,HCT116 OsTIRF74G mAC/mCh-POLR2A Clone 1,10 µM 5PhIAA,90,Total Pol II F12,Goat anti-mouse Alexa647,2712,250523_mACmChPOLR2A_90min_IF,149.2440230211788,0.770026170933188
53,F11,314.6860903286687,129.17114257174023,208.90864323061464,263.8738539975548,1796.209708737864,HCT116 OsTIRF74G mAC/mCh-POLR2A Clone 1,Vehicle,90,Total Pol II F12,Goat anti-mouse Alexa647,3090,250523_mACmChPOLR2A_90min_IF,189.09598625509028,0.9756428115997582
54,F12,281.9638996860253,130.1785741552927,179.78405123907908,270.9200078103441,1771.4332723948812,HCT116 OsTIRF74G mAC/mCh-POLR2A Clone 1,10 µM 5PhIAA,90,Total Pol II F12,Goat anti-mouse Alexa647,2188,250523_mACmChPOLR2A_90min_IF,156.37379561244688,0.8068123106856622
55,F13,328.1929292361197,130.03909689669996,211.0717720993097,276.9770411025919,1770.1239964317574,HCT116 OsTIRF74G mAC/mCh-POLR2A Clone 1,Vehicle,90,Total Pol II F12,Goat anti-mouse Alexa647,2242,250523_mACmChPOLR2A_90min_IF,202.6028251625413,1.0453314948366073
56,F14,267.4534456000787,129.02803462715372,179.83528370365076,263.2771129804551,1741.6621351459416,HCT116 OsTIRF74G mAC/mCh-POLR2A Clone 1,10 µM 5PhIAA,90,Total Pol II F12,Goat anti-mouse Alexa647,2501,250523_mACmChPOLR2A_90min_IF,141.86334152650028,0.7319454639462273
57,F15,320.76240590210557,128.72423845306622,208.78847528853117,265.21526572701197,1777.4347649918964,HCT116 OsTIRF74G mAC/mCh-POLR2A Clone 1,Vehicle,90,Total Pol II F12,Goat anti-mouse Alexa647,2468,250523_mACmChPOLR2A_90min_IF,195.17230182852717,1.0069936283338483
61,G04,349.82056557081404,129.85457146119236,180.0222229994579,264.3676305490352,1730.99678111588,HCT116 OsTIRF74G mAC/mCh-POLR2A Clone 1,10 µM 5PhIAA,90,CDK7,Goat anti-mouse Alexa647,1864,250523_mACmChPOLR2A_90min_IF,224.23046149723564,1.1596148175562349
62,G05,322.64818118834165,128.29038142256107,208.730684843769,256.74887522482095,1765.0181602842479,HCT116 OsTIRF74G mAC/mCh-POLR2A Clone 1,Vehicle,90,CDK7,Goat anti-mouse Alexa647,2533,250523_mACmChPOLR2A_90min_IF,197.05807711476325,1.0190919851638256
63,G06,327.7299212940898,130.09954224763172,180.62166563826162,270.39175977184465,1710.2191919191919,HCT116 OsTIRF74G mAC/mCh-POLR2A Clone 1,10 µM 5PhIAA,90,CDK7,Goat anti-mouse Alexa647,1980,250523_mACmChPOLR2A_90min_IF,202.13981722051142,1.0453723624428424
64,G07,319.5542154594389,129.50019084182222,210.8209170292651,268.93736112864366,1778.1842889054356,HCT116 OsTIRF74G mAC/mCh-POLR2A Clone 1,Vehicle,90,CDK7,Goat anti-mouse Alexa647,2686,250523_mACmChPOLR2A_90min_IF,193.96411138586052,1.003091445003982
65,G08,326.3231780273231,130.23729052056544,180.42611714110302,269.38129134914067,1741.0181405895692,HCT116 OsTIRF74G mAC/mCh-POLR2A Clone 1,10 µM 5PhIAA,90,CDK7,Goat anti-mouse Alexa647,2646,250523_mACmChPOLR2A_90min_IF,200.73307395374468,1.0380973458115257
66,G09,305.64146477770197,130.30471513465207,214.12419404676626,275.9479580639427,1724.1545496113397,HCT116 OsTIRF74G mAC/mCh-POLR2A Clone 1,Vehicle,90,CDK7,Goat anti-mouse Alexa647,2187,250523_mACmChPOLR2A_90min_IF,180.05136070412357,0.9311412214001892
67,G10,307.88337999656477,129.28863116383405,179.8676774154041,265.4591503941682,1866.440635451505,HCT116 OsTIRF74G mAC/mCh-POLR2A Clone 1,10 µM 5PhIAA,90,CDK7,Goat anti-mouse Alexa647,2392,250523_mACmChPOLR2A_90min_IF,182.29327592298637,0.9427353558016393
68,G11,318.0022168944352,129.3001873438745,209.97087837591482,267.33937286114946,1758.5759162303666,HCT116 OsTIRF74G mAC/mCh-POLR2A Clone 1,Vehicle,90,CDK7,Goat anti-mouse Alexa647,2483,250523_mACmChPOLR2A_90min_IF,192.4121128208568,0.9950652360723892
69,G12,327.3964151202698,129.81936165758327,180.1390422705633,265.6824560062665,1746.2086330935251,HCT116 OsTIRF74G mAC/mCh-POLR2A Clone 1,10 µM 5PhIAA,90,CDK7,Goat anti-mouse Alexa647,2502,250523_mACmChPOLR2A_90min_IF,201.8063110466914,1.0436476248745126
70,G13,326.7053452925358,129.68864695859165,211.8372690324308,266.89102900446187,1759.089145841104,HCT116 OsTIRF74G mAC/mCh-POLR2A Clone 1,Vehicle,90,CDK7,Goat anti-mouse Alexa647,2681,250523_mACmChPOLR2A_90min_IF,201.1152412189574,1.0400737357300343
71,G14,341.529023259556,130.16308670310414,180.16470219550888,268.4142359133202,1763.6729877791824,HCT116 OsTIRF74G mAC/mCh-POLR2A Clone 1,10 µM 5PhIAA,90,CDK7,Goat anti-mouse Alexa647,2373,250523_mACmChPOLR2A_90min_IF,215.93891918597762,1.1167348481697035
72,G15,321.1871808950748,129.0533474826385,209.88917370593623,261.3797561313324,1758.5460065390005,HCT116 OsTIRF74G mAC/mCh-POLR2A Clone 1,Vehicle,90,CDK7,Goat anti-mouse Alexa647,2141,250523_mACmChPOLR2A_90min_IF,195.5970768214964,1.0115363766295804
76,H04,326.6695257272425,129.5529836801894,179.36610562964347,257.96007263597915,1652.4923076923078,HCT116 OsTIRF74G mAC/mCh-POLR2A Clone 1,10 µM 5PhIAA,90,pSer2 3E10,Goat anti-rat Alexa647,1625,250523_mACmChPOLR2A_90min_IF,201.0794216536641,1.0549663749272864
77,H05,321.64826844934754,128.73126378048357,211.40634723616324,253.82985148236907,1761.1781635449977,HCT116 OsTIRF74G mAC/mCh-POLR2A Clone 1,Vehicle,90,pSer2 3E10,Goat anti-rat Alexa647,2189,250523_mACmChPOLR2A_90min_IF,196.05816437576914,1.0286222689791302
78,H06,317.5175618417458,129.9336766480833,179.0076138947986,260.721045943106,1733.065693430657,HCT116 OsTIRF74G mAC/mCh-POLR2A Clone 1,10 µM 5PhIAA,90,pSer2 3E10,Goat anti-rat Alexa647,2055,250523_mACmChPOLR2A_90min_IF,191.92745776816741,1.0069504512472516
79,H07,319.16838317423617,129.5412037787754,211.45006982059203,261.5430477427502,1761.9254403932814,HCT116 OsTIRF74G mAC/mCh-POLR2A Clone 1,Vehicle,90,pSer2 3E10,Goat anti-rat Alexa647,2441,250523_mACmChPOLR2A_90min_IF,193.57827910065777,1.0156115115510236
80,H08,299.14195199819864,129.78074709056847,179.6310523200072,255.95575399374346,1711.373198285937,HCT116 OsTIRF74G mAC/mCh-POLR2A Clone 1,10 µM 5PhIAA,90,pSer2 3E10,Goat anti-rat Alexa647,2567,250523_mACmChPOLR2A_90min_IF,173.55184792462023,0.9105425227566145
81,H09,306.6381210836149,129.2688145598112,211.21852854606826,256.01916164363826,1668.5115961800818,HCT116 OsTIRF74G mAC/mCh-POLR2A Clone 1,Vehicle,90,pSer2 3E10,Goat anti-rat Alexa647,2199,250523_mACmChPOLR2A_90min_IF,181.04801701003652,0.9498712927562845
82,H10,317.95127061998755,130.5756681196169,180.5963109526196,264.90037833249255,1747.8469767441861,HCT116 OsTIRF74G mAC/mCh-POLR2A Clone 1,10 µM 5PhIAA,90,pSer2 3E10,Goat anti-rat Alexa647,2150,250523_mACmChPOLR2A_90min_IF,192.36116654640915,1.0092259112311375
83,H11,315.1690539394351,130.13269023687593,213.17517815593772,262.80699482388843,1799.454394002499,HCT116 OsTIRF74G mAC/mCh-POLR2A Clone 1,Vehicle,90,pSer2 3E10,Goat anti-rat Alexa647,2401,250523_mACmChPOLR2A_90min_IF,189.5789498658567,0.9946289672892553
84,H12,310.72142229070096,130.13800532229143,180.13551198367767,263.1187440041092,1765.9068908941756,HCT116 OsTIRF74G mAC/mCh-POLR2A Clone 1,10 µM 5PhIAA,90,pSer2 3E10,Goat anti-rat Alexa647,2438,250523_mACmChPOLR2A_90min_IF,185.13131821712255,0.9712943973024839
85,H13,314.4836749345666,129.66122179677672,212.28773453050678,262.12240667719686,1783.1008336641523,HCT116 OsTIRF74G mAC/mCh-POLR2A Clone 1,Vehicle,90,pSer2 3E10,Goat anti-rat Alexa647,2519,250523_mACmChPOLR2A_90min_IF,188.89357086098818,0.9910331154697548
86,H14,316.89565560081314,129.99243503847572,181.55179842593304,261.92927134027684,1691.2162037037037,HCT116 OsTIRF74G mAC/mCh-POLR2A Clone 1,10 µM 5PhIAA,90,pSer2 3E10,Goat anti-rat Alexa647,2160,250523_mACmChPOLR2A_90min_IF,191.30555152723474,1.0036876102904508
87,H15,320.04922152989934,128.63199795220046,210.7998378307547,256.7170215456244,1749.9561445783133,HCT116 OsTIRF74G mAC/mCh-POLR2A Clone 1,Vehicle,90,pSer2 3E10,Goat anti-rat Alexa647,2075,250523_mACmChPOLR2A_90min_IF,194.45911745632094,1.0202328439545523
91,I04,607.4436965954798,129.81020512553232,179.532688014284,256.1984723237353,1753.06982421875,HCT116 OsTIRF74G mAC/mCh-POLR2A Clone 1,10 µM 5PhIAA,90,pSer5 3E8,Goat anti-rat Alexa647,2048,250523_mACmChPOLR2A_90min_IF,481.85359252190136,0.9682053265346626
92,I05,653.86331959294,129.28138365535827,211.18356026920895,254.73991799454942,1725.184518013632,HCT116 OsTIRF74G mAC/mCh-POLR2A Clone 1,Vehicle,90,pSer5 3E8,Goat anti-rat Alexa647,2054,250523_mACmChPOLR2A_90min_IF,528.2732155193615,1.0614779033907313
93,I06,591.6246376034422,130.2291255187958,180.41452695121805,258.59892800898314,1702.648528099911,HCT116 OsTIRF74G mAC/mCh-POLR2A Clone 1,10 µM 5PhIAA,90,pSer5 3E8,Goat anti-rat Alexa647,2242,250523_mACmChPOLR2A_90min_IF,466.03453352986384,0.9364195363806531
94,I07,641.3148308058854,129.45068342109366,211.29279813869525,250.47488029386435,1799.1015083571137,HCT116 OsTIRF74G mAC/mCh-POLR2A Clone 1,Vehicle,90,pSer5 3E8,Goat anti-rat Alexa647,2453,250523_mACmChPOLR2A_90min_IF,515.724726732307,1.0362637846788647
95,I08,554.8106839611424,129.97609747537976,180.54441004138081,252.80912872963646,1717.6708979783732,HCT116 OsTIRF74G mAC/mCh-POLR2A Clone 1,10 µM 5PhIAA,90,pSer5 3E8,Goat anti-rat Alexa647,2127,250523_mACmChPOLR2A_90min_IF,429.22057988756404,0.8624479679199392
96,I09,601.3556930171346,129.11341229948817,209.2524439752783,251.71091571495413,1798.1669039145906,HCT116 OsTIRF74G mAC/mCh-POLR2A Clone 1,Vehicle,90,pSer5 3E8,Goat anti-rat Alexa647,2810,250523_mACmChPOLR2A_90min_IF,475.7655889435562,0.9559724873818698
97,I10,574.1370786839284,130.0495336197929,180.50023694146674,254.22425841411163,1743.729696969697,HCT116 OsTIRF74G mAC/mCh-POLR2A Clone 1,10 µM 5PhIAA,90,pSer5 3E8,Goat anti-rat Alexa647,2475,250523_mACmChPOLR2A_90min_IF,448.54697461035,0.9012811707925777
98,I11,604.5245048972793,129.88641107726173,210.58864045561506,257.8537552385592,1806.0106382978724,HCT116 OsTIRF74G mAC/mCh-POLR2A Clone 1,Vehicle,90,pSer5 3E8,Goat anti-rat Alexa647,3196,250523_mACmChPOLR2A_90min_IF,478.93440082370086,0.9623396922523053
99,I12,595.4209348938471,130.19566064749628,180.52492117344823,258.74111420292644,1728.2782641796725,HCT116 OsTIRF74G mAC/mCh-POLR2A Clone 1,10 µM 5PhIAA,90,pSer5 3E8,Goat anti-rat Alexa647,2627,250523_mACmChPOLR2A_90min_IF,469.83083082026866,0.9440475696976652
100,I13,614.1272747728783,129.56686427462796,210.69171301036621,256.12173794362735,1773.368533713878,HCT116 OsTIRF74G mAC/mCh-POLR2A Clone 1,Vehicle,90,pSer5 3E8,Goat anti-rat Alexa647,2803,250523_mACmChPOLR2A_90min_IF,488.5371706992999,0.9816348746216659
101,I14,584.1050554872459,130.57349666082652,181.18402370155482,257.2823162060152,1767.1269011406844,HCT116 OsTIRF74G mAC/mCh-POLR2A Clone 1,10 µM 5PhIAA,90,pSer5 3E8,Goat anti-rat Alexa647,2104,250523_mACmChPOLR2A_90min_IF,458.51495141366746,0.9213101762530015
102,I15,624.4174365612425,129.55291116702497,210.408702306135,257.63091519503433,1761.2341824157766,HCT116 OsTIRF74G mAC/mCh-POLR2A Clone 1,Vehicle,90,pSer5 3E8,Goat anti-rat Alexa647,2434,250523_mACmChPOLR2A_90min_IF,498.82733248766414,1.0023112576745634
