WELL,CELL,SIRNA,PRIMARY,SECONDARY,FISH
C03,HCT116,No transfection,No primary,No secondary,No probes
C04,HCT116,No transfection,No primary,No secondary,No probes
C05,HCT116,No transfection,No primary,No secondary,No probes
C06,HCT116,No transfection,No primary,No secondary,No probes
C07,HCT116,No transfection,No primary,No secondary,No probes
C08,HCT116,No transfection,No primary,No secondary,No probes
C09,HCT116,No transfection,No primary,No secondary,No probes
C10,HCT116,No transfection,No primary,No secondary,No probes
C11,HCT116,No transfection,No primary,No secondary,No probes
C12,HCT116,No transfection,No primary,No secondary,No probes
C13,HCT116,No transfection,No primary,No secondary,No probes
C14,HCT116,No transfection,No primary,No secondary,No probes
C15,HCT116,No transfection,No primary,No secondary,No probes
C16,HCT116,No transfection,No primary,No secondary,No probes
C17,HCT116,No transfection,No primary,No secondary,No probes
C18,HCT116,No transfection,No primary,No secondary,No probes
C19,HCT116,No transfection,No primary,No secondary,No probes
C20,HCT116,No transfection,No primary,No secondary,No probes
C21,HCT116,No transfection,No primary,No secondary,No probes
C22,HCT116,No transfection,No primary,No secondary,No probes
D03,HCT116,No transfection,No primary,No secondary,No probes
D04,HCT116,No transfection,No primary,No secondary,No probes
D05,HCT116,OptiMEM only,pSer2 3E10,Goat anti-mouse Alexa647,7SK_FISH_Prasanth_ATTO647N
D06,HCT116,OptiMEM only,pSer2 3E10,Goat anti-mouse Alexa647,7SK_FISH_Prasanth_ATTO647N
D07,HCT116,OptiMEM only,pSer2 3E10,Goat anti-mouse Alexa647,7SK_FISH_Prasanth_ATTO647N
D08,HCT116,OptiMEM only,pSer2 3E10,Goat anti-mouse Alexa647,7SK_FISH_Prasanth_ATTO647N
D09,HCT116,OptiMEM only,pSer2 3E10,Goat anti-mouse Alexa647,7SK_FISH_Prasanth_ATTO647N
D10,HCT116,OptiMEM only,pSer2 3E10,Goat anti-mouse Alexa647,7SK_FISH_Prasanth_ATTO647N
D11,HCT116,OptiMEM only,pSer2 3E10,Goat anti-mouse Alexa647,7SK_FISH_Prasanth_ATTO647N
D12,HCT116,OptiMEM only,pSer2 3E10,Goat anti-mouse Alexa647,7SK_FISH_Prasanth_ATTO647N
D13,HCT116,OptiMEM only,pSer2 3E10,Goat anti-mouse Alexa647,7SK_FISH_Prasanth_ATTO647N
D14,HCT116,OptiMEM only,pSer2 3E10,Goat anti-mouse Alexa647,7SK_FISH_Prasanth_ATTO647N
D15,HCT116,No transfection,No primary,No secondary,No probes
D16,HCT116,No transfection,No primary,No secondary,No probes
D17,HCT116,No transfection,No primary,No secondary,No probes
D18,HCT116,No transfection,No primary,No secondary,No probes
D19,HCT116,No transfection,No primary,No secondary,No probes
D20,HCT116,No transfection,No primary,No secondary,No probes
D21,HCT116,No transfection,No primary,No secondary,No probes
D22,HCT116,No transfection,No primary,No secondary,No probes
E03,HCT116,No transfection,No primary,No secondary,No probes
E04,HCT116,No transfection,No primary,No secondary,No probes
E05,HCT116,LARP7 pool + ARMC5,pSer2 3E10,Goat anti-mouse Alexa647,7SK_FISH_Prasanth_ATTO647N
E06,HCT116,POLR2B,pSer2 3E10,Goat anti-mouse Alexa647,7SK_FISH_Prasanth_ATTO647N
E07,HCT116,LARP7 pool,pSer2 3E10,Goat anti-mouse Alexa647,7SK_FISH_Prasanth_ATTO647N
E08,HCT116,Scrambled,pSer2 3E10,Goat anti-mouse Alexa647,7SK_FISH_Prasanth_ATTO647N
E09,HCT116,ARMC5 pool,pSer2 3E10,Goat anti-mouse Alexa647,7SK_FISH_Prasanth_ATTO647N
E10,HCT116,LARP7 pool + POLR2B,pSer2 3E10,Goat anti-mouse Alexa647,7SK_FISH_Prasanth_ATTO647N
E11,HCT116,OptiMEM only,pSer2 3E10,Goat anti-mouse Alexa647,7SK_FISH_Prasanth_ATTO647N
E12,HCT116,OptiMEM only,pSer2 3E10,Goat anti-mouse Alexa647,7SK_FISH_Prasanth_ATTO647N
E13,HCT116,OptiMEM only,pSer2 3E10,Goat anti-mouse Alexa647,7SK_FISH_Prasanth_ATTO647N
E14,HCT116,OptiMEM only,pSer2 3E10,Goat anti-mouse Alexa647,7SK_FISH_Prasanth_ATTO647N
E15,HCT116,No transfection,No primary,No secondary,No probes
E16,HCT116,No transfection,No primary,No secondary,No probes
E17,HCT116,No transfection,No primary,No secondary,No probes
E18,HCT116,No transfection,No primary,No secondary,No probes
E19,HCT116,No transfection,No primary,No secondary,No probes
E20,HCT116,No transfection,No primary,No secondary,No probes
E21,HCT116,No transfection,No primary,No secondary,No probes
E22,HCT116,No transfection,No primary,No secondary,No probes
F03,HCT116,No transfection,No primary,No secondary,No probes
F04,HCT116,No transfection,No primary,No secondary,No probes
F05,HCT116,OptiMEM only,pSer2 3E10,Goat anti-mouse Alexa647,7SK_FISH_Prasanth_ATTO647N
F06,HCT116,LARP7 pool + ARMC5,pSer2 3E10,Goat anti-mouse Alexa647,7SK_FISH_Prasanth_ATTO647N
F07,HCT116,POLR2B,pSer2 3E10,Goat anti-mouse Alexa647,7SK_FISH_Prasanth_ATTO647N
F08,HCT116,LARP7 pool,pSer2 3E10,Goat anti-mouse Alexa647,7SK_FISH_Prasanth_ATTO647N
F09,HCT116,Scrambled,pSer2 3E10,Goat anti-mouse Alexa647,7SK_FISH_Prasanth_ATTO647N
F10,HCT116,ARMC5 pool,pSer2 3E10,Goat anti-mouse Alexa647,7SK_FISH_Prasanth_ATTO647N
F11,HCT116,LARP7 pool + POLR2B,pSer2 3E10,Goat anti-mouse Alexa647,7SK_FISH_Prasanth_ATTO647N
F12,HCT116,OptiMEM only,pSer2 3E10,Goat anti-mouse Alexa647,7SK_FISH_Prasanth_ATTO647N
F13,HCT116,OptiMEM only,pSer2 3E10,Goat anti-mouse Alexa647,7SK_FISH_Prasanth_ATTO647N
F14,HCT116,OptiMEM only,pSer2 3E10,Goat anti-mouse Alexa647,7SK_FISH_Prasanth_ATTO647N
F15,HCT116,No transfection,No primary,No secondary,No probes
F16,HCT116,No transfection,No primary,No secondary,No probes
F17,HCT116,No transfection,No primary,No secondary,No probes
F18,HCT116,No transfection,No primary,No secondary,No probes
F19,HCT116,No transfection,No primary,No secondary,No probes
F20,HCT116,No transfection,No primary,No secondary,No probes
F21,HCT116,No transfection,No primary,No secondary,No probes
F22,HCT116,No transfection,No primary,No secondary,No probes
G03,HCT116,No transfection,No primary,No secondary,No probes
G04,HCT116,No transfection,No primary,No secondary,No probes
G05,HCT116,OptiMEM only,pSer2 3E10,Goat anti-mouse Alexa647,7SK_FISH_Prasanth_ATTO647N
G06,HCT116,OptiMEM only,pSer2 3E10,Goat anti-mouse Alexa647,7SK_FISH_Prasanth_ATTO647N
G07,HCT116,LARP7 pool + ARMC5,pSer2 3E10,Goat anti-mouse Alexa647,7SK_FISH_Prasanth_ATTO647N
G08,HCT116,POLR2B,pSer2 3E10,Goat anti-mouse Alexa647,7SK_FISH_Prasanth_ATTO647N
G09,HCT116,LARP7 pool,pSer2 3E10,Goat anti-mouse Alexa647,7SK_FISH_Prasanth_ATTO647N
G10,HCT116,Scrambled,pSer2 3E10,Goat anti-mouse Alexa647,7SK_FISH_Prasanth_ATTO647N
G11,HCT116,ARMC5 pool,pSer2 3E10,Goat anti-mouse Alexa647,7SK_FISH_Prasanth_ATTO647N
G12,HCT116,LARP7 pool + POLR2B,pSer2 3E10,Goat anti-mouse Alexa647,7SK_FISH_Prasanth_ATTO647N
G13,HCT116,OptiMEM only,pSer2 3E10,Goat anti-mouse Alexa647,7SK_FISH_Prasanth_ATTO647N
G14,HCT116,OptiMEM only,pSer2 3E10,Goat anti-mouse Alexa647,7SK_FISH_Prasanth_ATTO647N
G15,HCT116,No transfection,No primary,No secondary,No probes
G16,HCT116,No transfection,No primary,No secondary,No probes
G17,HCT116,No transfection,No primary,No secondary,No probes
G18,HCT116,No transfection,No primary,No secondary,No probes
G19,HCT116,No transfection,No primary,No secondary,No probes
G20,HCT116,No transfection,No primary,No secondary,No probes
G21,HCT116,No transfection,No primary,No secondary,No probes
G22,HCT116,No transfection,No primary,No secondary,No probes
H03,HCT116,No transfection,No primary,No secondary,No probes
H04,HCT116,No transfection,No primary,No secondary,No probes
H05,HCT116,OptiMEM only,pSer2 3E10,Goat anti-mouse Alexa647,7SK_FISH_Prasanth_ATTO647N
H06,HCT116,OptiMEM only,pSer2 3E10,Goat anti-mouse Alexa647,7SK_FISH_Prasanth_ATTO647N
H07,HCT116,OptiMEM only,pSer2 3E10,Goat anti-mouse Alexa647,7SK_FISH_Prasanth_ATTO647N
H08,HCT116,LARP7 pool + ARMC5,pSer2 3E10,Goat anti-mouse Alexa647,7SK_FISH_Prasanth_ATTO647N
H09,HCT116,POLR2B,pSer2 3E10,Goat anti-mouse Alexa647,7SK_FISH_Prasanth_ATTO647N
H10,HCT116,LARP7 pool,pSer2 3E10,Goat anti-mouse Alexa647,7SK_FISH_Prasanth_ATTO647N
H11,HCT116,Scrambled,pSer2 3E10,Goat anti-mouse Alexa647,7SK_FISH_Prasanth_ATTO647N
H12,HCT116,ARMC5 pool,pSer2 3E10,Goat anti-mouse Alexa647,7SK_FISH_Prasanth_ATTO647N
H13,HCT116,LARP7 pool + POLR2B,pSer2 3E10,Goat anti-mouse Alexa647,7SK_FISH_Prasanth_ATTO647N
H14,HCT116,OptiMEM only,pSer2 3E10,Goat anti-mouse Alexa647,7SK_FISH_Prasanth_ATTO647N
H15,HCT116,No transfection,No primary,No secondary,No probes
H16,HCT116,No transfection,No primary,No secondary,No probes
H17,HCT116,No transfection,No primary,No secondary,No probes
H18,HCT116,No transfection,No primary,No secondary,No probes
H19,HCT116,No transfection,No primary,No secondary,No probes
H20,HCT116,No transfection,No primary,No secondary,No probes
H21,HCT116,No transfection,No primary,No secondary,No probes
H22,HCT116,No transfection,No primary,No secondary,No probes
I03,HCT116,No transfection,No primary,No secondary,No probes
I04,HCT116,No transfection,No primary,No secondary,No probes
I05,HCT116,OptiMEM only,pSer2 3E10,Goat anti-mouse Alexa647,7SK_FISH_Prasanth_ATTO647N
I06,HCT116,OptiMEM only,pSer2 3E10,Goat anti-mouse Alexa647,7SK_FISH_Prasanth_ATTO647N
I07,HCT116,OptiMEM only,pSer2 3E10,Goat anti-mouse Alexa647,7SK_FISH_Prasanth_ATTO647N
I08,HCT116,OptiMEM only,pSer2 3E10,Goat anti-mouse Alexa647,7SK_FISH_Prasanth_ATTO647N
I09,HCT116,LARP7 pool + ARMC5,pSer2 3E10,Goat anti-mouse Alexa647,7SK_FISH_Prasanth_ATTO647N
I10,HCT116,POLR2B,pSer2 3E10,Goat anti-mouse Alexa647,7SK_FISH_Prasanth_ATTO647N
I11,HCT116,LARP7 pool,pSer2 3E10,Goat anti-mouse Alexa647,7SK_FISH_Prasanth_ATTO647N
I12,HCT116,Scrambled,pSer2 3E10,Goat anti-mouse Alexa647,7SK_FISH_Prasanth_ATTO647N
I13,HCT116,ARMC5 pool,pSer2 3E10,Goat anti-mouse Alexa647,7SK_FISH_Prasanth_ATTO647N
I14,HCT116,LARP7 pool + POLR2B,pSer2 3E10,Goat anti-mouse Alexa647,7SK_FISH_Prasanth_ATTO647N
I15,HCT116,No transfection,No primary,No secondary,No probes
I16,HCT116,No transfection,No primary,No secondary,No probes
I17,HCT116,No transfection,No primary,No secondary,No probes
I18,HCT116,No transfection,No primary,No secondary,No probes
I19,HCT116,No transfection,No primary,No secondary,No probes
I20,HCT116,No transfection,No primary,No secondary,No probes
I21,HCT116,No transfection,No primary,No secondary,No probes
I22,HCT116,No transfection,No primary,No secondary,No probes
J03,HCT116,No transfection,No primary,No secondary,No probes
J04,HCT116,No transfection,No primary,No secondary,No probes
J05,HCT116,OptiMEM only,pSer2 3E10,Goat anti-mouse Alexa647,7SK_FISH_Prasanth_ATTO647N
J06,HCT116,OptiMEM only,pSer2 3E10,Goat anti-mouse Alexa647,7SK_FISH_Prasanth_ATTO647N
J07,HCT116,OptiMEM only,pSer2 3E10,Goat anti-mouse Alexa647,7SK_FISH_Prasanth_ATTO647N
J08,HCT116,OptiMEM only,pSer2 3E10,Goat anti-mouse Alexa647,7SK_FISH_Prasanth_ATTO647N
J09,HCT116,OptiMEM only,pSer2 3E10,Goat anti-mouse Alexa647,7SK_FISH_Prasanth_ATTO647N
J10,HCT116,OptiMEM only,pSer2 3E10,Goat anti-mouse Alexa647,7SK_FISH_Prasanth_ATTO647N
J11,HCT116,OptiMEM only,No primary,Goat anti-mouse Alexa647,7SK_FISH_Prasanth_ATTO647N
J12,HCT116,OptiMEM only,pSer2 3E10,Goat anti-mouse Alexa647,No probes
J13,HCT116,OptiMEM only,No primary,Goat anti-mouse Alexa647,7SK_FISH_Prasanth_ATTO647N
J14,HCT116,OptiMEM only,pSer2 3E10,Goat anti-mouse Alexa647,No probes
J15,HCT116,No transfection,No primary,No secondary,No probes
J16,HCT116,No transfection,No primary,No secondary,No probes
J17,HCT116,No transfection,No primary,No secondary,No probes
J18,HCT116,No transfection,No primary,No secondary,No probes
J19,HCT116,No transfection,No primary,No secondary,No probes
J20,HCT116,No transfection,No primary,No secondary,No probes
J21,HCT116,No transfection,No primary,No secondary,No probes
J22,HCT116,No transfection,No primary,No secondary,No probes
K03,HCT116,No transfection,No primary,No secondary,No probes
K04,HCT116,No transfection,No primary,No secondary,No probes
K05,HCT116,No transfection,No primary,No secondary,No probes
K06,HCT116,No transfection,No primary,No secondary,No probes
K07,HCT116,No transfection,No primary,No secondary,No probes
K08,HCT116,No transfection,No primary,No secondary,No probes
K09,HCT116,No transfection,No primary,No secondary,No probes
K10,HCT116,No transfection,No primary,No secondary,No probes
K11,HCT116,No transfection,No primary,No secondary,No probes
K12,HCT116,No transfection,No primary,No secondary,No probes
K13,HCT116,No transfection,No primary,No secondary,No probes
K14,HCT116,No transfection,No primary,No secondary,No probes
K15,HCT116,No transfection,No primary,No secondary,No probes
K16,HCT116,No transfection,No primary,No secondary,No probes
K17,HCT116,No transfection,No primary,No secondary,No probes
K18,HCT116,No transfection,No primary,No secondary,No probes
K19,HCT116,No transfection,No primary,No secondary,No probes
K20,HCT116,No transfection,No primary,No secondary,No probes
K21,HCT116,No transfection,No primary,No secondary,No probes
K22,HCT116,No transfection,No primary,No secondary,No probes
L03,HCT116,No transfection,No primary,No secondary,No probes
L04,HCT116,No transfection,No primary,No secondary,No probes
L05,HCT116,No transfection,No primary,No secondary,No probes
L06,HCT116,No transfection,No primary,No secondary,No probes
L07,HCT116,No transfection,No primary,No secondary,No probes
L08,HCT116,No transfection,No primary,No secondary,No probes
L09,HCT116,No transfection,No primary,No secondary,No probes
L10,HCT116,No transfection,No primary,No secondary,No probes
L11,HCT116,No transfection,No primary,No secondary,No probes
L12,HCT116,No transfection,No primary,No secondary,No probes
L13,HCT116,No transfection,No primary,No secondary,No probes
L14,HCT116,No transfection,No primary,No secondary,No probes
L15,HCT116,No transfection,No primary,No secondary,No probes
L16,HCT116,No transfection,No primary,No secondary,No probes
L17,HCT116,No transfection,No primary,No secondary,No probes
L18,HCT116,No transfection,No primary,No secondary,No probes
L19,HCT116,No transfection,No primary,No secondary,No probes
L20,HCT116,No transfection,No primary,No secondary,No probes
L21,HCT116,No transfection,No primary,No secondary,No probes
L22,HCT116,No transfection,No primary,No secondary,No probes
M03,HCT116,No transfection,No primary,No secondary,No probes
M04,HCT116,No transfection,No primary,No secondary,No probes
M05,HCT116,No transfection,No primary,No secondary,No probes
M06,HCT116,No transfection,No primary,No secondary,No probes
M07,HCT116,No transfection,No primary,No secondary,No probes
M08,HCT116,No transfection,No primary,No secondary,No probes
M09,HCT116,No transfection,No primary,No secondary,No probes
M10,HCT116,No transfection,No primary,No secondary,No probes
M11,HCT116,No transfection,No primary,No secondary,No probes
M12,HCT116,No transfection,No primary,No secondary,No probes
M13,HCT116,No transfection,No primary,No secondary,No probes
M14,HCT116,No transfection,No primary,No secondary,No probes
M15,HCT116,No transfection,No primary,No secondary,No probes
M16,HCT116,No transfection,No primary,No secondary,No probes
M17,HCT116,No transfection,No primary,No secondary,No probes
M18,HCT116,No transfection,No primary,No secondary,No probes
M19,HCT116,No transfection,No primary,No secondary,No probes
M20,HCT116,No transfection,No primary,No secondary,No probes
M21,HCT116,No transfection,No primary,No secondary,No probes
M22,HCT116,No transfection,No primary,No secondary,No probes
N03,HCT116,No transfection,No primary,No secondary,No probes
N04,HCT116,No transfection,No primary,No secondary,No probes
N05,HCT116,No transfection,No primary,No secondary,No probes
N06,HCT116,No transfection,No primary,No secondary,No probes
N07,HCT116,No transfection,No primary,No secondary,No probes
N08,HCT116,No transfection,No primary,No secondary,No probes
N09,HCT116,No transfection,No primary,No secondary,No probes
N10,HCT116,No transfection,No primary,No secondary,No probes
N11,HCT116,No transfection,No primary,No secondary,No probes
N12,HCT116,No transfection,No primary,No secondary,No probes
N13,HCT116,No transfection,No primary,No secondary,No probes
N14,HCT116,No transfection,No primary,No secondary,No probes
N15,HCT116,No transfection,No primary,No secondary,No probes
N16,HCT116,No transfection,No primary,No secondary,No probes
N17,HCT116,No transfection,No primary,No secondary,No probes
N18,HCT116,No transfection,No primary,No secondary,No probes
N19,HCT116,No transfection,No primary,No secondary,No probes
N20,HCT116,No transfection,No primary,No secondary,No probes
N21,HCT116,No transfection,No primary,No secondary,No probes
N22,HCT116,No transfection,No primary,No secondary,No probes