,WELL,RFP_Intensity,GFP_Intensity,DAPI_Intensity,NucleusArea,CELL,EU,DRUG,DRUG TIME MINUTES,PRIMARY,SECONDARY,TotalNumberCells,Alexa647_Intensity,NucleusArea2,EXPERIMENT
0,C03,180.26420757622685,239.47041138676602,238.84186617567678,1742.3170261941448,HCT116 OsTIRF74G,No addition,No addition,No addition,Total Pol II F12,Goat anti-mouse Alexa647,1857,960.970711416539,1719.7638356747552,241029_mACmChPOLR2A_ActivePolII
1,C04,182.16168303041175,240.04604652147498,246.876854438697,1674.366129032258,HCT116 OsTIRF74G,No addition,No addition,No addition,Total Pol II F12,Goat anti-mouse Alexa647,2346,876.3339126806637,1673.1397551176583,241029_mACmChPOLR2A_ActivePolII
2,C05,180.97332797871184,239.66282560463785,243.54905089450256,1678.1317285822593,HCT116 OsTIRF74G,No addition,No addition,No addition,Total Pol II F12,Goat anti-mouse Alexa647,2332,883.9569835505163,1646.175795626759,241029_mACmChPOLR2A_ActivePolII
3,C06,181.0922485794389,239.98061034891523,246.09517550256913,1715.3899738272598,HCT116 OsTIRF74G,No addition,No addition,No addition,Total Pol II F12,Goat anti-mouse Alexa647,1760,922.0673218588421,1636.9027005559967,241029_mACmChPOLR2A_ActivePolII
4,C07,180.94516966905763,238.18474772445515,242.69096657303757,1665.1569494335452,HCT116 OsTIRF74G,No addition,No addition,No addition,Total Pol II F12,Goat anti-mouse Alexa647,2032,885.173281471666,1686.019629358693,241029_mACmChPOLR2A_ActivePolII
5,C08,179.5570473042578,238.04671725428986,241.55787801957513,1662.0462415970667,HCT116 OsTIRF74G,No addition,No addition,No addition,pSer2 3E10,Goat anti-rat Alexa647,1572,970.4965735226273,1646.6811232449297,241029_mACmChPOLR2A_ActivePolII
6,C09,178.89394357944994,236.52491226203145,257.0105478777125,1715.9103572230958,HCT116 OsTIRF74G,No addition,No addition,No addition,pSer2 3E10,Goat anti-rat Alexa647,2122,974.2715660390313,1662.7555079194951,241029_mACmChPOLR2A_ActivePolII
7,C10,181.2426173282461,239.29781563070364,261.62863203290505,1665.5580585705509,HCT116 OsTIRF74G,No addition,No addition,No addition,pSer2 3E10,Goat anti-rat Alexa647,2218,927.7204451594862,1586.9480798771121,241029_mACmChPOLR2A_ActivePolII
8,C11,182.291096873491,238.87990409854572,275.2122603240447,1653.1875139353401,HCT116 OsTIRF74G,No addition,No addition,No addition,pSer2 3E10,Goat anti-rat Alexa647,2744,987.9856009229426,1656.9530347608152,241029_mACmChPOLR2A_ActivePolII
9,C12,182.7425864589945,238.3525221941779,290.2956977778142,1685.8466681524403,HCT116 OsTIRF74G,No addition,No addition,No addition,Total Pol II F12,Goat anti-mouse Alexa647,1875,889.6461705734126,1669.3250655854997,241029_mACmChPOLR2A_ActivePolII
10,C13,181.59565490744455,237.44658106386876,274.6454178275973,1655.0562187974822,HCT116 OsTIRF74G,No addition,No addition,No addition,pSer2 3E10,Goat anti-rat Alexa647,1915,1052.852664902119,1644.9836748871137,241029_mACmChPOLR2A_ActivePolII
11,C14,181.6923139736359,236.57992173012607,276.3424018255558,1682.1892464013547,HCT116 OsTIRF74G,No addition,No addition,No addition,No primary,No secondary,2026,148.98606098649282,1551.7896605280675,241029_mACmChPOLR2A_ActivePolII
12,C15,181.01537208455446,235.3009968090719,294.6493667260126,1692.7815502882768,HCT116 OsTIRF74G,No addition,No addition,No addition,No primary,No secondary,1857,147.81162719031278,1576.6894115049133,241029_mACmChPOLR2A_ActivePolII
13,C16,181.9659777488175,236.17551150887704,283.5386648724079,1676.6760596180718,HCT116 OsTIRF74G,No addition,No addition,No addition,No primary,No secondary,1846,148.1537569645957,1563.4215080346107,241029_mACmChPOLR2A_ActivePolII
14,C17,180.87598478754467,233.14466506211662,290.69119496822054,1687.2112956810631,HCT116 OsTIRF74G,No addition,No addition,No addition,No primary,No secondary,1065,147.93509042334333,1574.2995432631312,241029_mACmChPOLR2A_ActivePolII
15,C18,181.1448937048403,234.88645115532591,277.15607361319036,1691.6300181561428,HCT116 OsTIRF74G,No addition,No addition,No addition,No primary,No secondary,1800,146.08022125784814,1576.1391304347826,241029_mACmChPOLR2A_ActivePolII
16,C19,181.71167921118231,234.84295952918478,298.13567505022337,1673.8981065781768,HCT116 OsTIRF74G,No addition,No addition,No addition,No primary,No secondary,1659,145.74972740941078,1558.842623261096,241029_mACmChPOLR2A_ActivePolII
17,C20,181.8523509473553,235.65057518356383,288.1725503613616,1658.4975311080386,HCT116 OsTIRF74G,No addition,No addition,No addition,No primary,No secondary,1484,150.01325240736725,1537.4364028333846,241029_mACmChPOLR2A_ActivePolII
18,C21,184.79451011645867,237.88498459783003,301.1840029821445,1703.5220185220185,HCT116 OsTIRF74G,No addition,No addition,No addition,No primary,No secondary,2727,146.05211731138482,1557.4304518664046,241029_mACmChPOLR2A_ActivePolII
19,C22,191.92522558029805,817.6433482961972,444.04591958297317,2002.4940668824163,HCT116 OsTIRF74G mAC-POLR2A-delHyg Clone 5,No addition,No addition,No addition,No primary,No secondary,631,201.68531164576694,1958.864247311828,241029_mACmChPOLR2A_ActivePolII
20,D03,182.67045358676086,234.98484602281843,246.96287042174262,1677.579652255639,HCT116 OsTIRF74G,No addition,No addition,No addition,pSer2 3E10,Goat anti-rat Alexa647,2112,999.9661897164023,1705.6163610719323,241029_mACmChPOLR2A_ActivePolII
21,D04,423.2882213390015,237.44436555175005,281.6610796991504,1737.065371024735,HCT116 mChPOLR2A Clone 2,No addition,10 µM 5PhIAA,120,Total Pol II F12,Goat anti-mouse Alexa647,2606,842.2007629617891,1633.7832998355564,241029_mACmChPOLR2A_ActivePolII
22,D05,417.6653572762071,238.5680745527271,303.64637014728146,1734.2818118948824,HCT116 mChPOLR2A Clone 2,No addition,10 µM 5PhIAA,120,Total Pol II F12,Goat anti-mouse Alexa647,2280,813.4917998521471,1670.5568102849202,241029_mACmChPOLR2A_ActivePolII
23,D06,410.60986904009064,237.18681618193017,297.42177388303594,1716.5505973295853,HCT116 mChPOLR2A Clone 2,No addition,10 µM 5PhIAA,120,Total Pol II F12,Goat anti-mouse Alexa647,2101,,,241029_mACmChPOLR2A_ActivePolII
24,D07,414.274270731192,234.99336571583189,280.6737331454271,1735.8500548245613,HCT116 mChPOLR2A Clone 2,No addition,10 µM 5PhIAA,120,Total Pol II F12,Goat anti-mouse Alexa647,2925,797.417112405044,1689.782365907421,241029_mACmChPOLR2A_ActivePolII
25,D08,414.1230521973121,236.0635835494754,308.2719906496715,1677.2553444180523,HCT116 mChPOLR2A Clone 2,No addition,10 µM 5PhIAA,120,pSer2 3E10,Goat anti-rat Alexa647,3098,1051.830695272627,1616.8239395700175,241029_mACmChPOLR2A_ActivePolII
26,D09,421.2639703459905,237.7059589263945,323.91379038929585,1688.8790667104831,HCT116 mChPOLR2A Clone 2,No addition,10 µM 5PhIAA,120,pSer2 3E10,Goat anti-rat Alexa647,2269,1220.8356801139842,1689.9942196531792,241029_mACmChPOLR2A_ActivePolII
27,D10,418.22939769827246,238.1928594579475,349.30199119851983,1666.1075845012367,HCT116 mChPOLR2A Clone 2,No addition,10 µM 5PhIAA,120,pSer2 3E10,Goat anti-rat Alexa647,1872,1005.4765247886223,1626.86004784689,241029_mACmChPOLR2A_ActivePolII
28,D11,424.54748873411944,238.3476066266474,345.9264991722788,1658.7914132379249,HCT116 mChPOLR2A Clone 2,No addition,10 µM 5PhIAA,120,pSer2 3E10,Goat anti-rat Alexa647,2738,1018.9213479396307,1628.1025073746312,241029_mACmChPOLR2A_ActivePolII
29,D12,428.4486770832704,239.30415316967495,384.2065886845132,1694.6043521266074,HCT116 mChPOLR2A Clone 2,No addition,Vehicle,120,Total Pol II F12,Goat anti-mouse Alexa647,2090,886.4531840966321,1671.27842069435,241029_mACmChPOLR2A_ActivePolII
30,D13,420.49035857498285,238.09805525120638,388.26710596792356,1703.724384787472,HCT116 mChPOLR2A Clone 2,No addition,Vehicle,120,pSer2 3E10,Goat anti-rat Alexa647,2762,1038.0893562967276,1597.3758960573477,241029_mACmChPOLR2A_ActivePolII
31,D15,416.5202551975522,237.95390834083938,352.6866028910377,1740.4819460281262,HCT116 mChPOLR2A Clone 2,"EU 1 mM, 30 mins",Vehicle,120,No primary,No secondary,1912,573.7641047179604,1541.3022471910112,241029_mACmChPOLR2A_ActivePolII
32,D16,428.9889146672362,236.5525359940179,366.66065609006125,1671.3812441093307,HCT116 mChPOLR2A Clone 2,"EU 1 mM, 30 mins",10 µM 5PhIAA,120,No primary,No secondary,2670,597.0674014570228,1599.6498576657177,241029_mACmChPOLR2A_ActivePolII
33,D17,418.29134004104225,236.29550055751807,358.52215006785923,1676.234496124031,HCT116 mChPOLR2A Clone 2,"EU 1 mM, 30 mins",Vehicle,120,No primary,No secondary,2393,600.6816302883357,1564.105112004595,241029_mACmChPOLR2A_ActivePolII
34,D18,422.8863760478896,236.53453606717005,351.1374236347691,1687.155226558995,HCT116 mChPOLR2A Clone 2,"EU 1 mM, 30 mins",10 µM 5PhIAA,120,No primary,No secondary,2675,649.4373829096592,1576.4,241029_mACmChPOLR2A_ActivePolII
35,D19,420.882341702738,237.91135899593442,359.482856039531,1686.1995412844037,HCT116 mChPOLR2A Clone 2,"EU 1 mM, 30 mins",Vehicle,120,No primary,No secondary,1961,770.483154682203,1593.3673300165838,241029_mACmChPOLR2A_ActivePolII
36,D20,437.59732792902844,241.82430721787418,415.68100869411984,1739.2202208018593,HCT116 mChPOLR2A Clone 2,"EU 1 mM, 30 mins",10 µM 5PhIAA,120,No primary,No secondary,2612,667.6843477387956,1565.4870883676854,241029_mACmChPOLR2A_ActivePolII
37,D21,277.9188577504278,392.41762294394346,264.87246576077155,2678.980769230769,HCT116 mChPOLR2A Clone 2,"EU 1 mM, 30 mins",Vehicle,120,No primary,No secondary,2388,139.54531679432864,3016.1632653061224,241029_mACmChPOLR2A_ActivePolII
38,D22,418.56644314584884,239.2313879377307,349.8235842686429,1751.5484931506849,HCT116 mChPOLR2A Clone 2,"EU 1 mM, 30 mins",Vehicle,120,No primary,No secondary,2346,594.9551984527034,1630.7662845960301,241029_mACmChPOLR2A_ActivePolII
39,E03,183.9582271917135,237.55327454334025,242.74355726885975,1709.2318442153494,HCT116 OsTIRF74G,No addition,No addition,No addition,Total Pol II F12,Goat anti-mouse Alexa647,1849,770.4678740447107,1677.779664829603,241029_mACmChPOLR2A_ActivePolII
40,E04,194.11406611682008,426.4916524344306,358.9899088047365,1984.9259868421052,HCT116 OsTIRF74G mAC-POLR2A-delHyg Clone 5,No addition,10 µM 5PhIAA,120,Total Pol II F12,Goat anti-mouse Alexa647,695,447.70504692753747,1966.3676323676323,241029_mACmChPOLR2A_ActivePolII
41,E05,194.17788863282317,423.30156680212167,379.59718435813437,2018.939368770764,HCT116 OsTIRF74G mAC-POLR2A-delHyg Clone 5,No addition,10 µM 5PhIAA,120,Total Pol II F12,Goat anti-mouse Alexa647,686,449.2928797079608,2002.0631983240223,241029_mACmChPOLR2A_ActivePolII
42,E06,193.36148731128367,422.7117171142383,351.247980499774,2040.5185891325073,HCT116 OsTIRF74G mAC-POLR2A-delHyg Clone 5,No addition,10 µM 5PhIAA,120,Total Pol II F12,Goat anti-mouse Alexa647,589,445.5434471960056,1914.493298585257,241029_mACmChPOLR2A_ActivePolII
43,E07,191.13382060848923,402.53884281044975,384.5418186394478,1939.765792031098,HCT116 OsTIRF74G mAC-POLR2A-delHyg Clone 5,No addition,10 µM 5PhIAA,120,Total Pol II F12,Goat anti-mouse Alexa647,586,431.3376227206027,1987.9413741598207,241029_mACmChPOLR2A_ActivePolII
44,E08,192.48812424430056,422.45770146851453,377.0033789060083,1859.1518010291595,HCT116 OsTIRF74G mAC-POLR2A-delHyg Clone 5,No addition,10 µM 5PhIAA,120,pSer2 3E10,Goat anti-rat Alexa647,914,933.9445362153583,1823.5250936329587,241029_mACmChPOLR2A_ActivePolII
45,E09,196.10577001565395,448.03229951182584,412.00191034643296,1878.7781774580335,HCT116 OsTIRF74G mAC-POLR2A-delHyg Clone 5,No addition,10 µM 5PhIAA,120,pSer2 3E10,Goat anti-rat Alexa647,772,918.5418987899623,1899.7403887688986,241029_mACmChPOLR2A_ActivePolII
46,E10,195.21694255124967,424.7668696258278,423.99911766663104,1967.2899287894202,HCT116 OsTIRF74G mAC-POLR2A-delHyg Clone 5,No addition,10 µM 5PhIAA,120,pSer2 3E10,Goat anti-rat Alexa647,639,908.3082930659255,2009.7388866639967,241029_mACmChPOLR2A_ActivePolII
47,E11,195.81037053437709,423.304808843644,428.3373922449627,1892.2763636363636,HCT116 OsTIRF74G mAC-POLR2A-delHyg Clone 5,No addition,10 µM 5PhIAA,120,pSer2 3E10,Goat anti-rat Alexa647,594,903.2283592383808,1981.1413612565445,241029_mACmChPOLR2A_ActivePolII
48,E12,193.91148925293135,883.8140067049611,420.79843703403697,1890.8715244487057,HCT116 OsTIRF74G mAC-POLR2A-delHyg Clone 5,No addition,Vehicle,120,Total Pol II F12,Goat anti-mouse Alexa647,719,855.4334356006837,1912.4772462077012,241029_mACmChPOLR2A_ActivePolII
49,E13,191.19164216389612,844.2333953993971,418.206223912961,1952.633547008547,HCT116 OsTIRF74G mAC-POLR2A-delHyg Clone 5,No addition,Vehicle,120,pSer2 3E10,Goat anti-rat Alexa647,651,1218.6596149332393,1873.8077066965957,241029_mACmChPOLR2A_ActivePolII
50,E14,195.04286895374375,414.71723845169424,402.94312899566853,1950.256745707277,HCT116 OsTIRF74G mAC-POLR2A-delHyg Clone 5,"EU 1 mM, 30 mins",10 µM 5PhIAA,120,No primary,No secondary,620,365.7056544703934,1852.3498704183635,241029_mACmChPOLR2A_ActivePolII
51,E15,198.10129066297262,904.0137792322482,460.7977937049311,1911.9375650364204,HCT116 OsTIRF74G mAC-POLR2A-delHyg Clone 5,"EU 1 mM, 30 mins",Vehicle,120,No primary,No secondary,739,415.26762437488594,1863.9825174825176,241029_mACmChPOLR2A_ActivePolII
52,E16,194.28079775831193,434.55150596621587,427.5316473435537,1928.5141187926,HCT116 OsTIRF74G mAC-POLR2A-delHyg Clone 5,"EU 1 mM, 30 mins",10 µM 5PhIAA,120,No primary,No secondary,640,356.93707893204305,1954.376811594203,241029_mACmChPOLR2A_ActivePolII
53,E17,191.67684691086814,505.67685921801814,407.31906833036186,1958.2396616541353,HCT116 OsTIRF74G mAC-POLR2A-delHyg Clone 5,"EU 1 mM, 30 mins",Vehicle,120,No primary,No secondary,693,399.7807113272187,1870.7894736842106,241029_mACmChPOLR2A_ActivePolII
54,E18,195.19509584315767,412.95307158100445,428.64840365460833,1827.3595166163143,HCT116 OsTIRF74G mAC-POLR2A-delHyg Clone 5,"EU 1 mM, 30 mins",10 µM 5PhIAA,120,No primary,No secondary,489,377.2567155626253,1820.1694444444445,241029_mACmChPOLR2A_ActivePolII
55,E19,194.62568919033083,830.7796654108434,416.42442623572276,1924.4091971940763,HCT116 OsTIRF74G mAC-POLR2A-delHyg Clone 5,"EU 1 mM, 30 mins",Vehicle,120,No primary,No secondary,572,434.01567092417855,1879.4329473290998,241029_mACmChPOLR2A_ActivePolII
56,E20,194.26226318807636,411.5582617350514,419.3626546216138,2116.090981012658,HCT116 OsTIRF74G mAC-POLR2A-delHyg Clone 5,"EU 1 mM, 30 mins",10 µM 5PhIAA,120,No primary,No secondary,601,354.9405902794236,1940.1461073586918,241029_mACmChPOLR2A_ActivePolII
57,E21,196.0327675582248,891.95057095461,458.9894568087709,2000.320618556701,HCT116 OsTIRF74G mAC-POLR2A-delHyg Clone 5,"EU 1 mM, 30 mins",Vehicle,120,No primary,No secondary,581,445.620457100572,1919.3767387944358,241029_mACmChPOLR2A_ActivePolII
58,E22,193.76578150022058,840.4875692908863,436.0902347888059,2010.639024390244,HCT116 OsTIRF74G mAC-POLR2A-delHyg Clone 5,"EU 1 mM, 30 mins",Vehicle,120,No primary,No secondary,685,428.94242787798044,1963.471038251366,241029_mACmChPOLR2A_ActivePolII
59,F03,183.96334297512806,237.92530737568956,238.20407221966008,1698.4039965247612,HCT116 OsTIRF74G,No addition,No addition,No addition,pSer2 3E10,Goat anti-rat Alexa647,2237,942.135934794236,1655.9314459522695,241029_mACmChPOLR2A_ActivePolII
60,F04,321.83472021211765,270.5632344051194,294.17490353729926,1814.3257978723404,HCT116 OsTIRF74G mAC/mCh-POLR2A Clone 1,No addition,10 µM 5PhIAA,120,Total Pol II F12,Goat anti-mouse Alexa647,1522,671.4732829969156,1727.1450910530482,241029_mACmChPOLR2A_ActivePolII
61,F05,321.4700283905107,504.1350999112209,308.0776532876415,1781.8510726072607,HCT116 OsTIRF74G mAC/mCh-POLR2A Clone 1,No addition,Vehicle,120,Total Pol II F12,Goat anti-mouse Alexa647,956,793.6258311088466,1743.6884893492281,241029_mACmChPOLR2A_ActivePolII
62,F06,325.2933864391619,270.6715452325284,302.0154838195524,1786.5425721410759,HCT116 OsTIRF74G mAC/mCh-POLR2A Clone 1,No addition,10 µM 5PhIAA,120,Total Pol II F12,Goat anti-mouse Alexa647,1221,643.2692260772286,1749.730353879382,241029_mACmChPOLR2A_ActivePolII
63,F07,313.0751015141895,492.01716684688176,324.2879110615152,1796.3046692607004,HCT116 OsTIRF74G mAC/mCh-POLR2A Clone 1,No addition,Vehicle,120,Total Pol II F12,Goat anti-mouse Alexa647,1279,811.0052619688059,1731.2175667883914,241029_mACmChPOLR2A_ActivePolII
64,F08,332.2254106576875,273.68925590934526,317.99550325494033,1764.3591208791208,HCT116 OsTIRF74G mAC/mCh-POLR2A Clone 1,No addition,10 µM 5PhIAA,120,pSer2 3E10,Goat anti-rat Alexa647,879,1054.4574732749138,1703.6412228057013,241029_mACmChPOLR2A_ActivePolII
65,F09,322.9066578556106,504.78525974157026,366.29155875780305,1763.2170542635658,HCT116 OsTIRF74G mAC/mCh-POLR2A Clone 1,No addition,Vehicle,120,pSer2 3E10,Goat anti-rat Alexa647,1029,1103.1675824321974,1690.260978956999,241029_mACmChPOLR2A_ActivePolII
66,F10,338.83874267753083,279.50860495445227,377.91449293498096,1805.2441220610306,HCT116 OsTIRF74G mAC/mCh-POLR2A Clone 1,No addition,10 µM 5PhIAA,120,pSer2 3E10,Goat anti-rat Alexa647,1085,1100.2896592004727,1733.396486825596,241029_mACmChPOLR2A_ActivePolII
67,F11,319.0734678643896,498.3245429830887,370.7228692523616,1733.0584415584415,HCT116 OsTIRF74G mAC/mCh-POLR2A Clone 1,No addition,Vehicle,120,pSer2 3E10,Goat anti-rat Alexa647,1572,1115.0073945875506,1730.0120526608566,241029_mACmChPOLR2A_ActivePolII
68,F12,417.44219645880946,240.88841811999495,332.2133891906061,1743.3826386712628,HCT116 mChPOLR2A Clone 2,No addition,Vehicle,120,Total Pol II F12,Goat anti-mouse Alexa647,2421,707.8193449458958,1661.9022117123384,241029_mACmChPOLR2A_ActivePolII
69,F13,416.8917772600066,239.71060301469052,332.52495478948236,1678.7558927120022,HCT116 mChPOLR2A Clone 2,No addition,Vehicle,120,pSer2 3E10,Goat anti-rat Alexa647,2236,950.6620988473043,1646.1013522742794,241029_mACmChPOLR2A_ActivePolII
70,F14,340.5249379876054,274.96916339118616,358.31367072457255,1774.622641509434,HCT116 OsTIRF74G mAC/mCh-POLR2A Clone 1,"EU 1 mM, 30 mins",10 µM 5PhIAA,120,No primary,No secondary,1367,518.8437198286388,1674.745391705069,241029_mACmChPOLR2A_ActivePolII
71,F15,329.23176160770976,511.6516092912345,377.5218947392069,1805.2103646833013,HCT116 OsTIRF74G mAC/mCh-POLR2A Clone 1,"EU 1 mM, 30 mins",Vehicle,120,No primary,No secondary,1298,532.7373168534255,1668.4490125673249,241029_mACmChPOLR2A_ActivePolII
72,F16,329.0906756150106,269.2607503161155,382.37512859736944,1797.5951765719208,HCT116 OsTIRF74G mAC/mCh-POLR2A Clone 1,"EU 1 mM, 30 mins",10 µM 5PhIAA,120,No primary,No secondary,1494,514.2464593681669,1703.533566586486,241029_mACmChPOLR2A_ActivePolII
73,F17,319.32841212733786,492.911500233064,369.30218257522375,1803.5224264705882,HCT116 OsTIRF74G mAC/mCh-POLR2A Clone 1,"EU 1 mM, 30 mins",Vehicle,120,No primary,No secondary,1227,487.4618590494644,1681.1423317396102,241029_mACmChPOLR2A_ActivePolII
74,F18,342.35275944514154,274.2270993467078,405.41021424898906,1747.0389610389611,HCT116 OsTIRF74G mAC/mCh-POLR2A Clone 1,"EU 1 mM, 30 mins",10 µM 5PhIAA,120,No primary,No secondary,1060,499.0724451183995,1638.0841075794622,241029_mACmChPOLR2A_ActivePolII
75,F19,327.2756646180851,507.0953862573032,389.66539665890224,1784.731299623903,HCT116 OsTIRF74G mAC/mCh-POLR2A Clone 1,"EU 1 mM, 30 mins",Vehicle,120,No primary,No secondary,713,485.861569248158,1697.0238142488588,241029_mACmChPOLR2A_ActivePolII
76,F20,342.5966781308186,278.2578093649186,421.41834340949947,1797.4553039332538,HCT116 OsTIRF74G mAC/mCh-POLR2A Clone 1,"EU 1 mM, 30 mins",10 µM 5PhIAA,120,No primary,No secondary,829,416.03148974580307,1724.2604712041884,241029_mACmChPOLR2A_ActivePolII
77,F21,322.36109154080975,498.3104641415014,385.9115058462841,1830.2640159045725,HCT116 OsTIRF74G mAC/mCh-POLR2A Clone 1,"EU 1 mM, 30 mins",Vehicle,120,No primary,No secondary,685,499.1035983269294,1703.7564046895354,241029_mACmChPOLR2A_ActivePolII
78,F22,427.23580336800455,244.96988055512432,350.969410944082,1717.6986984214898,HCT116 mChPOLR2A Clone 2,"EU 1 mM, 30 mins",Vehicle,120,No primary,No secondary,1866,513.0350839397222,1616.5470230519022,241029_mACmChPOLR2A_ActivePolII
79,G03,188.990803475747,241.01283721750258,249.844625959986,1713.619913241066,HCT116 OsTIRF74G,No addition,No addition,No addition,Total Pol II F12,Goat anti-mouse Alexa647,2371,682.6922271458662,1680.8032074495602,241029_mACmChPOLR2A_ActivePolII
80,G04,326.18344583807817,285.7000020101517,299.1580704443081,1753.0180897250361,HCT116 OsTIRF74G mAC/mCh-POLR2A Clone 1,No addition,10 µM 5PhIAA,90,Total Pol II F12,Goat anti-mouse Alexa647,1115,636.1329659543075,1714.4016840019813,241029_mACmChPOLR2A_ActivePolII
81,G05,322.6450461748156,510.4919821306268,334.5835052231642,1784.1904301594973,HCT116 OsTIRF74G mAC/mCh-POLR2A Clone 1,No addition,Vehicle,90,Total Pol II F12,Goat anti-mouse Alexa647,1193,833.7440875300213,1721.34507346586,241029_mACmChPOLR2A_ActivePolII
82,G07,320.952669924298,513.6828402002186,328.40884418297105,1772.997624703088,HCT116 OsTIRF74G mAC/mCh-POLR2A Clone 1,No addition,Vehicle,90,Total Pol II F12,Goat anti-mouse Alexa647,1386,791.3071203442938,1697.8895038950388,241029_mACmChPOLR2A_ActivePolII
83,G08,328.9491621899394,281.64201210261336,316.1457467697053,1757.7590745911448,HCT116 OsTIRF74G mAC/mCh-POLR2A Clone 1,No addition,10 µM 5PhIAA,90,pSer2 3E10,Goat anti-rat Alexa647,1225,1038.2688778615006,1742.2273606470899,241029_mACmChPOLR2A_ActivePolII
84,G09,326.1460929013969,523.3240954555292,348.90804858833,1712.715600552232,HCT116 OsTIRF74G mAC/mCh-POLR2A Clone 1,No addition,Vehicle,90,pSer2 3E10,Goat anti-rat Alexa647,1260,1134.0655493873685,1672.616592403989,241029_mACmChPOLR2A_ActivePolII
85,G10,328.37604559408487,276.87756150068213,347.6178729550784,1763.477694235589,HCT116 OsTIRF74G mAC/mCh-POLR2A Clone 1,No addition,10 µM 5PhIAA,90,pSer2 3E10,Goat anti-rat Alexa647,1314,1119.0635972188447,1677.840208423795,241029_mACmChPOLR2A_ActivePolII
86,G11,319.9226863291306,502.14081858016516,374.33508301031503,1738.9468223086901,HCT116 OsTIRF74G mAC/mCh-POLR2A Clone 1,No addition,Vehicle,90,pSer2 3E10,Goat anti-rat Alexa647,1584,1087.0409423425888,1720.3534856242616,241029_mACmChPOLR2A_ActivePolII
87,G12,197.60655174215444,872.1294165170546,399.66540173207926,1891.619718309859,HCT116 OsTIRF74G mAC-POLR2A-delHyg Clone 5,No addition,Vehicle,120,Total Pol II F12,Goat anti-mouse Alexa647,888,765.4477064360473,1860.7125044531529,241029_mACmChPOLR2A_ActivePolII
88,G13,196.1224973600994,586.6172075400787,442.30609702064595,2018.9477272727272,HCT116 OsTIRF74G mAC-POLR2A-delHyg Clone 5,No addition,Vehicle,120,pSer2 3E10,Goat anti-rat Alexa647,827,1080.410667415021,1936.786937901499,241029_mACmChPOLR2A_ActivePolII
89,G14,330.4178968267557,281.55093479879594,376.6948318818354,1827.9375351716376,HCT116 OsTIRF74G mAC/mCh-POLR2A Clone 1,"EU 1 mM, 30 mins",10 µM 5PhIAA,90,No primary,No secondary,1766,491.31832897078544,1681.4425744826017,241029_mACmChPOLR2A_ActivePolII
90,G15,324.65991512421766,504.2119733471479,374.9539219778019,1797.7655963302752,HCT116 OsTIRF74G mAC/mCh-POLR2A Clone 1,"EU 1 mM, 30 mins",Vehicle,90,No primary,No secondary,1750,457.5364665991261,1697.9523521098324,241029_mACmChPOLR2A_ActivePolII
91,G16,328.9729701507742,278.71912023247944,381.12362465002496,1747.926073926074,HCT116 OsTIRF74G mAC/mCh-POLR2A Clone 1,"EU 1 mM, 30 mins",10 µM 5PhIAA,90,No primary,No secondary,1584,523.6156162902003,1644.522483451267,241029_mACmChPOLR2A_ActivePolII
92,G17,314.9491425595217,483.82383896192664,377.6220435224755,1781.1273798730733,HCT116 OsTIRF74G mAC/mCh-POLR2A Clone 1,"EU 1 mM, 30 mins",Vehicle,90,No primary,No secondary,1432,456.17863787104034,1690.7526362038664,241029_mACmChPOLR2A_ActivePolII
93,G18,333.9926986132142,279.23749972417886,396.94688137761284,1777.867341202923,HCT116 OsTIRF74G mAC/mCh-POLR2A Clone 1,"EU 1 mM, 30 mins",10 µM 5PhIAA,90,No primary,No secondary,1198,453.00797247021757,1695.1273125608568,241029_mACmChPOLR2A_ActivePolII
94,G19,325.7137738309372,504.5010755589593,411.83776626442597,1795.0896204846822,HCT116 OsTIRF74G mAC/mCh-POLR2A Clone 1,"EU 1 mM, 30 mins",Vehicle,90,No primary,No secondary,585,439.48973960191626,1667.8135474860335,241029_mACmChPOLR2A_ActivePolII
95,G20,332.9794614571562,283.064621836498,394.0715561933093,1852.9030860855441,HCT116 OsTIRF74G mAC/mCh-POLR2A Clone 1,"EU 1 mM, 30 mins",10 µM 5PhIAA,90,No primary,No secondary,794,442.2375245840684,1701.6809571286142,241029_mACmChPOLR2A_ActivePolII
96,G21,327.97608818351716,501.84660019306494,414.29167069731966,1729.0342465753424,HCT116 OsTIRF74G mAC/mCh-POLR2A Clone 1,"EU 1 mM, 30 mins",Vehicle,90,No primary,No secondary,909,461.40291689049496,1644.4229571052,241029_mACmChPOLR2A_ActivePolII
97,G22,198.53257192060715,873.8930309486905,443.867451857182,1990.5522260273972,HCT116 OsTIRF74G mAC-POLR2A-delHyg Clone 5,"EU 1 mM, 30 mins",Vehicle,120,No primary,No secondary,428,384.30645982069456,1849.6687672311934,241029_mACmChPOLR2A_ActivePolII
98,H03,189.21749108201826,243.571207161839,250.29487186081818,1707.6676321506154,HCT116 OsTIRF74G,No addition,No addition,No addition,pSer2 3E10,Goat anti-rat Alexa647,2291,910.6268908256774,1675.2251991310645,241029_mACmChPOLR2A_ActivePolII
99,H04,329.06538189977874,306.63739910820505,314.0460389492398,1773.0091264667535,HCT116 OsTIRF74G mAC/mCh-POLR2A Clone 1,No addition,10 µM 5PhIAA,60,Total Pol II F12,Goat anti-mouse Alexa647,1055,656.6779955389596,1745.2082307421738,241029_mACmChPOLR2A_ActivePolII
100,H05,317.3426227316228,499.12951575264054,327.1952992445308,1771.2307692307693,HCT116 OsTIRF74G mAC/mCh-POLR2A Clone 1,No addition,Vehicle,60,Total Pol II F12,Goat anti-mouse Alexa647,1211,765.7223589725571,1675.8836754643207,241029_mACmChPOLR2A_ActivePolII
101,H06,326.22346449859435,303.47944797046046,335.67456078754526,1780.4357381748687,HCT116 OsTIRF74G mAC/mCh-POLR2A Clone 1,No addition,10 µM 5PhIAA,60,Total Pol II F12,Goat anti-mouse Alexa647,1331,604.1827500958591,1698.986075949367,241029_mACmChPOLR2A_ActivePolII
102,H07,318.20799895152373,500.5308726182607,323.5605754116824,1763.1084225221034,HCT116 OsTIRF74G mAC/mCh-POLR2A Clone 1,No addition,Vehicle,60,Total Pol II F12,Goat anti-mouse Alexa647,1500,757.0038843029718,1701.240664751744,241029_mACmChPOLR2A_ActivePolII
103,H08,325.4282290586969,299.27147601146623,328.2878009164965,1745.8494359980382,HCT116 OsTIRF74G mAC/mCh-POLR2A Clone 1,No addition,10 µM 5PhIAA,60,pSer2 3E10,Goat anti-rat Alexa647,1472,1138.2944269840702,1676.0108932461874,241029_mACmChPOLR2A_ActivePolII
104,H09,319.6257610890853,512.3799766837648,346.16350716497266,1761.1408,HCT116 OsTIRF74G mAC/mCh-POLR2A Clone 1,No addition,Vehicle,60,pSer2 3E10,Goat anti-rat Alexa647,1236,1061.8714152911461,1697.7268544082458,241029_mACmChPOLR2A_ActivePolII
105,H10,326.5293981786938,299.2043620443079,356.7263117982788,1772.568317677199,HCT116 OsTIRF74G mAC/mCh-POLR2A Clone 1,No addition,10 µM 5PhIAA,60,pSer2 3E10,Goat anti-rat Alexa647,1552,1102.2146852096416,1728.8865860679332,241029_mACmChPOLR2A_ActivePolII
106,H11,316.6317474794644,502.6559052641766,373.63789379228393,1782.6531724406384,HCT116 OsTIRF74G mAC/mCh-POLR2A Clone 1,No addition,Vehicle,60,pSer2 3E10,Goat anti-rat Alexa647,2057,1085.393893589361,1728.96385775029,241029_mACmChPOLR2A_ActivePolII
107,H12,402.31063404406007,243.36117486769263,312.69710241745855,1744.2558076715288,HCT116 mChPOLR2A Clone 2,No addition,Vehicle,120,Total Pol II F12,Goat anti-mouse Alexa647,3393,660.0324152332666,1704.264986129538,241029_mACmChPOLR2A_ActivePolII
108,H13,408.51399254593855,244.21862831369856,330.93817922391,1692.1535326086957,HCT116 mChPOLR2A Clone 2,No addition,Vehicle,120,pSer2 3E10,Goat anti-rat Alexa647,3465,962.3195805363217,1648.2950136855884,241029_mACmChPOLR2A_ActivePolII
109,H14,323.6570140338702,300.0707466908692,364.8622721459995,1749.1153136531366,HCT116 OsTIRF74G mAC/mCh-POLR2A Clone 1,"EU 1 mM, 30 mins",10 µM 5PhIAA,60,No primary,No secondary,1361,477.77667458740376,1651.6202179952982,241029_mACmChPOLR2A_ActivePolII
110,H15,321.63290499996293,503.44438031755067,373.5839121071744,1849.2214194645135,HCT116 OsTIRF74G mAC/mCh-POLR2A Clone 1,"EU 1 mM, 30 mins",Vehicle,60,No primary,No secondary,1579,552.915001441747,1746.9956590370955,241029_mACmChPOLR2A_ActivePolII
111,H16,327.0702271508657,297.5014298814474,393.13072031150426,1805.533189422558,HCT116 OsTIRF74G mAC/mCh-POLR2A Clone 1,"EU 1 mM, 30 mins",10 µM 5PhIAA,60,No primary,No secondary,1376,461.80521097963174,1714.012658227848,241029_mACmChPOLR2A_ActivePolII
112,H17,366.5832819203709,513.6034952252951,392.42132926733046,1787.7941952506596,HCT116 OsTIRF74G mAC/mCh-POLR2A Clone 1,"EU 1 mM, 30 mins",Vehicle,60,No primary,No secondary,1394,487.35527383361807,1681.99207696661,241029_mACmChPOLR2A_ActivePolII
113,H18,322.9070722262582,295.67655298422545,372.41558407569715,1865.9149040826364,HCT116 OsTIRF74G mAC/mCh-POLR2A Clone 1,"EU 1 mM, 30 mins",10 µM 5PhIAA,60,No primary,No secondary,1044,483.2630807205731,1724.2689924259812,241029_mACmChPOLR2A_ActivePolII
114,H19,323.428339750714,504.6419356873175,385.62929928059924,1767.3647342995168,HCT116 OsTIRF74G mAC/mCh-POLR2A Clone 1,"EU 1 mM, 30 mins",Vehicle,60,No primary,No secondary,1164,408.7693317696,1671.0651473866733,241029_mACmChPOLR2A_ActivePolII
115,H20,333.6218660604943,303.2989465975792,394.37380415250686,1705.5158450704225,HCT116 OsTIRF74G mAC/mCh-POLR2A Clone 1,"EU 1 mM, 30 mins",10 µM 5PhIAA,60,No primary,No secondary,961,477.5613371927577,1627.1048640167364,241029_mACmChPOLR2A_ActivePolII
116,H21,316.4396087002463,488.92575729219925,378.00559602205163,1814.4706163401816,HCT116 OsTIRF74G mAC/mCh-POLR2A Clone 1,"EU 1 mM, 30 mins",Vehicle,60,No primary,No secondary,819,444.95774702737555,1653.03466976564,241029_mACmChPOLR2A_ActivePolII
117,H22,429.76960229869223,247.80226540692436,361.97811763055125,1685.03013847407,HCT116 mChPOLR2A Clone 2,"EU 1 mM, 30 mins",Vehicle,120,No primary,No secondary,2529,534.4193433151963,1585.6318698673406,241029_mACmChPOLR2A_ActivePolII
118,I03,191.67941150484177,245.5009994843156,252.83022049444716,1644.5900407812835,HCT116 OsTIRF74G,No addition,No addition,No addition,Total Pol II F12,Goat anti-mouse Alexa647,2380,704.3367492807924,1633.2148199860378,241029_mACmChPOLR2A_ActivePolII
119,I04,335.013551910191,369.2150599179889,305.77051979027954,1752.7076205287715,HCT116 OsTIRF74G mAC/mCh-POLR2A Clone 1,No addition,10 µM 5PhIAA,30,Total Pol II F12,Goat anti-mouse Alexa647,1217,734.2282451057584,1710.1207771748643,241029_mACmChPOLR2A_ActivePolII
120,I05,321.13767891407474,511.1958169190241,326.59430492458796,1796.8439821693908,HCT116 OsTIRF74G mAC/mCh-POLR2A Clone 1,No addition,Vehicle,30,Total Pol II F12,Goat anti-mouse Alexa647,1155,712.2871433962587,1737.9668155711552,241029_mACmChPOLR2A_ActivePolII
121,I06,320.30288318745846,362.0342350280468,313.54885533657847,1797.749892565535,HCT116 OsTIRF74G mAC/mCh-POLR2A Clone 1,No addition,10 µM 5PhIAA,30,Total Pol II F12,Goat anti-mouse Alexa647,1169,640.4033210487358,1704.4600269697553,241029_mACmChPOLR2A_ActivePolII
122,I07,312.5806267086931,493.9428428211339,327.8478399469413,1787.8616452991453,HCT116 OsTIRF74G mAC/mCh-POLR2A Clone 1,No addition,Vehicle,30,Total Pol II F12,Goat anti-mouse Alexa647,1487,720.2711717292924,1734.9961728950923,241029_mACmChPOLR2A_ActivePolII
123,I08,317.75369198296283,355.56925788028724,322.0579304104132,1748.5666518056175,HCT116 OsTIRF74G mAC/mCh-POLR2A Clone 1,No addition,10 µM 5PhIAA,30,pSer2 3E10,Goat anti-rat Alexa647,1670,1125.186005720957,1722.5728258558368,241029_mACmChPOLR2A_ActivePolII
124,I09,321.7043497968019,515.530420019028,370.9129725604563,1799.3884,HCT116 OsTIRF74G mAC/mCh-POLR2A Clone 1,No addition,Vehicle,30,pSer2 3E10,Goat anti-rat Alexa647,1538,1068.2844250991482,1756.1898610295557,241029_mACmChPOLR2A_ActivePolII
125,I10,322.44920475127026,360.00727142818323,360.62052988974125,1758.2346613545817,HCT116 OsTIRF74G mAC/mCh-POLR2A Clone 1,No addition,10 µM 5PhIAA,30,pSer2 3E10,Goat anti-rat Alexa647,1064,1097.6353787102455,1696.2,241029_mACmChPOLR2A_ActivePolII
126,I11,325.9695220812161,525.5070515694002,381.9920460946783,1772.3955745341616,HCT116 OsTIRF74G mAC/mCh-POLR2A Clone 1,No addition,Vehicle,30,pSer2 3E10,Goat anti-rat Alexa647,1633,1113.1858446616536,1717.6226267371305,241029_mACmChPOLR2A_ActivePolII
127,I12,201.1497228215479,900.4195406907929,418.4137762619627,1863.4954710144928,HCT116 OsTIRF74G mAC-POLR2A-delHyg Clone 5,No addition,Vehicle,120,Total Pol II F12,Goat anti-mouse Alexa647,845,746.6934938431373,1793.444209039548,241029_mACmChPOLR2A_ActivePolII
128,I13,203.00231271609925,727.531325678196,460.39059677082395,1847.7152014652015,HCT116 OsTIRF74G mAC-POLR2A-delHyg Clone 5,No addition,Vehicle,120,pSer2 3E10,Goat anti-rat Alexa647,818,1083.6732161257364,1851.6943181818183,241029_mACmChPOLR2A_ActivePolII
129,I14,319.2966378296689,356.80691882671147,359.1606329101459,1806.924269264836,HCT116 OsTIRF74G mAC/mCh-POLR2A Clone 1,"EU 1 mM, 30 mins",10 µM 5PhIAA,30,No primary,No secondary,1412,390.51494595832867,1699.0964031404053,241029_mACmChPOLR2A_ActivePolII
130,I16,324.11446237129223,355.44060083074953,402.69627843942004,1760.198548812665,HCT116 OsTIRF74G mAC/mCh-POLR2A Clone 1,"EU 1 mM, 30 mins",10 µM 5PhIAA,30,No primary,No secondary,1177,442.62951841732547,1654.4778519417475,241029_mACmChPOLR2A_ActivePolII
131,I17,325.9667083949911,501.1464613244507,413.0381407825014,1730.1853785900782,HCT116 OsTIRF74G mAC/mCh-POLR2A Clone 1,"EU 1 mM, 30 mins",Vehicle,30,No primary,No secondary,1196,423.2825329533035,1664.2716807367613,241029_mACmChPOLR2A_ActivePolII
132,I18,325.20632385748667,356.35288180587673,401.6557478828068,1750.3220221606648,HCT116 OsTIRF74G mAC/mCh-POLR2A Clone 1,"EU 1 mM, 30 mins",10 µM 5PhIAA,30,No primary,No secondary,970,426.83502962696065,1626.444347063979,241029_mACmChPOLR2A_ActivePolII
133,I19,337.0948425671376,514.4844841041419,452.5373277270667,1721.920613742495,HCT116 OsTIRF74G mAC/mCh-POLR2A Clone 1,"EU 1 mM, 30 mins",Vehicle,30,No primary,No secondary,961,431.8832847572657,1666.9049909801563,241029_mACmChPOLR2A_ActivePolII
134,I20,332.9755448617776,358.9380239275925,409.5736438559624,1746.7049399198931,HCT116 OsTIRF74G mAC/mCh-POLR2A Clone 1,"EU 1 mM, 30 mins",10 µM 5PhIAA,30,No primary,No secondary,841,390.37957966986653,1638.1387011460477,241029_mACmChPOLR2A_ActivePolII
135,I21,334.5076034361867,517.7307929374657,427.1196568593262,1746.4303079416532,HCT116 OsTIRF74G mAC/mCh-POLR2A Clone 1,"EU 1 mM, 30 mins",Vehicle,30,No primary,No secondary,806,366.23045782689087,1623.828388401888,241029_mACmChPOLR2A_ActivePolII
136,I22,203.12653728666587,417.3443906050087,423.550128040591,1914.2128205128206,HCT116 OsTIRF74G mAC-POLR2A-delHyg Clone 5,"EU 1 mM, 30 mins",10 µM 5PhIAA,120,No primary,No secondary,458,314.2807787325217,1886.7659574468084,241029_mACmChPOLR2A_ActivePolII
137,J03,198.8881050013283,246.10929481750523,250.98378736226036,1681.921324245375,HCT116 OsTIRF74G,No addition,No addition,No addition,pSer2 3E10,Goat anti-rat Alexa647,2342,930.4154175049732,1636.8541259982253,241029_mACmChPOLR2A_ActivePolII
138,J04,329.09383531848346,281.8885311037737,273.3978789600008,1808.5730456314113,HCT116 OsTIRF74G mAC/mCh-POLR2A Clone 1,No addition,10 µM 5PhIAA,120,Total Pol II F12,Goat anti-mouse Alexa647,1222,572.5979521157286,1722.6159317211948,241029_mACmChPOLR2A_ActivePolII
139,J05,323.1873136848146,522.3865648048713,320.069591250228,1795.5213523131672,HCT116 OsTIRF74G mAC/mCh-POLR2A Clone 1,No addition,Vehicle,120,Total Pol II F12,Goat anti-mouse Alexa647,1208,722.0717007601454,1732.8354070387486,241029_mACmChPOLR2A_ActivePolII
140,J06,326.4853104744418,279.7744887911648,307.62669629588254,1781.7011286681716,HCT116 OsTIRF74G mAC/mCh-POLR2A Clone 1,No addition,10 µM 5PhIAA,120,Total Pol II F12,Goat anti-mouse Alexa647,1308,583.8610450760071,1715.581420567504,241029_mACmChPOLR2A_ActivePolII
141,J07,317.60396081451404,509.8950348769213,329.2701052645964,1813.8779270633397,HCT116 OsTIRF74G mAC/mCh-POLR2A Clone 1,No addition,Vehicle,120,Total Pol II F12,Goat anti-mouse Alexa647,1774,671.9521343718496,1763.0706868282018,241029_mACmChPOLR2A_ActivePolII
142,J08,330.0972741086835,281.29629930871107,324.42012537395266,1764.5169811320754,HCT116 OsTIRF74G mAC/mCh-POLR2A Clone 1,No addition,10 µM 5PhIAA,120,pSer2 3E10,Goat anti-rat Alexa647,1764,1009.0387168815472,1728.5662195352352,241029_mACmChPOLR2A_ActivePolII
143,J09,319.16252508243724,509.07742525942194,357.5236641297672,1810.9512922465208,HCT116 OsTIRF74G mAC/mCh-POLR2A Clone 1,No addition,Vehicle,120,pSer2 3E10,Goat anti-rat Alexa647,1782,1109.4626504906103,1706.2434464976363,241029_mACmChPOLR2A_ActivePolII
144,J10,337.06177917635256,283.1807360115847,376.94844936120484,1770.7249575551782,HCT116 OsTIRF74G mAC/mCh-POLR2A Clone 1,No addition,10 µM 5PhIAA,120,pSer2 3E10,Goat anti-rat Alexa647,1116,1134.2453245679162,1694.6300350262698,241029_mACmChPOLR2A_ActivePolII
145,J11,317.60997608917086,507.3186356865801,374.99156165035674,1809.2232243517474,HCT116 OsTIRF74G mAC/mCh-POLR2A Clone 1,No addition,Vehicle,120,pSer2 3E10,Goat anti-rat Alexa647,1775,1036.3941826238079,1722.5620544690184,241029_mACmChPOLR2A_ActivePolII
146,J12,413.8714332609013,247.62797348844964,331.0014062773744,1715.4115214180206,HCT116 mChPOLR2A Clone 2,No addition,Vehicle,120,Total Pol II F12,Goat anti-mouse Alexa647,2995,603.896393534599,1644.002037437922,241029_mACmChPOLR2A_ActivePolII
147,J13,415.5490670356204,247.37513134232177,330.09134956087655,1731.1359250851306,HCT116 mChPOLR2A Clone 2,No addition,Vehicle,120,pSer2 3E10,Goat anti-rat Alexa647,3275,998.2653782516744,1677.3003985158718,241029_mACmChPOLR2A_ActivePolII
148,J14,335.87536217289426,282.09633755509196,372.6820844550477,1791.6985061113626,HCT116 OsTIRF74G mAC/mCh-POLR2A Clone 1,"EU 1 mM, 30 mins",10 µM 5PhIAA,120,No primary,No secondary,1627,408.3005153465587,1693.415274463007,241029_mACmChPOLR2A_ActivePolII
149,J15,321.42384478629026,508.0355672949809,372.784922309743,1829.6452862677572,HCT116 OsTIRF74G mAC/mCh-POLR2A Clone 1,"EU 1 mM, 30 mins",Vehicle,120,No primary,No secondary,1391,455.4678593793052,1704.5847318870242,241029_mACmChPOLR2A_ActivePolII
150,J16,338.5988750255105,279.70221200390745,391.9398156802408,1797.5100908173563,HCT116 OsTIRF74G mAC/mCh-POLR2A Clone 1,"EU 1 mM, 30 mins",10 µM 5PhIAA,120,No primary,No secondary,1064,491.2715057155756,1674.5957736877983,241029_mACmChPOLR2A_ActivePolII
151,J17,317.3835785597351,495.3110368569972,378.0904089385698,1868.4461784713885,HCT116 OsTIRF74G mAC/mCh-POLR2A Clone 1,"EU 1 mM, 30 mins",Vehicle,120,No primary,No secondary,1290,415.0668451441491,1736.491030454735,241029_mACmChPOLR2A_ActivePolII
152,J18,336.2674486629829,281.5737332656722,387.78293912209944,1712.994952327538,HCT116 OsTIRF74G mAC/mCh-POLR2A Clone 1,"EU 1 mM, 30 mins",10 µM 5PhIAA,120,No primary,No secondary,1060,456.5921253297832,1696.072593993852,241029_mACmChPOLR2A_ActivePolII
153,J19,329.5250933881655,382.10712274474105,402.7705128299127,1709.3950223356733,HCT116 OsTIRF74G mAC/mCh-POLR2A Clone 1,"EU 1 mM, 30 mins",Vehicle,120,No primary,No secondary,1079,429.084056317323,1641.59864439603,241029_mACmChPOLR2A_ActivePolII
154,J20,345.9739437022682,284.5723276987628,422.28760573447676,1804.8332217012726,HCT116 OsTIRF74G mAC/mCh-POLR2A Clone 1,"EU 1 mM, 30 mins",10 µM 5PhIAA,120,No primary,No secondary,867,464.76582201928795,1695.9310157523084,241029_mACmChPOLR2A_ActivePolII
155,J21,331.07728936052575,506.46979252083526,404.5342046806331,1738.8587512794268,HCT116 OsTIRF74G mAC/mCh-POLR2A Clone 1,"EU 1 mM, 30 mins",Vehicle,120,No primary,No secondary,592,454.80762225178347,1674.4679346500855,241029_mACmChPOLR2A_ActivePolII
156,J22,413.1033918965051,248.61855275811826,368.55599357612675,1690.3898351648352,HCT116 mChPOLR2A Clone 2,"EU 1 mM, 30 mins",10 µM 5PhIAA,120,No primary,No secondary,2147,520.897106954548,1600.0126814617054,241029_mACmChPOLR2A_ActivePolII
157,K03,192.4649410854452,246.82559307048402,249.7545106617357,1649.6058407738096,HCT116 OsTIRF74G,No addition,No addition,No addition,Total Pol II F12,Goat anti-mouse Alexa647,2109,559.1028457791114,1648.9787253061588,241029_mACmChPOLR2A_ActivePolII
158,K04,333.5083531624815,293.2510350831503,303.05335295973475,1780.8006681514476,HCT116 OsTIRF74G mAC/mCh-POLR2A Clone 1,No addition,10 µM 5PhIAA,90,Total Pol II F12,Goat anti-mouse Alexa647,1294,596.8271758939967,1719.8850113418252,241029_mACmChPOLR2A_ActivePolII
159,K05,314.1225439903621,513.4503767458355,319.8494761034344,1776.8614573346117,HCT116 OsTIRF74G mAC/mCh-POLR2A Clone 1,No addition,Vehicle,90,Total Pol II F12,Goat anti-mouse Alexa647,970,710.8149142871321,1726.3559289669658,241029_mACmChPOLR2A_ActivePolII
160,K06,327.6090786578933,289.20304810191595,323.73285617622383,1784.4063906390638,HCT116 OsTIRF74G mAC/mCh-POLR2A Clone 1,No addition,10 µM 5PhIAA,90,Total Pol II F12,Goat anti-mouse Alexa647,1527,578.2113849304557,1704.3406018316616,241029_mACmChPOLR2A_ActivePolII
161,K07,318.15619369342625,520.5484508407745,326.955956922507,1795.8910093299405,HCT116 OsTIRF74G mAC/mCh-POLR2A Clone 1,No addition,Vehicle,90,Total Pol II F12,Goat anti-mouse Alexa647,1354,693.9698461841175,1728.6922296611888,241029_mACmChPOLR2A_ActivePolII
162,K08,328.95884646961827,291.148838442539,331.2531839053851,1797.244567533021,HCT116 OsTIRF74G mAC/mCh-POLR2A Clone 1,No addition,10 µM 5PhIAA,90,pSer2 3E10,Goat anti-rat Alexa647,1688,1032.8699800898537,1739.3071744161582,241029_mACmChPOLR2A_ActivePolII
163,K09,320.14166491523093,512.1602230621354,370.4082460643344,1799.9142857142858,HCT116 OsTIRF74G mAC/mCh-POLR2A Clone 1,No addition,Vehicle,90,pSer2 3E10,Goat anti-rat Alexa647,1426,1206.6567101368719,1736.1309754075712,241029_mACmChPOLR2A_ActivePolII
164,K10,334.59738282676614,289.46758431223753,368.26828346656185,1752.3152119700749,HCT116 OsTIRF74G mAC/mCh-POLR2A Clone 1,No addition,10 µM 5PhIAA,90,pSer2 3E10,Goat anti-rat Alexa647,1330,1099.2937892981513,1722.085462744256,241029_mACmChPOLR2A_ActivePolII
165,K11,320.01313314649104,523.8065307853916,379.2688982293522,1716.5007832898173,HCT116 OsTIRF74G mAC/mCh-POLR2A Clone 1,No addition,Vehicle,90,pSer2 3E10,Goat anti-rat Alexa647,1473,1147.0865177364324,1698.7211740041928,241029_mACmChPOLR2A_ActivePolII
166,K12,201.57101732019743,884.1163749624448,399.3119586892401,1990.1379647749511,HCT116 OsTIRF74G mAC-POLR2A-delHyg Clone 5,No addition,Vehicle,120,Total Pol II F12,Goat anti-mouse Alexa647,841,703.5398786072703,1838.7735060593398,241029_mACmChPOLR2A_ActivePolII
167,K13,202.27691529547417,817.7326124115698,434.97856786873876,1916.641975308642,HCT116 OsTIRF74G mAC-POLR2A-delHyg Clone 5,No addition,Vehicle,120,pSer2 3E10,Goat anti-rat Alexa647,812,1075.759427254882,1863.9450427033048,241029_mACmChPOLR2A_ActivePolII
168,K14,329.4892420873949,284.1894825718455,381.80304204836983,1821.8919145370758,HCT116 OsTIRF74G mAC/mCh-POLR2A Clone 1,"EU 1 mM, 30 mins",10 µM 5PhIAA,90,No primary,No secondary,1357,431.9114514325085,1684.8830939226518,241029_mACmChPOLR2A_ActivePolII
169,K15,325.3829424527866,480.5984035138226,398.51094279674635,1790.4455445544554,HCT116 OsTIRF74G mAC/mCh-POLR2A Clone 1,"EU 1 mM, 30 mins",Vehicle,90,No primary,No secondary,1454,447.97702625714334,1676.6368275568786,241029_mACmChPOLR2A_ActivePolII
170,K16,331.19731611533155,287.09049751136075,394.2054951225676,1811.8172451193059,HCT116 OsTIRF74G mAC/mCh-POLR2A Clone 1,"EU 1 mM, 30 mins",10 µM 5PhIAA,90,No primary,No secondary,1143,476.29875572234266,1708.04146856841,241029_mACmChPOLR2A_ActivePolII
171,K17,324.59728145529795,516.447484934089,417.8158212900726,1729.6100917431193,HCT116 OsTIRF74G mAC/mCh-POLR2A Clone 1,"EU 1 mM, 30 mins",Vehicle,90,No primary,No secondary,1117,397.328678905235,1646.5858585858587,241029_mACmChPOLR2A_ActivePolII
172,K18,326.828476580289,281.4752276652271,395.3565637803295,1720.885736196319,HCT116 OsTIRF74G mAC/mCh-POLR2A Clone 1,"EU 1 mM, 30 mins",10 µM 5PhIAA,90,No primary,No secondary,1489,459.031626038559,1614.1476578411405,241029_mACmChPOLR2A_ActivePolII
173,K19,324.0401624136495,505.0911973553976,441.04778228765065,1820.0360824742268,HCT116 OsTIRF74G mAC/mCh-POLR2A Clone 1,"EU 1 mM, 30 mins",Vehicle,90,No primary,No secondary,930,421.60485054328717,1678.9201193238316,241029_mACmChPOLR2A_ActivePolII
174,K20,340.5042168176032,290.5085234338765,430.0364718580364,1683.1613123718387,HCT116 OsTIRF74G mAC/mCh-POLR2A Clone 1,"EU 1 mM, 30 mins",10 µM 5PhIAA,90,No primary,No secondary,886,428.5625552578035,1603.7857785778579,241029_mACmChPOLR2A_ActivePolII
175,K21,341.09037831842164,520.2126974443922,458.42879000831425,1646.9027272727274,HCT116 OsTIRF74G mAC/mCh-POLR2A Clone 1,"EU 1 mM, 30 mins",Vehicle,90,No primary,No secondary,875,434.3675722138858,1584.0963284642717,241029_mACmChPOLR2A_ActivePolII
176,K22,203.6389461320431,433.2355663423416,419.8737300763459,2111.550248756219,HCT116 OsTIRF74G mAC-POLR2A-delHyg Clone 5,"EU 1 mM, 30 mins",10 µM 5PhIAA,120,No primary,No secondary,385,317.6436903889516,1931.1788224956063,241029_mACmChPOLR2A_ActivePolII
177,L03,193.99618814230877,249.96919520352398,251.27255372451526,1685.8969310943833,HCT116 OsTIRF74G,No addition,No addition,No addition,pSer2 3E10,Goat anti-rat Alexa647,1923,844.0663799210272,1648.604170332571,241029_mACmChPOLR2A_ActivePolII
178,L04,314.2962552460086,300.97924020219233,294.9750310589457,1849.8785805899956,HCT116 OsTIRF74G mAC/mCh-POLR2A Clone 1,No addition,10 µM 5PhIAA,60,Total Pol II F12,Goat anti-mouse Alexa647,1093,559.9774445127158,1780.4233464365066,241029_mACmChPOLR2A_ActivePolII
179,L05,318.38748943089513,440.0221021581613,304.5600303070269,1788.4724864130435,HCT116 OsTIRF74G mAC/mCh-POLR2A Clone 1,No addition,Vehicle,60,Total Pol II F12,Goat anti-mouse Alexa647,1199,673.7403657736478,1754.383118971061,241029_mACmChPOLR2A_ActivePolII
180,L06,328.1578111951505,316.62224504085276,339.9002801517931,1736.0487012987012,HCT116 OsTIRF74G mAC/mCh-POLR2A Clone 1,No addition,10 µM 5PhIAA,60,Total Pol II F12,Goat anti-mouse Alexa647,1020,541.3488751554233,1755.7358530856288,241029_mACmChPOLR2A_ActivePolII
181,L08,326.17886670844393,306.56062074989256,333.2776630465458,1809.0122887864823,HCT116 OsTIRF74G mAC/mCh-POLR2A Clone 1,No addition,10 µM 5PhIAA,60,pSer2 3E10,Goat anti-rat Alexa647,1444,1138.8174983350361,1752.5335600907028,241029_mACmChPOLR2A_ActivePolII
182,L09,336.6174698469162,527.1125265451199,370.9943247404195,1688.818431911967,HCT116 OsTIRF74G mAC/mCh-POLR2A Clone 1,No addition,Vehicle,60,pSer2 3E10,Goat anti-rat Alexa647,1299,1159.840180727066,1694.2056313993173,241029_mACmChPOLR2A_ActivePolII
183,L10,324.3066881974296,307.1420641442317,369.03642470811434,1764.6120950323975,HCT116 OsTIRF74G mAC/mCh-POLR2A Clone 1,No addition,10 µM 5PhIAA,60,pSer2 3E10,Goat anti-rat Alexa647,1073,1101.9040491779617,1695.0509891902916,241029_mACmChPOLR2A_ActivePolII
184,L11,314.9001731686382,505.4339922007992,368.11480800680715,1747.7824228028503,HCT116 OsTIRF74G mAC/mCh-POLR2A Clone 1,No addition,Vehicle,60,pSer2 3E10,Goat anti-rat Alexa647,1040,1104.7777581609027,1669.9949660757277,241029_mACmChPOLR2A_ActivePolII
185,L12,413.7747531666216,246.3849892638842,347.1089479789995,1714.8891271056661,HCT116 mChPOLR2A Clone 2,No addition,Vehicle,120,Total Pol II F12,Goat anti-mouse Alexa647,2505,629.7373854118322,1650.0172835729581,241029_mACmChPOLR2A_ActivePolII
186,L13,407.0991915341287,247.9313870471171,348.9613436483122,1729.6726501305484,HCT116 mChPOLR2A Clone 2,No addition,Vehicle,120,pSer2 3E10,Goat anti-rat Alexa647,2447,1029.4835202033644,1690.399644760213,241029_mACmChPOLR2A_ActivePolII
187,L14,325.2295767174439,306.0035701711924,411.3603270516858,1823.1516646115906,HCT116 OsTIRF74G mAC/mCh-POLR2A Clone 1,"EU 1 mM, 30 mins",10 µM 5PhIAA,60,No primary,No secondary,1535,407.9631305291341,1684.349164467898,241029_mACmChPOLR2A_ActivePolII
188,L15,320.3179078987741,509.1383878609261,383.9427124168921,1782.0897755610972,HCT116 OsTIRF74G mAC/mCh-POLR2A Clone 1,"EU 1 mM, 30 mins",Vehicle,60,No primary,No secondary,1236,396.57522022548864,1666.4541984732825,241029_mACmChPOLR2A_ActivePolII
189,L16,325.76537533984236,305.39002310938963,383.87804532488906,1794.2113821138212,HCT116 OsTIRF74G mAC/mCh-POLR2A Clone 1,"EU 1 mM, 30 mins",10 µM 5PhIAA,60,No primary,No secondary,834,393.56914717898445,1670.8794788273615,241029_mACmChPOLR2A_ActivePolII
190,L17,316.4024158451897,485.53508562252875,377.7586058194426,1771.0543789353178,HCT116 OsTIRF74G mAC/mCh-POLR2A Clone 1,"EU 1 mM, 30 mins",Vehicle,60,No primary,No secondary,825,351.238560684556,1653.2684509326846,241029_mACmChPOLR2A_ActivePolII
191,L18,321.53911238349957,302.9803112190045,367.9210461769228,1787.5046170559478,HCT116 OsTIRF74G mAC/mCh-POLR2A Clone 1,"EU 1 mM, 30 mins",10 µM 5PhIAA,60,No primary,No secondary,1128,422.45999005015676,1651.5536384096024,241029_mACmChPOLR2A_ActivePolII
192,L19,322.28509161715084,513.9172488324045,399.5041080735278,1758.2465753424658,HCT116 OsTIRF74G mAC/mCh-POLR2A Clone 1,"EU 1 mM, 30 mins",Vehicle,60,No primary,No secondary,1179,370.79290224311836,1611.4918123785735,241029_mACmChPOLR2A_ActivePolII
193,L20,336.40556589678084,314.59048644659094,403.77010959496414,1740.8046722907204,HCT116 OsTIRF74G mAC/mCh-POLR2A Clone 1,"EU 1 mM, 30 mins",10 µM 5PhIAA,60,No primary,No secondary,766,403.59137222685274,1654.0963052695336,241029_mACmChPOLR2A_ActivePolII
194,L21,324.8556826705127,524.2628220918012,396.4470055933524,1805.4387909319898,HCT116 OsTIRF74G mAC/mCh-POLR2A Clone 1,"EU 1 mM, 30 mins",Vehicle,60,No primary,No secondary,819,411.4384871026238,1691.8449224612307,241029_mACmChPOLR2A_ActivePolII
195,L22,422.80647130190675,252.52899654149223,364.21751746952503,1770.4036243822077,HCT116 mChPOLR2A Clone 2,"EU 1 mM, 30 mins",10 µM 5PhIAA,120,No primary,No secondary,2328,520.7577827555203,1626.8929894556854,241029_mACmChPOLR2A_ActivePolII
196,M03,194.8347860233517,250.0802930328492,267.2897127145095,1726.4396777003485,HCT116 OsTIRF74G,No addition,No addition,No addition,Total Pol II F12,Goat anti-mouse Alexa647,2336,602.2714787855037,1681.295663734915,241029_mACmChPOLR2A_ActivePolII
197,M04,319.3866670804683,365.7857489161655,321.34021813156363,1810.588674793551,HCT116 OsTIRF74G mAC/mCh-POLR2A Clone 1,No addition,10 µM 5PhIAA,30,Total Pol II F12,Goat anti-mouse Alexa647,1097,612.0155840572438,1713.6044052863435,241029_mACmChPOLR2A_ActivePolII
198,M06,320.9734995865934,363.2362178519291,344.4290811121604,1786.811555075594,HCT116 OsTIRF74G mAC/mCh-POLR2A Clone 1,No addition,10 µM 5PhIAA,30,Total Pol II F12,Goat anti-mouse Alexa647,1123,581.0174800019452,1720.2534246575342,241029_mACmChPOLR2A_ActivePolII
199,M07,316.460871433576,460.75546837107504,351.8441890792317,1784.8138268916712,HCT116 OsTIRF74G mAC/mCh-POLR2A Clone 1,No addition,Vehicle,30,Total Pol II F12,Goat anti-mouse Alexa647,1026,633.815637785337,1740.0731126458682,241029_mACmChPOLR2A_ActivePolII
200,M08,325.4369277686007,358.5018107144248,361.78310434400845,1712.547285954113,HCT116 OsTIRF74G mAC/mCh-POLR2A Clone 1,No addition,10 µM 5PhIAA,30,pSer2 3E10,Goat anti-rat Alexa647,1357,1090.7761978414565,1638.7827204937003,241029_mACmChPOLR2A_ActivePolII
201,M09,321.9303619303744,506.14831367995674,375.1750973925307,1752.341840161182,HCT116 OsTIRF74G mAC/mCh-POLR2A Clone 1,No addition,Vehicle,30,pSer2 3E10,Goat anti-rat Alexa647,1170,1105.8767842243353,1695.3717746182201,241029_mACmChPOLR2A_ActivePolII
202,M10,324.5498363860283,359.58387698269655,380.9620325252498,1780.1317008603573,HCT116 OsTIRF74G mAC/mCh-POLR2A Clone 1,No addition,10 µM 5PhIAA,30,pSer2 3E10,Goat anti-rat Alexa647,934,1051.5099766106455,1720.056104794859,241029_mACmChPOLR2A_ActivePolII
203,M11,326.75468712539697,517.8284674811442,380.8681202829072,1760.212323682257,HCT116 OsTIRF74G mAC/mCh-POLR2A Clone 1,No addition,Vehicle,30,pSer2 3E10,Goat anti-rat Alexa647,1125,1061.313909668761,1716.2884111169376,241029_mACmChPOLR2A_ActivePolII
204,M12,201.08085411354404,901.551500809224,427.15361956411436,1967.4696180555557,HCT116 OsTIRF74G mAC-POLR2A-delHyg Clone 5,No addition,Vehicle,120,Total Pol II F12,Goat anti-mouse Alexa647,534,771.0535319075682,1879.4622899570145,241029_mACmChPOLR2A_ActivePolII
205,M13,203.91960130406176,918.9092293310522,453.5467197522397,1927.8737174427781,HCT116 OsTIRF74G mAC-POLR2A-delHyg Clone 5,No addition,Vehicle,120,pSer2 3E10,Goat anti-rat Alexa647,666,1129.0757617524946,1940.3401736385163,241029_mACmChPOLR2A_ActivePolII
206,M14,332.4504496248772,369.0960892836874,418.59066893143887,1753.9840470193114,HCT116 OsTIRF74G mAC/mCh-POLR2A Clone 1,"EU 1 mM, 30 mins",10 µM 5PhIAA,30,No primary,No secondary,752,380.16232628657804,1625.702795031056,241029_mACmChPOLR2A_ActivePolII
207,M15,316.5479966663215,504.78796796116023,398.7231059171014,1788.1388274336284,HCT116 OsTIRF74G mAC/mCh-POLR2A Clone 1,"EU 1 mM, 30 mins",Vehicle,30,No primary,No secondary,1218,401.16284097788747,1682.3541228684887,241029_mACmChPOLR2A_ActivePolII
208,M16,323.2807950933364,367.5540987828574,416.5632501529295,1776.0885608856088,HCT116 OsTIRF74G mAC/mCh-POLR2A Clone 1,"EU 1 mM, 30 mins",10 µM 5PhIAA,30,No primary,No secondary,984,397.02602440398704,1671.8719620628335,241029_mACmChPOLR2A_ActivePolII
209,M17,317.4682164602172,505.3241977101551,412.0037062836794,1800.1965174129352,HCT116 OsTIRF74G mAC/mCh-POLR2A Clone 1,"EU 1 mM, 30 mins",Vehicle,30,No primary,No secondary,768,328.61482848340404,1638.0329522528582,241029_mACmChPOLR2A_ActivePolII
210,M18,340.02277591250544,373.26399484629457,423.0491440124282,1648.3711340206185,HCT116 OsTIRF74G mAC/mCh-POLR2A Clone 1,"EU 1 mM, 30 mins",10 µM 5PhIAA,30,No primary,No secondary,989,297.72287606112894,1613.7026522226372,241029_mACmChPOLR2A_ActivePolII
211,M19,327.980494335437,536.6370394685799,467.5569001135476,1666.419795221843,HCT116 OsTIRF74G mAC/mCh-POLR2A Clone 1,"EU 1 mM, 30 mins",Vehicle,30,No primary,No secondary,645,372.941527451595,1616.650495049505,241029_mACmChPOLR2A_ActivePolII
212,M20,328.8840767326861,351.1195156018738,419.92656208811746,1705.861596009975,HCT116 OsTIRF74G mAC/mCh-POLR2A Clone 1,"EU 1 mM, 30 mins",10 µM 5PhIAA,30,No primary,No secondary,1058,436.7949250879809,1579.6943488943489,241029_mACmChPOLR2A_ActivePolII
213,M21,331.7079777103235,444.14062159071534,447.56108152874236,1729.3414195867026,HCT116 OsTIRF74G mAC/mCh-POLR2A Clone 1,"EU 1 mM, 30 mins",Vehicle,30,No primary,No secondary,780,432.62406747391674,1600.4346335190742,241029_mACmChPOLR2A_ActivePolII
214,M22,205.03332361005462,418.72268275201753,437.14761085834647,1892.2326283987916,HCT116 OsTIRF74G mAC-POLR2A-delHyg Clone 5,"EU 1 mM, 30 mins",10 µM 5PhIAA,120,No primary,No secondary,504,290.5695942013384,1824.3939784946238,241029_mACmChPOLR2A_ActivePolII
215,N04,196.6847089691199,253.84431280109902,266.35752068512835,1719.6881892921597,HCT116 OsTIRF74G,No addition,No addition,No addition,No primary,Goat anti-mouse Alexa647,2008,129.80899147803095,1649.6123664749384,241029_mACmChPOLR2A_ActivePolII
216,N05,199.1948117759695,255.11067517106665,277.14904458897246,1707.8951896754008,HCT116 OsTIRF74G,No addition,No addition,No addition,Total Pol II F12,Goat anti-mouse Alexa647,2229,624.6526246053687,1640.2476033698074,241029_mACmChPOLR2A_ActivePolII
217,N06,197.9113154155377,256.4207673475256,270.98551548265544,1730.9365351629503,HCT116 OsTIRF74G,No addition,No addition,No addition,No primary,Goat anti-mouse Alexa647,1903,126.54030286946202,1673.1038400841662,241029_mACmChPOLR2A_ActivePolII
218,N07,198.2670265305758,256.0425709496775,281.16723342208155,1732.2437362637363,HCT116 OsTIRF74G,No addition,No addition,No addition,Total Pol II F12,Goat anti-mouse Alexa647,1970,565.296683219495,1643.2857142857142,241029_mACmChPOLR2A_ActivePolII
219,N08,196.772871764273,258.26405433694686,279.96784034936366,1702.4285714285713,HCT116 OsTIRF74G,No addition,No addition,No addition,No primary,Goat anti-rat Alexa647,1756,125.3538681520438,1659.1827065106238,241029_mACmChPOLR2A_ActivePolII
220,N09,198.34856838871204,251.52232762885214,291.9210081835118,1728.255882976468,HCT116 OsTIRF74G,No addition,No addition,No addition,pSer2 3E10,Goat anti-rat Alexa647,1927,932.7124575045425,1668.0916442048517,241029_mACmChPOLR2A_ActivePolII
221,N10,197.07536275621544,252.10446128716603,294.0954066610542,1726.6624971571525,HCT116 OsTIRF74G,No addition,No addition,No addition,No primary,Goat anti-rat Alexa647,1565,124.85474116628377,1655.6297044439718,241029_mACmChPOLR2A_ActivePolII
222,N11,194.61069644707177,247.49340675761152,304.66800419460486,1707.890780730897,HCT116 OsTIRF74G,No addition,No addition,No addition,pSer2 3E10,Goat anti-rat Alexa647,2472,916.0322482873618,1673.6356364363564,241029_mACmChPOLR2A_ActivePolII
223,N12,200.0289912155116,250.228631296063,300.75704664238873,1660.9112532480513,HCT116 OsTIRF74G,No addition,No addition,No addition,No primary,Goat anti-mouse Alexa647,1528,124.89605508987506,1648.1932421396489,241029_mACmChPOLR2A_ActivePolII
224,N13,194.35722495692474,246.019700667678,313.27497450918645,1690.9272500519642,HCT116 OsTIRF74G,No addition,No addition,No addition,No primary,Goat anti-rat Alexa647,2072,125.25384233162079,1675.5717488789237,241029_mACmChPOLR2A_ActivePolII
225,N14,198.0283711839901,251.65452360005176,304.456616020144,1699.779383886256,HCT116 OsTIRF74G,No addition,No addition,No addition,No primary,No secondary,1633,144.13497320653593,1509.1298819255223,241029_mACmChPOLR2A_ActivePolII
226,N15,198.00524151508665,250.15121822689946,333.1244909391336,1710.9532100108813,HCT116 OsTIRF74G,No addition,No addition,No addition,No primary,No secondary,2127,136.4050829885431,1576.9284763805722,241029_mACmChPOLR2A_ActivePolII
227,N16,196.37017257508344,249.22859764449322,300.5770862415137,1670.3797035347777,HCT116 OsTIRF74G,No addition,No addition,No addition,No primary,No secondary,2009,141.6386785506369,1541.619108910891,241029_mACmChPOLR2A_ActivePolII
228,N17,196.97842280908537,247.789610085919,336.1248643774448,1730.9039720646006,HCT116 OsTIRF74G,No addition,No addition,No addition,No primary,No secondary,2064,134.20896321099465,1573.4539755856154,241029_mACmChPOLR2A_ActivePolII
229,N18,198.30000779721976,253.85229389105862,311.66815184471,1681.6511180572254,HCT116 OsTIRF74G,No addition,No addition,No addition,No primary,No secondary,1319,144.04606475205844,1527.5784877039762,241029_mACmChPOLR2A_ActivePolII
230,N19,201.10826226818637,256.2500633750005,329.2454258804379,1708.0506007393715,HCT116 OsTIRF74G,No addition,No addition,No addition,No primary,No secondary,1759,134.45665873466191,1550.5710340256296,241029_mACmChPOLR2A_ActivePolII
231,N20,200.8123299337439,257.9731668048859,310.70814900090113,1728.0183603757473,HCT116 OsTIRF74G,No addition,No addition,No addition,No primary,No secondary,1610,133.3565062298078,1562.1622782857773,241029_mACmChPOLR2A_ActivePolII
232,N21,200.52178757784372,255.6601547439022,331.80074972769785,1684.8741599073,HCT116 OsTIRF74G,No addition,No addition,No addition,No primary,No secondary,1301,134.3561389747672,1559.1800635230882,241029_mACmChPOLR2A_ActivePolII
233,N22,411.54561295923855,255.4625187230298,391.43217063208,1787.3439306358382,HCT116 mChPOLR2A Clone 2,No addition,No addition,No addition,No primary,No secondary,2280,167.1656920448208,1642.6545827633379,241029_mACmChPOLR2A_ActivePolII
