,WELL,IF_561_Intensity,GFP_Intensity,DAPI_Intensity_x,NucleusArea,CELL,EU,DRUG,DRUG TIME HOURS,PRIMARY,SECONDARY,TotalNumberCells,Alexa647_Intensity,DAPI_Intensity_y,NucleusArea2,EXPERIMENT
0,C03,2849.850840321998,177.7565858389146,473.6569846474867,1598.040254237288,HCT116 OsTIRF74G,No addition,No addition,No addition,pSer5 Pol II 3E8,Goat anti-rat Alexa568,1416,266.2695923912938,2150.3981581517874,1508.5847840103158,260127_ARMC5mAC_PhosphoEU
1,C04,2882.174541120097,178.36882602807972,491.56862979088993,1529.4050343249428,HCT116 OsTIRF74G,No addition,No addition,No addition,pSer5 Pol II 3E8,Goat anti-rat Alexa568,1311,263.6129257556695,2097.9237490258815,1423.5632338141563,260127_ARMC5mAC_PhosphoEU
2,C05,2891.036714744621,178.11554676977505,496.3807656262062,1485.019943019943,HCT116 OsTIRF74G,No addition,No addition,No addition,pSer5 Pol II 3E8,Goat anti-rat Alexa568,1053,265.8716344886323,2235.5250860611536,1461.4234930448222,260127_ARMC5mAC_PhosphoEU
3,C06,2771.4138720955566,177.9237812212366,481.8671689758201,1499.017932987258,HCT116 OsTIRF74G,No addition,No addition,No addition,pSer5 Pol II 3E8,Goat anti-rat Alexa568,2119,255.26645732558455,2196.5757779364935,1429.0854834506124,260127_ARMC5mAC_PhosphoEU
4,C07,2793.9082815453817,178.03141684956876,510.0893230567045,1501.491587417703,HCT116 OsTIRF74G,No addition,No addition,No addition,pSer5 Pol II 3E8,Goat anti-rat Alexa568,1367,260.1778839980222,2270.4824993951174,1439.9647742818058,260127_ARMC5mAC_PhosphoEU
5,C08,2672.1245040602585,176.66394453463843,485.2821482059393,1537.3767085839256,HCT116 OsTIRF74G,No addition,No addition,No addition,pSer5 Pol II 3E8,Goat anti-rat Alexa568,1829,246.42338367728044,2077.6094778342426,1474.8346338535414,260127_ARMC5mAC_PhosphoEU
6,C09,2706.2591109520295,179.03239985450142,485.485029299798,1485.6693455797933,HCT116 OsTIRF74G,No addition,No addition,No addition,pSer5 Pol II 3E8,Goat anti-rat Alexa568,1742,258.2217734681011,2218.6636196557274,1453.8041294642858,260127_ARMC5mAC_PhosphoEU
7,C10,2771.8935541708393,178.3681189365465,495.8799856496521,1560.895531400966,HCT116 OsTIRF74G,No addition,No addition,No addition,pSer5 Pol II 3E8,Goat anti-rat Alexa568,1656,263.756897439746,2192.916469461035,1446.791569863923,260127_ARMC5mAC_PhosphoEU
8,C11,2885.8253771617874,178.09888951541427,509.5510749540043,1463.6803892215569,HCT116 OsTIRF74G,No addition,No addition,No addition,pSer5 Pol II 3E8,Goat anti-rat Alexa568,1336,256.70266062545545,2292.0354944492633,1451.1697403086187,260127_ARMC5mAC_PhosphoEU
9,C12,2719.5191311326544,178.84099136919832,489.81798866956535,1552.8437321121924,HCT116 OsTIRF74G,No addition,No addition,No addition,pSer5 Pol II 3E8,Goat anti-rat Alexa568,1747,250.02530723526104,2169.843901705054,1478.2563783447417,260127_ARMC5mAC_PhosphoEU
10,C13,2695.424687328942,179.20991893514199,494.53617531376125,1614.1273775216139,HCT116 OsTIRF74G,No addition,No addition,No addition,pSer5 Pol II 3E8,Goat anti-rat Alexa568,1735,254.73776984305366,2226.381863820766,1517.9352168949772,260127_ARMC5mAC_PhosphoEU
11,C14,2872.7149930321402,179.5051738186006,502.9435196637532,1534.4977341389729,HCT116 OsTIRF74G,No addition,No addition,No addition,pSer5 Pol II 3E8,Goat anti-rat Alexa568,1324,263.31464991684135,2204.7340925119106,1466.853553199843,260127_ARMC5mAC_PhosphoEU
12,C15,2692.1251218092507,179.32105476137917,494.047930952612,1604.437252311757,HCT116 OsTIRF74G,No addition,No addition,No addition,pSer5 Pol II 3E8,Goat anti-rat Alexa568,1514,254.93469713304268,2246.772953196003,1482.798003327787,260127_ARMC5mAC_PhosphoEU
13,C16,2713.2428240107365,179.53926918325857,497.8953934359883,1503.1693674856247,HCT116 OsTIRF74G,No addition,No addition,No addition,pSer5 Pol II 3E8,Goat anti-rat Alexa568,1913,250.84698911338867,2189.295835947326,1461.0816381156317,260127_ARMC5mAC_PhosphoEU
14,C17,2720.1616659220276,178.81917560544017,499.9408793411679,1545.8033222591362,HCT116 OsTIRF74G,No addition,No addition,No addition,pSer5 Pol II 3E8,Goat anti-rat Alexa568,1505,249.09187765010603,2210.470720686289,1481.2025931928688,260127_ARMC5mAC_PhosphoEU
15,C18,2717.742579703411,180.24829381566929,496.24141842003894,1590.767032967033,HCT116 OsTIRF74G,No addition,No addition,No addition,pSer5 Pol II 3E8,Goat anti-rat Alexa568,1820,251.12591958807116,2249.00146707827,1483.7317816569687,260127_ARMC5mAC_PhosphoEU
16,C19,2953.2085654958037,180.26172002731755,507.4229754271631,1529.2473021582734,HCT116 OsTIRF74G,No addition,No addition,No addition,pSer5 Pol II 3E8,Goat anti-rat Alexa568,1112,260.6163781925074,2347.6125407889645,1465.2785802723895,260127_ARMC5mAC_PhosphoEU
17,C20,2857.758556181217,180.16818859264916,497.45942603430643,1563.7924403183024,HCT116 OsTIRF74G,No addition,No addition,No addition,pSer5 Pol II 3E8,Goat anti-rat Alexa568,1508,251.0017758474944,2216.0315337520838,1512.0992720052946,260127_ARMC5mAC_PhosphoEU
18,C21,2792.656421153959,180.03975513314006,493.8456108004144,1553.003861003861,HCT116 OsTIRF74G,No addition,No addition,No addition,pSer5 Pol II 3E8,Goat anti-rat Alexa568,1295,245.9563338094352,2256.9290456191816,1486.0828983727356,260127_ARMC5mAC_PhosphoEU
19,C22,2796.641994862293,179.95817327369605,464.3250440823887,1688.1150971599402,HCT116 OsTIRF74G,No addition,No addition,No addition,pSer5 Pol II 3E8,Goat anti-rat Alexa568,1338,248.97623940522868,2102.447653757175,1575.3869026548673,260127_ARMC5mAC_PhosphoEU
20,D03,2897.414705199619,178.3822381386292,446.4281264449214,1522.28238583411,HCT116 OsTIRF74G,"EU 1 mM, 30 mins",No addition,No addition,pSer5 Pol II 3E8,Goat anti-rat Alexa568,1073,691.2548794233132,1983.5470509224522,1459.605208763952,260127_ARMC5mAC_PhosphoEU
21,D04,2863.139366115286,178.22784023905382,459.6250280437209,1517.07109375,HCT116 OsTIRF74G,"EU 1 mM, 30 mins",10 µM 5PhIAA,2,pSer5 Pol II 3E8,Goat anti-rat Alexa568,1280,760.8082942767699,1965.9487743205048,1457.279117147708,260127_ARMC5mAC_PhosphoEU
22,D05,3501.3495279972853,178.71851688993132,476.20004860807444,1384.3067010309278,HCT116 OsTIRF74G ARMC5mAC Clone 5A1,"EU 1 mM, 30 mins",10 µM 5PhIAA,2,pSer5 Pol II 3E8,Goat anti-rat Alexa568,776,633.8797057525738,2134.2331189818537,1379.2778091473745,260127_ARMC5mAC_PhosphoEU
23,D06,3195.1538288472825,178.79076759487552,481.6345426695892,1394.4421524663678,HCT116 OsTIRF74G ARMC5mAC Clone 5F9,"EU 1 mM, 30 mins",10 µM 5PhIAA,2,pSer5 Pol II 3E8,Goat anti-rat Alexa568,1115,773.2836148554633,2202.2988163182977,1315.5217391304348,260127_ARMC5mAC_PhosphoEU
24,D07,2710.7415835417546,177.36547003374517,470.142102431986,1484.8818493150684,HCT116 OsTIRF74G,"EU 1 mM, 30 mins",Vehicle,2,pSer5 Pol II 3E8,Goat anti-rat Alexa568,1168,847.0164721516128,2061.7211336566634,1433.4464360150062,260127_ARMC5mAC_PhosphoEU
25,D08,3026.6236106134165,203.46355295573946,475.8526661716395,1455.8179162609542,HCT116 OsTIRF74G ARMC5mAC Clone 5A1,"EU 1 mM, 30 mins",Vehicle,2,pSer5 Pol II 3E8,Goat anti-rat Alexa568,1027,745.0669519298007,2123.157292475435,1392.541232638889,260127_ARMC5mAC_PhosphoEU
26,D09,2921.9213810916012,205.63149718104702,500.97270403522117,1384.2056574923547,HCT116 OsTIRF74G ARMC5mAC Clone 5F9,"EU 1 mM, 30 mins",Vehicle,2,pSer5 Pol II 3E8,Goat anti-rat Alexa568,1308,807.7294655062135,2287.8456367350173,1314.6932012299283,260127_ARMC5mAC_PhosphoEU
27,D10,2778.0364254337733,177.44932879105897,466.93242216427933,1523.246887966805,HCT116 OsTIRF74G,"EU 1 mM, 30 mins",10 µM 5PhIAA,2,pSer5 Pol II 3E8,Goat anti-rat Alexa568,1446,761.2037250421041,2055.2582944519427,1436.0968514715948,260127_ARMC5mAC_PhosphoEU
28,D11,3582.6623430345235,179.32075305892937,495.0680904783373,1384.5142517814727,HCT116 OsTIRF74G ARMC5mAC Clone 5A1,"EU 1 mM, 30 mins",10 µM 5PhIAA,2,pSer5 Pol II 3E8,Goat anti-rat Alexa568,842,609.2262284161884,2184.623024057072,1412.8181818181818,260127_ARMC5mAC_PhosphoEU
29,D12,3066.378029131762,180.33092224410896,493.828269724177,1469.0928088506453,HCT116 OsTIRF74G ARMC5mAC Clone 5F9,"EU 1 mM, 30 mins",10 µM 5PhIAA,2,pSer5 Pol II 3E8,Goat anti-rat Alexa568,1627,723.027987359482,2302.5357023629626,1360.13171057019,260127_ARMC5mAC_PhosphoEU
30,D13,2861.6347007351605,179.91753759968057,476.74047244395314,1456.3001531393568,HCT116 OsTIRF74G,"EU 1 mM, 30 mins",Vehicle,2,pSer5 Pol II 3E8,Goat anti-rat Alexa568,1306,858.1165114093435,2080.64971832335,1417.814910025707,260127_ARMC5mAC_PhosphoEU
31,D14,3227.556365180408,206.00280404696454,489.8482143835759,1417.421875,HCT116 OsTIRF74G ARMC5mAC Clone 5A1,"EU 1 mM, 30 mins",Vehicle,2,pSer5 Pol II 3E8,Goat anti-rat Alexa568,832,653.930192368636,2135.91205446045,1429.2503176620075,260127_ARMC5mAC_PhosphoEU
32,D15,2872.809166384335,206.71471127728267,500.0857826777881,1412.6029207232268,HCT116 OsTIRF74G ARMC5mAC Clone 5F9,"EU 1 mM, 30 mins",Vehicle,2,pSer5 Pol II 3E8,Goat anti-rat Alexa568,1438,786.9656258263435,2335.2595094330454,1306.905529110216,260127_ARMC5mAC_PhosphoEU
33,D16,2864.2478674924273,179.65141059537947,488.90879395020323,1484.843152866242,HCT116 OsTIRF74G,"EU 1 mM, 30 mins",10 µM 5PhIAA,2,pSer5 Pol II 3E8,Goat anti-rat Alexa568,1256,732.3601295863042,2175.181210893263,1439.3611650485436,260127_ARMC5mAC_PhosphoEU
34,D17,3443.873957431434,181.09548630541468,498.59806917362596,1454.5627044711014,HCT116 OsTIRF74G ARMC5mAC Clone 5A1,"EU 1 mM, 30 mins",10 µM 5PhIAA,2,pSer5 Pol II 3E8,Goat anti-rat Alexa568,917,617.2275419145385,2245.291596079419,1439.3545183714002,260127_ARMC5mAC_PhosphoEU
35,D18,3262.6387011553543,182.00103666096533,509.17241781244667,1421.5485398579322,HCT116 OsTIRF74G ARMC5mAC Clone 5F9,"EU 1 mM, 30 mins",10 µM 5PhIAA,2,pSer5 Pol II 3E8,Goat anti-rat Alexa568,1267,745.5163567146848,2380.879020401908,1306.9332197614992,260127_ARMC5mAC_PhosphoEU
36,D19,2872.293747031101,181.06594501422418,491.1155804325873,1471.519256308101,HCT116 OsTIRF74G,"EU 1 mM, 30 mins",Vehicle,2,pSer5 Pol II 3E8,Goat anti-rat Alexa568,1506,834.8158627926045,2176.8192855299426,1417.4546023794614,260127_ARMC5mAC_PhosphoEU
37,D20,3135.0651689494753,208.31842813679376,511.7055475251797,1464.542,HCT116 OsTIRF74G ARMC5mAC Clone 5A1,"EU 1 mM, 30 mins",Vehicle,2,pSer5 Pol II 3E8,Goat anti-rat Alexa568,1000,701.5481041923317,2262.7857087982507,1407.2680913064594,260127_ARMC5mAC_PhosphoEU
38,D21,3052.745860546316,208.02418907446264,529.4342368178555,1381.5561752988049,HCT116 OsTIRF74G ARMC5mAC Clone 5F9,"EU 1 mM, 30 mins",Vehicle,2,pSer5 Pol II 3E8,Goat anti-rat Alexa568,1255,845.0550926239163,2525.7662462707954,1292.7039497969731,260127_ARMC5mAC_PhosphoEU
39,D22,2790.651268798421,180.55088112214685,473.13181717015624,1531.9055007052186,HCT116 OsTIRF74G,"EU 1 mM, 30 mins",No addition,No addition,pSer5 Pol II 3E8,Goat anti-rat Alexa568,1418,644.4364340319544,2141.5841298736577,1460.6305348919589,260127_ARMC5mAC_PhosphoEU
40,E03,2719.9534907207735,177.12302170968564,441.5556873970904,1577.3248322147651,HCT116 OsTIRF74G,"EU 1 mM, 30 mins",No addition,No addition,pSer5 Pol II 3E8,Goat anti-rat Alexa568,1490,825.9523206220108,1969.0822668318497,1465.4346599811972,260127_ARMC5mAC_PhosphoEU
41,E04,2723.0208862612744,178.07885718248272,459.1004857195271,1501.621156211562,HCT116 OsTIRF74G,"EU 1 mM, 30 mins",10 µM 5PhIAA,8,pSer5 Pol II 3E8,Goat anti-rat Alexa568,1626,861.5716294678176,1978.2227263407372,1445.1822316555488,260127_ARMC5mAC_PhosphoEU
42,E05,4404.205717368463,177.79297905686988,475.21405568457374,1394.7185289957567,HCT116 OsTIRF74G ARMC5mAC Clone 5A1,"EU 1 mM, 30 mins",10 µM 5PhIAA,8,pSer5 Pol II 3E8,Goat anti-rat Alexa568,707,651.8950326499694,2120.5433838927984,1455.4488372093024,260127_ARMC5mAC_PhosphoEU
43,E06,4210.176073062742,178.84714531430117,509.32652860663114,1300.484295845998,HCT116 OsTIRF74G ARMC5mAC Clone 5F9,"EU 1 mM, 30 mins",10 µM 5PhIAA,8,pSer5 Pol II 3E8,Goat anti-rat Alexa568,987,897.2600606361116,2340.494236943307,1298.7261326860842,260127_ARMC5mAC_PhosphoEU
44,E07,2750.2917139990973,176.71452671716327,455.8869898548395,1471.5033112582782,HCT116 OsTIRF74G,"EU 1 mM, 30 mins",Vehicle,8,pSer5 Pol II 3E8,Goat anti-rat Alexa568,1359,979.3494856940097,2027.6661447070358,1436.5078500480615,260127_ARMC5mAC_PhosphoEU
45,E08,3314.271317477565,206.8634102416623,489.585089975718,1357.106936416185,HCT116 OsTIRF74G ARMC5mAC Clone 5A1,"EU 1 mM, 30 mins",Vehicle,8,pSer5 Pol II 3E8,Goat anti-rat Alexa568,692,731.6412587762901,2217.284656894987,1369.0337837837837,260127_ARMC5mAC_PhosphoEU
46,E09,3023.3184196336374,206.35074961539428,498.22226652269126,1298.6453287197232,HCT116 OsTIRF74G ARMC5mAC Clone 5F9,"EU 1 mM, 30 mins",Vehicle,8,pSer5 Pol II 3E8,Goat anti-rat Alexa568,1156,881.7242423881414,2396.7710993311302,1296.1359438492796,260127_ARMC5mAC_PhosphoEU
47,E10,2802.1669351022765,177.1952899042124,459.08517549994,1501.008797653959,HCT116 OsTIRF74G,"EU 1 mM, 30 mins",10 µM 5PhIAA,8,pSer5 Pol II 3E8,Goat anti-rat Alexa568,1364,808.2615874262715,2084.9547272474138,1407.9330284220844,260127_ARMC5mAC_PhosphoEU
48,E11,4794.930454323331,178.64376630545877,489.36041214921147,1445.2509702457955,HCT116 OsTIRF74G ARMC5mAC Clone 5A1,"EU 1 mM, 30 mins",10 µM 5PhIAA,8,pSer5 Pol II 3E8,Goat anti-rat Alexa568,773,630.7223493865631,2154.1722293061603,1432.7967061245497,260127_ARMC5mAC_PhosphoEU
49,E12,3842.273634472098,179.84116199406253,491.472307136099,1385.3335820895522,HCT116 OsTIRF74G ARMC5mAC Clone 5F9,"EU 1 mM, 30 mins",10 µM 5PhIAA,8,pSer5 Pol II 3E8,Goat anti-rat Alexa568,1340,785.2624399067225,2229.63547986388,1300.8445497630332,260127_ARMC5mAC_PhosphoEU
50,E13,2986.7458168138787,180.3337737055121,490.0081896915173,1433.4926829268293,HCT116 OsTIRF74G,"EU 1 mM, 30 mins",Vehicle,8,pSer5 Pol II 3E8,Goat anti-rat Alexa568,1025,856.1269029999555,2181.8170592747856,1378.4808153477218,260127_ARMC5mAC_PhosphoEU
51,E14,3226.3188479455816,206.5636540511292,480.47781717189423,1440.103217158177,HCT116 OsTIRF74G ARMC5mAC Clone 5A1,"EU 1 mM, 30 mins",Vehicle,8,pSer5 Pol II 3E8,Goat anti-rat Alexa568,746,702.5263727267111,2178.2488158083556,1394.7534759358289,260127_ARMC5mAC_PhosphoEU
52,E15,2898.082632491549,206.23091410181493,485.86449528596285,1411.0600255427842,HCT116 OsTIRF74G ARMC5mAC Clone 5F9,"EU 1 mM, 30 mins",Vehicle,8,pSer5 Pol II 3E8,Goat anti-rat Alexa568,1566,880.4824181375764,2406.393883672048,1309.3573995426332,260127_ARMC5mAC_PhosphoEU
53,E16,2887.404129993048,179.1520522913058,472.73477537888124,1482.7771787960467,HCT116 OsTIRF74G,"EU 1 mM, 30 mins",10 µM 5PhIAA,8,pSer5 Pol II 3E8,Goat anti-rat Alexa568,1113,785.1701714089963,2093.5542631986063,1448.5597439544808,260127_ARMC5mAC_PhosphoEU
54,E17,4501.461264997819,178.69018623902818,491.8655248793684,1423.3355795148248,HCT116 OsTIRF74G ARMC5mAC Clone 5A1,"EU 1 mM, 30 mins",10 µM 5PhIAA,8,pSer5 Pol II 3E8,Goat anti-rat Alexa568,742,616.3762535137356,2318.881776240569,1404.8227405247812,260127_ARMC5mAC_PhosphoEU
55,E18,3830.2065650052077,181.25805537500577,507.5547611888845,1412.6965517241379,HCT116 OsTIRF74G ARMC5mAC Clone 5F9,"EU 1 mM, 30 mins",10 µM 5PhIAA,8,pSer5 Pol II 3E8,Goat anti-rat Alexa568,1595,803.9721193837482,2359.521212725187,1333.188988095238,260127_ARMC5mAC_PhosphoEU
56,E19,2724.0998888448626,179.81472431824426,468.5852356988705,1530.1657458563536,HCT116 OsTIRF74G,"EU 1 mM, 30 mins",Vehicle,8,pSer5 Pol II 3E8,Goat anti-rat Alexa568,1629,959.965754108483,2226.882846348942,1429.1322620519159,260127_ARMC5mAC_PhosphoEU
57,E20,3181.4084218423836,209.29623570924718,486.17936175732194,1433.833147942158,HCT116 OsTIRF74G ARMC5mAC Clone 5A1,"EU 1 mM, 30 mins",Vehicle,8,pSer5 Pol II 3E8,Goat anti-rat Alexa568,899,693.7761979978512,2225.1969334641803,1387.064039408867,260127_ARMC5mAC_PhosphoEU
58,E21,3012.13758692235,209.57406197292354,501.0175902331076,1340.5655737704917,HCT116 OsTIRF74G ARMC5mAC Clone 5F9,"EU 1 mM, 30 mins",Vehicle,8,pSer5 Pol II 3E8,Goat anti-rat Alexa568,1220,831.2315347509409,2519.1009723511434,1281.372340425532,260127_ARMC5mAC_PhosphoEU
59,E22,2762.216004756825,181.1081030677271,457.5544244736911,1553.1551956815115,HCT116 OsTIRF74G,"EU 1 mM, 30 mins",No addition,No addition,pSer5 Pol II 3E8,Goat anti-rat Alexa568,1482,683.3273046982453,2179.159022987794,1424.570512820513,260127_ARMC5mAC_PhosphoEU
60,F03,2711.972418002602,178.22100269762527,435.52337813109517,1481.537926675095,HCT116 OsTIRF74G,"EU 1 mM, 30 mins",No addition,No addition,pSer5 Pol II 3E8,Goat anti-rat Alexa568,1582,806.1585656038595,1878.6471879617447,1441.3481301307388,260127_ARMC5mAC_PhosphoEU
61,F04,2668.8406909245004,177.4163103432607,440.88523312453293,1520.0220588235295,HCT116 OsTIRF74G,"EU 1 mM, 30 mins",10 µM 5PhIAA,24,pSer5 Pol II 3E8,Goat anti-rat Alexa568,1496,754.7076376627389,1891.1083140258079,1463.3373108265425,260127_ARMC5mAC_PhosphoEU
62,F05,5136.8394606812735,178.51763483536143,464.2390954013444,1476.3280721533258,HCT116 OsTIRF74G ARMC5mAC Clone 5A1,"EU 1 mM, 30 mins",10 µM 5PhIAA,24,pSer5 Pol II 3E8,Goat anti-rat Alexa568,887,603.6918180841449,2034.9531785920046,1445.3494653911087,260127_ARMC5mAC_PhosphoEU
63,F06,4388.948903177093,179.3318973009489,464.8443086947291,1408.0136054421769,HCT116 OsTIRF74G ARMC5mAC Clone 5F9,"EU 1 mM, 30 mins",10 µM 5PhIAA,24,pSer5 Pol II 3E8,Goat anti-rat Alexa568,1470,751.9047267407957,2149.873943707677,1296.356852950359,260127_ARMC5mAC_PhosphoEU
64,F07,2837.3958637213236,177.13374578845773,455.78872269530467,1483.7675097276265,HCT116 OsTIRF74G,"EU 1 mM, 30 mins",Vehicle,24,pSer5 Pol II 3E8,Goat anti-rat Alexa568,1028,841.2375584165051,2041.3312947341071,1395.8741438356165,260127_ARMC5mAC_PhosphoEU
65,F08,3002.6991649478673,203.7036034327857,470.1959265943042,1432.7509881422925,HCT116 OsTIRF74G ARMC5mAC Clone 5A1,"EU 1 mM, 30 mins",Vehicle,24,pSer5 Pol II 3E8,Goat anti-rat Alexa568,759,665.2875432454898,2090.5043035534254,1390.3680663556247,260127_ARMC5mAC_PhosphoEU
66,F09,2791.853155757524,203.86785669298476,476.0668608025669,1386.1983345950039,HCT116 OsTIRF74G ARMC5mAC Clone 5F9,"EU 1 mM, 30 mins",Vehicle,24,pSer5 Pol II 3E8,Goat anti-rat Alexa568,1321,865.4963754494946,2286.007926108217,1329.1002080443827,260127_ARMC5mAC_PhosphoEU
67,F10,2649.071503284406,178.28487575190843,447.60199760702255,1526.4172989377846,HCT116 OsTIRF74G,"EU 1 mM, 30 mins",10 µM 5PhIAA,24,pSer5 Pol II 3E8,Goat anti-rat Alexa568,1318,757.8686196369533,1995.412602421114,1434.1679214402618,260127_ARMC5mAC_PhosphoEU
68,F11,5123.870449827677,178.76833801496696,468.8631283982938,1451.4179104477612,HCT116 OsTIRF74G ARMC5mAC Clone 5A1,"EU 1 mM, 30 mins",10 µM 5PhIAA,24,pSer5 Pol II 3E8,Goat anti-rat Alexa568,938,598.360875155127,2096.294282862403,1448.592203898051,260127_ARMC5mAC_PhosphoEU
69,F12,4347.261886114063,180.26213890964644,472.4479897067922,1450.668383773342,HCT116 OsTIRF74G ARMC5mAC Clone 5F9,"EU 1 mM, 30 mins",10 µM 5PhIAA,24,pSer5 Pol II 3E8,Goat anti-rat Alexa568,1553,714.6486051481014,2103.7232779254264,1353.9983723958333,260127_ARMC5mAC_PhosphoEU
70,F13,2747.605359525138,178.86585991148124,456.7630240212887,1527.483600837404,HCT116 OsTIRF74G,"EU 1 mM, 30 mins",Vehicle,24,pSer5 Pol II 3E8,Goat anti-rat Alexa568,1433,790.4899445689994,2040.0593502915553,1438.3023175371843,260127_ARMC5mAC_PhosphoEU
71,F14,3129.210683154885,206.56098030264738,474.0366255827198,1378.327142857143,HCT116 OsTIRF74G ARMC5mAC Clone 5A1,"EU 1 mM, 30 mins",Vehicle,24,pSer5 Pol II 3E8,Goat anti-rat Alexa568,700,647.8815776281118,2171.5683170068723,1353.0934937124111,260127_ARMC5mAC_PhosphoEU
72,F15,2817.3360926919345,203.3128316563183,488.02729796216255,1387.0561342592594,HCT116 OsTIRF74G ARMC5mAC Clone 5F9,"EU 1 mM, 30 mins",Vehicle,24,pSer5 Pol II 3E8,Goat anti-rat Alexa568,1728,853.8649272376038,2384.710880455801,1300.0991884580703,260127_ARMC5mAC_PhosphoEU
73,F16,2688.9951661639193,178.86507663942024,456.2524957076639,1491.444669365722,HCT116 OsTIRF74G,"EU 1 mM, 30 mins",10 µM 5PhIAA,24,pSer5 Pol II 3E8,Goat anti-rat Alexa568,1482,765.1667260092398,2048.061083103077,1488.3684065934067,260127_ARMC5mAC_PhosphoEU
74,F17,5255.840778028443,178.68558243478105,456.14543941552233,1463.7860026917901,HCT116 OsTIRF74G ARMC5mAC Clone 5A1,"EU 1 mM, 30 mins",10 µM 5PhIAA,24,pSer5 Pol II 3E8,Goat anti-rat Alexa568,743,572.2783902789406,2096.89011754084,1450.9521850899744,260127_ARMC5mAC_PhosphoEU
75,F18,4644.8747355081,180.760732352471,493.6460661370759,1420.3944742900999,HCT116 OsTIRF74G ARMC5mAC Clone 5F9,"EU 1 mM, 30 mins",10 µM 5PhIAA,24,pSer5 Pol II 3E8,Goat anti-rat Alexa568,1303,729.149254461471,2294.4094932688813,1377.7607713166617,260127_ARMC5mAC_PhosphoEU
76,F19,2715.9135096324685,179.8736906291549,460.2764481784797,1526.3318499682136,HCT116 OsTIRF74G,"EU 1 mM, 30 mins",Vehicle,24,pSer5 Pol II 3E8,Goat anti-rat Alexa568,1573,840.0878109189723,2133.770198791679,1455.3714034057546,260127_ARMC5mAC_PhosphoEU
77,F20,3119.570197774428,209.70640444316751,494.109696731094,1439.360599078341,HCT116 OsTIRF74G ARMC5mAC Clone 5A1,"EU 1 mM, 30 mins",Vehicle,24,pSer5 Pol II 3E8,Goat anti-rat Alexa568,868,712.0338530297821,2259.737620500596,1417.125137816979,260127_ARMC5mAC_PhosphoEU
78,F21,2974.4195639528753,210.46266677934514,488.34513949282245,1387.4363791631085,HCT116 OsTIRF74G ARMC5mAC Clone 5F9,"EU 1 mM, 30 mins",Vehicle,24,pSer5 Pol II 3E8,Goat anti-rat Alexa568,1171,815.7222776194704,2428.6193654035906,1302.578478664193,260127_ARMC5mAC_PhosphoEU
79,F22,2765.116644233021,180.93132439931836,455.76893665149737,1508.0491293532339,HCT116 OsTIRF74G,"EU 1 mM, 30 mins",No addition,No addition,pSer5 Pol II 3E8,Goat anti-rat Alexa568,1608,739.8457695370028,2117.8719880301937,1453.3038688876948,260127_ARMC5mAC_PhosphoEU
80,G03,2748.411842562899,178.65674891807228,441.3342235019523,1554.050873196659,HCT116 OsTIRF74G,"EU 1 mM, 30 mins",No addition,No addition,pSer5 Pol II 3E8,Goat anti-rat Alexa568,1317,753.9629075235672,1976.109623349253,1489.107180385289,260127_ARMC5mAC_PhosphoEU
81,G04,2745.1453129600145,178.3304150224848,447.8822043125229,1492.0737155621741,HCT116 OsTIRF74G,"EU 1 mM, 30 mins",10 µM 5PhIAA,48,pSer5 Pol II 3E8,Goat anti-rat Alexa568,1343,724.1377887095504,1931.231754896074,1432.316965921583,260127_ARMC5mAC_PhosphoEU
82,G05,5152.570138686425,179.40585191007585,449.59478027495317,1531.7907834101381,HCT116 OsTIRF74G ARMC5mAC Clone 5A1,"EU 1 mM, 30 mins",10 µM 5PhIAA,48,pSer5 Pol II 3E8,Goat anti-rat Alexa568,1085,591.2732340083215,1972.8749456763735,1476.3605724838412,260127_ARMC5mAC_PhosphoEU
83,G06,4398.098282028982,179.0813009593973,446.27958254242236,1449.2235855487388,HCT116 OsTIRF74G ARMC5mAC Clone 5F9,"EU 1 mM, 30 mins",10 µM 5PhIAA,48,pSer5 Pol II 3E8,Goat anti-rat Alexa568,1467,710.7474326504325,2075.595595124007,1370.4233807266983,260127_ARMC5mAC_PhosphoEU
84,G07,2591.0009871944876,177.75496761313244,448.73642849964097,1523.9500713266762,HCT116 OsTIRF74G,"EU 1 mM, 30 mins",Vehicle,48,pSer5 Pol II 3E8,Goat anti-rat Alexa568,1402,826.3551054245349,1965.9302688952662,1460.1391767012042,260127_ARMC5mAC_PhosphoEU
85,G08,3029.7801831505803,203.84222196889408,451.974980738614,1454.967619047619,HCT116 OsTIRF74G ARMC5mAC Clone 5A1,"EU 1 mM, 30 mins",Vehicle,48,pSer5 Pol II 3E8,Goat anti-rat Alexa568,1050,671.3881436324233,2019.728978992095,1364.408051689861,260127_ARMC5mAC_PhosphoEU
86,G09,2808.995629415243,196.43390213645802,471.9839686385592,1376.3175275190517,HCT116 OsTIRF74G ARMC5mAC Clone 5F9,"EU 1 mM, 30 mins",Vehicle,48,pSer5 Pol II 3E8,Goat anti-rat Alexa568,1181,803.3760307024787,2272.26791860895,1274.9485043544112,260127_ARMC5mAC_PhosphoEU
87,G10,2520.236967341993,175.81864487108874,425.017151739259,1564.502617801047,HCT116 OsTIRF74G,"EU 1 mM, 30 mins",10 µM 5PhIAA,48,pSer5 Pol II 3E8,Goat anti-rat Alexa568,1337,752.1024699122667,1875.0657665931524,1468.8304039469626,260127_ARMC5mAC_PhosphoEU
88,G11,5305.361427139988,177.46755725283728,449.40812018861146,1532.2931242460795,HCT116 OsTIRF74G ARMC5mAC Clone 5A1,"EU 1 mM, 30 mins",10 µM 5PhIAA,48,pSer5 Pol II 3E8,Goat anti-rat Alexa568,829,575.080953215816,1968.3596179149697,1550.6478016838166,260127_ARMC5mAC_PhosphoEU
89,G12,4302.890645199976,178.94544256182377,445.27574097955335,1500.548284960422,HCT116 OsTIRF74G ARMC5mAC Clone 5F9,"EU 1 mM, 30 mins",10 µM 5PhIAA,48,pSer5 Pol II 3E8,Goat anti-rat Alexa568,1895,690.2001022546827,2044.4491852529432,1401.1714787848355,260127_ARMC5mAC_PhosphoEU
90,G13,2570.4817223847604,177.6219399355792,443.31776639171954,1520.1333775713338,HCT116 OsTIRF74G,"EU 1 mM, 30 mins",Vehicle,48,pSer5 Pol II 3E8,Goat anti-rat Alexa568,1507,793.6177567070612,2018.757074537826,1459.446319018405,260127_ARMC5mAC_PhosphoEU
91,G14,3068.9741785716956,206.4885368832333,468.59398491384667,1416.8552894211577,HCT116 OsTIRF74G ARMC5mAC Clone 5A1,"EU 1 mM, 30 mins",Vehicle,48,pSer5 Pol II 3E8,Goat anti-rat Alexa568,1002,614.7744783445097,2080.9185601174117,1450.5025737014507,260127_ARMC5mAC_PhosphoEU
92,G15,2773.4540493479444,193.99316953693645,475.0060845549076,1394.077168367347,HCT116 OsTIRF74G ARMC5mAC Clone 5F9,"EU 1 mM, 30 mins",Vehicle,48,pSer5 Pol II 3E8,Goat anti-rat Alexa568,1568,790.3987273330886,2231.275420220301,1322.252652710066,260127_ARMC5mAC_PhosphoEU
93,G16,2598.083418529497,179.12232994569035,450.49214190865064,1563.600142551675,HCT116 OsTIRF74G,"EU 1 mM, 30 mins",10 µM 5PhIAA,48,pSer5 Pol II 3E8,Goat anti-rat Alexa568,1403,636.9595905186899,1965.3063573131096,1502.922411029176,260127_ARMC5mAC_PhosphoEU
94,G17,5307.457622765758,180.0986077962631,433.93046685211556,1551.8389261744967,HCT116 OsTIRF74G ARMC5mAC Clone 5A1,"EU 1 mM, 30 mins",10 µM 5PhIAA,48,pSer5 Pol II 3E8,Goat anti-rat Alexa568,894,549.814169412971,1975.020425394544,1519.6056415929204,260127_ARMC5mAC_PhosphoEU
95,G18,4350.408612436026,181.9515767379399,457.5452192986808,1458.2183833116037,HCT116 OsTIRF74G ARMC5mAC Clone 5F9,"EU 1 mM, 30 mins",10 µM 5PhIAA,48,pSer5 Pol II 3E8,Goat anti-rat Alexa568,1534,643.3966849823333,2021.447727708568,1411.493817204301,260127_ARMC5mAC_PhosphoEU
96,G19,2681.602305671556,181.07681978727697,463.3260811620818,1488.0467289719627,HCT116 OsTIRF74G,"EU 1 mM, 30 mins",Vehicle,48,pSer5 Pol II 3E8,Goat anti-rat Alexa568,1284,796.915625801998,2079.5430750268733,1453.7532509752925,260127_ARMC5mAC_PhosphoEU
97,G20,3218.5606982328127,209.06987974026836,466.7256159241933,1441.8507890961262,HCT116 OsTIRF74G ARMC5mAC Clone 5A1,"EU 1 mM, 30 mins",Vehicle,48,pSer5 Pol II 3E8,Goat anti-rat Alexa568,697,614.8545977361032,2118.8152792159776,1438.2190656565656,260127_ARMC5mAC_PhosphoEU
98,G21,2852.992788696664,210.6951154771055,476.19389228538216,1375.292050209205,HCT116 OsTIRF74G ARMC5mAC Clone 5F9,"EU 1 mM, 30 mins",Vehicle,48,pSer5 Pol II 3E8,Goat anti-rat Alexa568,1195,770.5752271075849,2349.293813495743,1356.6020786933927,260127_ARMC5mAC_PhosphoEU
99,G22,2600.958878296355,183.22984906808517,433.0065281547873,1621.5595823095823,HCT116 OsTIRF74G,"EU 1 mM, 30 mins",No addition,No addition,pSer5 Pol II 3E8,Goat anti-rat Alexa568,1628,663.9624380807822,1960.1386239540627,1504.002771789344,260127_ARMC5mAC_PhosphoEU
100,H03,2718.607918928477,177.85428490021434,436.6729865029036,1548.8984375,HCT116 OsTIRF74G,"EU 1 mM, 30 mins",No addition,No addition,pSer5 Pol II 3E8,Goat anti-rat Alexa568,1408,726.6992144045118,1909.8317743024313,1450.572577824414,260127_ARMC5mAC_PhosphoEU
101,H04,2592.459765733573,180.52934930133094,437.3365486176585,1573.9882434301521,HCT116 OsTIRF74G,"EU 1 mM, 30 mins",10 µM 5PhIAA,48,pSer5 Pol II 3E8,Goat anti-rat Alexa568,1446,685.2308415975982,1874.4069500167623,1519.6990544506032,260127_ARMC5mAC_PhosphoEU
102,H05,5039.016755316928,179.54794266135468,442.07357634216913,1554.1237993596585,HCT116 OsTIRF74G ARMC5mAC Clone 5A1,"EU 1 mM, 30 mins",10 µM 5PhIAA,48,pSer5 Pol II 3E8,Goat anti-rat Alexa568,937,574.2906487430492,1928.3932260350934,1499.9800833719314,260127_ARMC5mAC_PhosphoEU
103,H06,4329.695020778772,179.8261646334372,431.0889630819474,1484.6724738675957,HCT116 OsTIRF74G ARMC5mAC Clone 5F9,"EU 1 mM, 30 mins",10 µM 5PhIAA,48,pSer5 Pol II 3E8,Goat anti-rat Alexa568,1722,682.678236957685,1992.2685646084262,1395.6944444444443,260127_ARMC5mAC_PhosphoEU
104,H07,2590.5546888538256,176.5959499515363,443.7378712374644,1560.675505050505,HCT116 OsTIRF74G,"EU 1 mM, 30 mins",Vehicle,48,pSer5 Pol II 3E8,Goat anti-rat Alexa568,1584,784.1301623416716,1924.1774020276944,1514.8140987507436,260127_ARMC5mAC_PhosphoEU
105,H08,3054.688955666297,208.8679522375071,458.8457878522412,1378.4848800834202,HCT116 OsTIRF74G ARMC5mAC Clone 5A1,"EU 1 mM, 30 mins",Vehicle,48,pSer5 Pol II 3E8,Goat anti-rat Alexa568,959,656.4993437582336,1983.1574835990941,1374.2292637465052,260127_ARMC5mAC_PhosphoEU
106,H09,2810.5246138652474,197.63257571033301,461.4802892417568,1358.0226480836236,HCT116 OsTIRF74G ARMC5mAC Clone 5F9,"EU 1 mM, 30 mins",Vehicle,48,pSer5 Pol II 3E8,Goat anti-rat Alexa568,1148,755.8843414338638,2163.621136881728,1285.7008862629248,260127_ARMC5mAC_PhosphoEU
107,H10,2599.6712879343886,175.64716171222534,437.6545701511518,1516.7180192572214,HCT116 OsTIRF74G,"EU 1 mM, 30 mins",10 µM 5PhIAA,48,pSer5 Pol II 3E8,Goat anti-rat Alexa568,1454,720.7238480257043,1843.4121838262292,1466.168034032209,260127_ARMC5mAC_PhosphoEU
108,H11,5315.578957195186,177.14853881510774,447.83283892066646,1540.360465116279,HCT116 OsTIRF74G ARMC5mAC Clone 5A1,"EU 1 mM, 30 mins",10 µM 5PhIAA,48,pSer5 Pol II 3E8,Goat anti-rat Alexa568,946,537.2046774018322,1899.9118055679548,1538.301054650048,260127_ARMC5mAC_PhosphoEU
109,H12,4512.080184695794,178.78098044447128,446.1507707135609,1460.6374184191443,HCT116 OsTIRF74G ARMC5mAC Clone 5F9,"EU 1 mM, 30 mins",10 µM 5PhIAA,48,pSer5 Pol II 3E8,Goat anti-rat Alexa568,1379,632.9696414405046,1977.4172455673647,1385.2955528103769,260127_ARMC5mAC_PhosphoEU
110,H13,2666.3049758582615,178.69938163201425,442.7080683534744,1512.1257689678741,HCT116 OsTIRF74G,"EU 1 mM, 30 mins",Vehicle,48,pSer5 Pol II 3E8,Goat anti-rat Alexa568,1463,752.9588050376564,1979.366776571203,1427.4192668888215,260127_ARMC5mAC_PhosphoEU
111,H14,2942.428059587937,206.17350137048751,456.0770615373096,1498.3258527827647,HCT116 OsTIRF74G ARMC5mAC Clone 5A1,"EU 1 mM, 30 mins",Vehicle,48,pSer5 Pol II 3E8,Goat anti-rat Alexa568,1114,652.6216236410163,2074.1450699145194,1415.9847878302642,260127_ARMC5mAC_PhosphoEU
112,H15,2768.864060062388,201.3159605465963,475.6810609695329,1414.4515173945226,HCT116 OsTIRF74G ARMC5mAC Clone 5F9,"EU 1 mM, 30 mins",Vehicle,48,pSer5 Pol II 3E8,Goat anti-rat Alexa568,1351,753.4018197389456,2222.4020441923312,1330.715593331154,260127_ARMC5mAC_PhosphoEU
113,H16,2521.551070345499,179.3496464714755,443.1608428642711,1628.823732718894,HCT116 OsTIRF74G,"EU 1 mM, 30 mins",10 µM 5PhIAA,48,pSer5 Pol II 3E8,Goat anti-rat Alexa568,1736,673.1582623971116,1885.09445769581,1526.893492628368,260127_ARMC5mAC_PhosphoEU
114,H17,5207.346252536211,179.972040649395,439.1341407026024,1540.8910891089108,HCT116 OsTIRF74G ARMC5mAC Clone 5A1,"EU 1 mM, 30 mins",10 µM 5PhIAA,48,pSer5 Pol II 3E8,Goat anti-rat Alexa568,1010,532.9201255785173,1932.128690603009,1535.5695833333334,260127_ARMC5mAC_PhosphoEU
115,H18,4445.4272899048965,180.93210028455252,453.91406536721513,1474.25920964501,HCT116 OsTIRF74G ARMC5mAC Clone 5F9,"EU 1 mM, 30 mins",10 µM 5PhIAA,48,pSer5 Pol II 3E8,Goat anti-rat Alexa568,1493,655.6230297075808,2026.3657280194927,1381.531713900135,260127_ARMC5mAC_PhosphoEU
116,H19,2556.6791466855357,179.63306259447148,436.15933169124804,1535.6406984553391,HCT116 OsTIRF74G,"EU 1 mM, 30 mins",Vehicle,48,pSer5 Pol II 3E8,Goat anti-rat Alexa568,1489,790.8906933022813,1920.8451935030382,1488.315459212778,260127_ARMC5mAC_PhosphoEU
117,H20,3180.924184413079,209.56063209415723,477.26218277015397,1356.1181818181817,HCT116 OsTIRF74G ARMC5mAC Clone 5A1,"EU 1 mM, 30 mins",Vehicle,48,pSer5 Pol II 3E8,Goat anti-rat Alexa568,770,619.0102193997113,1990.9045511365518,1389.4389291689906,260127_ARMC5mAC_PhosphoEU
118,H21,2931.806563877248,210.08160256404187,478.81518249357816,1333.4625482625484,HCT116 OsTIRF74G ARMC5mAC Clone 5F9,"EU 1 mM, 30 mins",Vehicle,48,pSer5 Pol II 3E8,Goat anti-rat Alexa568,1295,751.1877964145882,2179.270552681322,1337.4518469656991,260127_ARMC5mAC_PhosphoEU
119,H22,2668.6346288082764,181.82284760089306,441.5285572159736,1562.2981407702523,HCT116 OsTIRF74G,"EU 1 mM, 30 mins",No addition,No addition,pSer5 Pol II 3E8,Goat anti-rat Alexa568,1506,566.3656106776291,1957.1025088000981,1484.8976323119778,260127_ARMC5mAC_PhosphoEU
120,I03,2656.614678813367,177.56922272052012,424.9413508635221,1614.1802985074628,HCT116 OsTIRF74G,"EU 1 mM, 30 mins",No addition,No addition,pSer5 Pol II 3E8,Goat anti-rat Alexa568,1675,749.927106674793,1887.519852875671,1488.045930428909,260127_ARMC5mAC_PhosphoEU
121,I04,2837.893194574366,179.32750368855838,456.943817165195,1477.1104883907126,HCT116 OsTIRF74G,"EU 1 mM, 30 mins",Vehicle,2,pSer5 Pol II 3E8,Goat anti-rat Alexa568,1249,755.899308414304,1931.4313000664545,1421.1675874769796,260127_ARMC5mAC_PhosphoEU
122,I05,3261.30451889058,207.4327133159444,465.535642350793,1438.1374663072777,HCT116 OsTIRF74G ARMC5mAC Clone 5A1,"EU 1 mM, 30 mins",Vehicle,2,pSer5 Pol II 3E8,Goat anti-rat Alexa568,742,622.0796175284164,2003.8500066054078,1423.9606741573034,260127_ARMC5mAC_PhosphoEU
123,I06,2964.160945303903,205.27057959800817,492.96846382881927,1299.3400182315406,HCT116 OsTIRF74G ARMC5mAC Clone 5F9,"EU 1 mM, 30 mins",Vehicle,2,pSer5 Pol II 3E8,Goat anti-rat Alexa568,1097,712.4087835907159,2211.576035510548,1262.3093080724877,260127_ARMC5mAC_PhosphoEU
124,I07,2714.05675729519,177.29500030073197,442.6862050283325,1501.2901315789475,HCT116 OsTIRF74G,"EU 1 mM, 30 mins",10 µM 5PhIAA,2,pSer5 Pol II 3E8,Goat anti-rat Alexa568,1520,712.4715823381088,1954.9982510023724,1416.5847513089004,260127_ARMC5mAC_PhosphoEU
125,I08,3322.377177848211,178.26076911073014,467.6131935985048,1468.9470954356846,HCT116 OsTIRF74G ARMC5mAC Clone 5A1,"EU 1 mM, 30 mins",10 µM 5PhIAA,2,pSer5 Pol II 3E8,Goat anti-rat Alexa568,964,547.2538715577225,2054.114866975907,1433.2277179236044,260127_ARMC5mAC_PhosphoEU
126,I09,3051.7611026245404,178.839146408164,460.9468553905799,1394.9428129829985,HCT116 OsTIRF74G ARMC5mAC Clone 5F9,"EU 1 mM, 30 mins",10 µM 5PhIAA,2,pSer5 Pol II 3E8,Goat anti-rat Alexa568,1294,657.4222314870823,2157.536727202868,1345.655907036798,260127_ARMC5mAC_PhosphoEU
127,I10,2687.41237249661,177.36522376926527,445.9957980759462,1477.4486873508354,HCT116 OsTIRF74G,"EU 1 mM, 30 mins",Vehicle,2,pSer5 Pol II 3E8,Goat anti-rat Alexa568,1257,718.866969677215,1883.1061594411633,1401.7295509919945,260127_ARMC5mAC_PhosphoEU
128,I11,2986.385107877872,204.76806044344627,452.99849210429835,1441.0757211538462,HCT116 OsTIRF74G ARMC5mAC Clone 5A1,"EU 1 mM, 30 mins",Vehicle,2,pSer5 Pol II 3E8,Goat anti-rat Alexa568,832,567.4613939692913,2029.3799633405984,1387.1639004149379,260127_ARMC5mAC_PhosphoEU
129,I12,2755.4686122607627,205.0414404181724,452.19201214774057,1374.947080291971,HCT116 OsTIRF74G ARMC5mAC Clone 5F9,"EU 1 mM, 30 mins",Vehicle,2,pSer5 Pol II 3E8,Goat anti-rat Alexa568,1096,658.2782863272149,2075.980212056579,1268.130341113106,260127_ARMC5mAC_PhosphoEU
130,I13,2651.4513224261113,177.43123395676022,433.3580375489829,1578.4869960988296,HCT116 OsTIRF74G,"EU 1 mM, 30 mins",10 µM 5PhIAA,2,pSer5 Pol II 3E8,Goat anti-rat Alexa568,1538,618.514306401801,1920.5643319383673,1472.4062695924765,260127_ARMC5mAC_PhosphoEU
131,I14,3288.9388378262697,180.0509921113479,467.3928217367384,1496.2338262476894,HCT116 OsTIRF74G ARMC5mAC Clone 5A1,"EU 1 mM, 30 mins",10 µM 5PhIAA,2,pSer5 Pol II 3E8,Goat anti-rat Alexa568,1082,521.0069494165251,2035.2406635731647,1425.635340186001,260127_ARMC5mAC_PhosphoEU
132,I15,3080.3641536329465,181.80427191785236,457.78171274177816,1437.6985677083333,HCT116 OsTIRF74G ARMC5mAC Clone 5F9,"EU 1 mM, 30 mins",10 µM 5PhIAA,2,pSer5 Pol II 3E8,Goat anti-rat Alexa568,1536,655.6816510804802,2202.2753273309627,1333.6846991037132,260127_ARMC5mAC_PhosphoEU
133,I16,2532.200202167371,181.58913024965037,446.5954457111943,1569.274819197896,HCT116 OsTIRF74G,"EU 1 mM, 30 mins",Vehicle,2,pSer5 Pol II 3E8,Goat anti-rat Alexa568,1521,693.6355159272904,1946.9983212339391,1461.593921852388,260127_ARMC5mAC_PhosphoEU
134,I17,3164.450612005234,205.2205890263102,467.48523457693153,1356.8925729442972,HCT116 OsTIRF74G ARMC5mAC Clone 5A1,"EU 1 mM, 30 mins",Vehicle,2,pSer5 Pol II 3E8,Goat anti-rat Alexa568,754,593.6417299282648,2088.2294848764345,1388.2649006622516,260127_ARMC5mAC_PhosphoEU
135,I18,2916.82183466812,207.1339458876187,479.1078253456547,1347.2781350482314,HCT116 OsTIRF74G ARMC5mAC Clone 5F9,"EU 1 mM, 30 mins",Vehicle,2,pSer5 Pol II 3E8,Goat anti-rat Alexa568,1244,675.3279997331518,2153.4340911378804,1302.760434340007,260127_ARMC5mAC_PhosphoEU
136,I19,2811.2959854414794,178.7812610215703,457.5164543181906,1506.2482380579484,HCT116 OsTIRF74G,"EU 1 mM, 30 mins",10 µM 5PhIAA,2,pSer5 Pol II 3E8,Goat anti-rat Alexa568,1277,658.2177782323727,1945.6104407061077,1450.3820816864295,260127_ARMC5mAC_PhosphoEU
137,I20,3397.0247457040996,181.0680497176689,458.89299173778386,1456.372340425532,HCT116 OsTIRF74G ARMC5mAC Clone 5A1,"EU 1 mM, 30 mins",10 µM 5PhIAA,2,pSer5 Pol II 3E8,Goat anti-rat Alexa568,752,515.040868339765,1916.653859332521,1440.1963123644252,260127_ARMC5mAC_PhosphoEU
138,I21,3330.095078336121,183.20956454358293,476.60427129678806,1399.6932409012131,HCT116 OsTIRF74G ARMC5mAC Clone 5F9,"EU 1 mM, 30 mins",10 µM 5PhIAA,2,pSer5 Pol II 3E8,Goat anti-rat Alexa568,1154,660.581900633999,2227.270201040419,1324.741533670689,260127_ARMC5mAC_PhosphoEU
139,I22,2711.3092032607888,183.63747607872622,445.6827124848254,1518.024860161591,HCT116 OsTIRF74G,"EU 1 mM, 30 mins",No addition,No addition,pSer5 Pol II 3E8,Goat anti-rat Alexa568,1609,654.1022574972995,1900.7609048682325,1451.6168032786886,260127_ARMC5mAC_PhosphoEU
140,J03,2599.192062943188,177.03538205316428,423.1092178844225,1551.1533333333334,HCT116 OsTIRF74G,"EU 1 mM, 30 mins",No addition,No addition,pSer5 Pol II 3E8,Goat anti-rat Alexa568,1650,698.750093678871,1837.3869028531692,1459.253555324315,260127_ARMC5mAC_PhosphoEU
141,J04,3032.1473289244786,179.05426161987208,452.1142021347305,1379.8551502145922,HCT116 OsTIRF74G,"EU 1 mM, 30 mins",Vehicle,8,pSer5 Pol II 3E8,Goat anti-rat Alexa568,932,779.8933728760636,1936.9602052661464,1350.9516198704105,260127_ARMC5mAC_PhosphoEU
142,J05,3116.4335092186907,209.72675630625767,458.0990721320106,1525.4472906403942,HCT116 OsTIRF74G ARMC5mAC Clone 5A1,"EU 1 mM, 30 mins",Vehicle,8,pSer5 Pol II 3E8,Goat anti-rat Alexa568,1015,649.158882833347,1933.3156198068043,1433.0324098274962,260127_ARMC5mAC_PhosphoEU
143,J06,2881.309200465714,202.48023389916762,458.15705958034016,1364.9646226415093,HCT116 OsTIRF74G ARMC5mAC Clone 5F9,"EU 1 mM, 30 mins",Vehicle,8,pSer5 Pol II 3E8,Goat anti-rat Alexa568,1272,758.8648875055034,2170.0985109617013,1289.594217687075,260127_ARMC5mAC_PhosphoEU
144,J07,2807.374953339204,178.79095754408192,463.05539934975724,1416.3629560336763,HCT116 OsTIRF74G,"EU 1 mM, 30 mins",10 µM 5PhIAA,8,pSer5 Pol II 3E8,Goat anti-rat Alexa568,1069,625.9407707364464,1944.3883845546193,1377.928514056225,260127_ARMC5mAC_PhosphoEU
145,J08,4239.567713274503,180.5171514972568,461.66351374361346,1414.9333333333334,HCT116 OsTIRF74G ARMC5mAC Clone 5A1,"EU 1 mM, 30 mins",10 µM 5PhIAA,8,pSer5 Pol II 3E8,Goat anti-rat Alexa568,795,541.0134579179676,2039.951379227713,1422.424126984127,260127_ARMC5mAC_PhosphoEU
146,J09,4035.4383461939515,180.54847765112854,479.73098389634015,1396.349376114082,HCT116 OsTIRF74G ARMC5mAC Clone 5F9,"EU 1 mM, 30 mins",10 µM 5PhIAA,8,pSer5 Pol II 3E8,Goat anti-rat Alexa568,1122,679.8595612492439,2168.3081531802763,1325.2795399093761,260127_ARMC5mAC_PhosphoEU
147,J10,2692.7445757888595,178.18034568662216,447.0064405657969,1473.517980636238,HCT116 OsTIRF74G,"EU 1 mM, 30 mins",Vehicle,8,pSer5 Pol II 3E8,Goat anti-rat Alexa568,1446,722.4085422801828,1940.5233732555898,1419.8583478766725,260127_ARMC5mAC_PhosphoEU
148,J11,3160.1279123136837,209.809154100636,482.0397119902532,1353.0080428954423,HCT116 OsTIRF74G ARMC5mAC Clone 5A1,"EU 1 mM, 30 mins",Vehicle,8,pSer5 Pol II 3E8,Goat anti-rat Alexa568,746,587.6006181187159,2037.0277545467663,1349.0041039671682,260127_ARMC5mAC_PhosphoEU
149,J12,2778.309846241123,204.56773504476124,454.32572749193605,1390.0735411670664,HCT116 OsTIRF74G ARMC5mAC Clone 5F9,"EU 1 mM, 30 mins",Vehicle,8,pSer5 Pol II 3E8,Goat anti-rat Alexa568,1251,713.1497734953003,2087.3534379222447,1289.3857449856735,260127_ARMC5mAC_PhosphoEU
150,J13,2842.229412848881,178.2538392951798,454.0227622966102,1440.2485436893203,HCT116 OsTIRF74G,"EU 1 mM, 30 mins",10 µM 5PhIAA,8,pSer5 Pol II 3E8,Goat anti-rat Alexa568,1030,688.0868372632947,1956.891822986498,1420.9679973606071,260127_ARMC5mAC_PhosphoEU
151,J14,4588.751861243157,180.84285872960768,475.5121283615065,1363.1431767337808,HCT116 OsTIRF74G ARMC5mAC Clone 5A1,"EU 1 mM, 30 mins",10 µM 5PhIAA,8,pSer5 Pol II 3E8,Goat anti-rat Alexa568,894,533.6233762376221,2002.351103624582,1364.1097622660598,260127_ARMC5mAC_PhosphoEU
152,J15,3944.9898858064585,181.84115620915915,464.79870835129276,1439.358761329305,HCT116 OsTIRF74G ARMC5mAC Clone 5F9,"EU 1 mM, 30 mins",10 µM 5PhIAA,8,pSer5 Pol II 3E8,Goat anti-rat Alexa568,1324,715.328126686901,2143.3240777260344,1338.3471337579617,260127_ARMC5mAC_PhosphoEU
153,J16,2728.3491312956507,179.1853012711094,440.2669769467295,1458.0534950071326,HCT116 OsTIRF74G,"EU 1 mM, 30 mins",Vehicle,8,pSer5 Pol II 3E8,Goat anti-rat Alexa568,1402,752.725342894869,1972.5425832002143,1389.0407534246576,260127_ARMC5mAC_PhosphoEU
154,J17,3106.5043169898913,208.8223580333491,473.33248123576004,1447.6690307328606,HCT116 OsTIRF74G ARMC5mAC Clone 5A1,"EU 1 mM, 30 mins",Vehicle,8,pSer5 Pol II 3E8,Goat anti-rat Alexa568,846,586.8304068511138,2044.2193400177002,1410.8539666498232,260127_ARMC5mAC_PhosphoEU
155,J18,2890.551277892522,209.03086436202827,479.0564239063291,1328.3608562691131,HCT116 OsTIRF74G ARMC5mAC Clone 5F9,"EU 1 mM, 30 mins",Vehicle,8,pSer5 Pol II 3E8,Goat anti-rat Alexa568,1308,718.7531707342033,2145.0377059064194,1276.1110752340976,260127_ARMC5mAC_PhosphoEU
156,J19,2685.248442094383,179.64628012858176,448.03191366360585,1497.2629582806574,HCT116 OsTIRF74G,"EU 1 mM, 30 mins",10 µM 5PhIAA,8,pSer5 Pol II 3E8,Goat anti-rat Alexa568,1582,695.49769216414,1823.3600323802573,1460.9928400954655,260127_ARMC5mAC_PhosphoEU
157,J20,4503.184907780227,181.91417136406966,461.16534566951356,1437.766149870801,HCT116 OsTIRF74G ARMC5mAC Clone 5A1,"EU 1 mM, 30 mins",10 µM 5PhIAA,8,pSer5 Pol II 3E8,Goat anti-rat Alexa568,774,533.7472833034507,1989.4775235551792,1368.1024159663866,260127_ARMC5mAC_PhosphoEU
158,J21,3858.214137225045,181.40767213400568,466.3641437538081,1399.2326283987916,HCT116 OsTIRF74G ARMC5mAC Clone 5F9,"EU 1 mM, 30 mins",10 µM 5PhIAA,8,pSer5 Pol II 3E8,Goat anti-rat Alexa568,1324,659.9031817126778,2206.0858505878077,1321.9305555555557,260127_ARMC5mAC_PhosphoEU
159,J22,2685.797451596287,180.38262267362285,436.1868189280499,1583.063670411985,HCT116 OsTIRF74G,"EU 1 mM, 30 mins",No addition,No addition,pSer5 Pol II 3E8,Goat anti-rat Alexa568,1602,596.4190376649684,1853.5736111822891,1494.749126706891,260127_ARMC5mAC_PhosphoEU
160,K03,2513.176788893754,176.90919101877893,410.09764652267273,1575.5466666666666,HCT116 OsTIRF74G,"EU 1 mM, 30 mins",No addition,No addition,pSer5 Pol II 3E8,Goat anti-rat Alexa568,1800,733.2363290964204,1816.2355621194365,1489.6997286704855,260127_ARMC5mAC_PhosphoEU
161,K04,2708.897898822669,177.6883686377849,430.28223328054776,1494.4530059271804,HCT116 OsTIRF74G,"EU 1 mM, 30 mins",Vehicle,24,pSer5 Pol II 3E8,Goat anti-rat Alexa568,1181,736.3504272036441,1883.013929659211,1433.7634926091441,260127_ARMC5mAC_PhosphoEU
162,K05,3309.2324933660707,209.2671484747589,460.86490721252466,1297.9209770114942,HCT116 OsTIRF74G ARMC5mAC Clone 5A1,"EU 1 mM, 30 mins",Vehicle,24,pSer5 Pol II 3E8,Goat anti-rat Alexa568,696,644.5063591388781,2021.1447729486204,1330.7503966155473,260127_ARMC5mAC_PhosphoEU
163,K06,2951.8828351859715,202.01278831095,457.1314052745336,1356.5310734463276,HCT116 OsTIRF74G ARMC5mAC Clone 5F9,"EU 1 mM, 30 mins",Vehicle,24,pSer5 Pol II 3E8,Goat anti-rat Alexa568,1062,730.7982212532469,2141.6393934889697,1287.0368852459017,260127_ARMC5mAC_PhosphoEU
164,K07,2685.2767482506993,177.85846229840104,418.43015626391735,1517.225407166124,HCT116 OsTIRF74G,"EU 1 mM, 30 mins",10 µM 5PhIAA,24,pSer5 Pol II 3E8,Goat anti-rat Alexa568,1535,673.7642369794245,1885.4034606991038,1473.055728429986,260127_ARMC5mAC_PhosphoEU
165,K08,5199.3028372584195,179.88253445844398,458.33248785096686,1437.7654867256638,HCT116 OsTIRF74G ARMC5mAC Clone 5A1,"EU 1 mM, 30 mins",10 µM 5PhIAA,24,pSer5 Pol II 3E8,Goat anti-rat Alexa568,904,549.1992587391375,2023.2328766007279,1364.2686640471513,260127_ARMC5mAC_PhosphoEU
166,K09,4525.495882578263,181.14722069990023,451.41335090353874,1416.719734660033,HCT116 OsTIRF74G ARMC5mAC Clone 5F9,"EU 1 mM, 30 mins",10 µM 5PhIAA,24,pSer5 Pol II 3E8,Goat anti-rat Alexa568,1206,675.8961022792445,2171.3994295265456,1319.0939824205545,260127_ARMC5mAC_PhosphoEU
167,K10,2609.8921229123553,177.70715955402707,419.4301870691113,1536.1898034398034,HCT116 OsTIRF74G,"EU 1 mM, 30 mins",Vehicle,24,pSer5 Pol II 3E8,Goat anti-rat Alexa568,1628,746.3861286468882,1890.3688732943574,1405.9834162520729,260127_ARMC5mAC_PhosphoEU
168,K11,3179.097826130625,210.6208075739713,444.8859762609673,1454.8079847908746,HCT116 OsTIRF74G ARMC5mAC Clone 5A1,"EU 1 mM, 30 mins",Vehicle,24,pSer5 Pol II 3E8,Goat anti-rat Alexa568,526,572.044403550385,1990.6616731018642,1393.5438596491229,260127_ARMC5mAC_PhosphoEU
169,K12,2964.3718638644073,200.41924079017969,474.7384758956249,1334.0581092801388,HCT116 OsTIRF74G ARMC5mAC Clone 5F9,"EU 1 mM, 30 mins",Vehicle,24,pSer5 Pol II 3E8,Goat anti-rat Alexa568,1153,689.5062190367538,2212.6775331801573,1288.1224727838257,260127_ARMC5mAC_PhosphoEU
170,K13,2589.071624956772,179.26097201006917,423.34010294412644,1529.1892878880096,HCT116 OsTIRF74G,"EU 1 mM, 30 mins",10 µM 5PhIAA,24,pSer5 Pol II 3E8,Goat anti-rat Alexa568,1643,665.255935783408,1903.252659883676,1443.2126876239026,260127_ARMC5mAC_PhosphoEU
171,K14,5223.550607051691,178.6870760965867,431.32571142826805,1507.2124277456646,HCT116 OsTIRF74G ARMC5mAC Clone 5A1,"EU 1 mM, 30 mins",10 µM 5PhIAA,24,pSer5 Pol II 3E8,Goat anti-rat Alexa568,692,501.99437830833403,1886.7155950680565,1428.6526867627786,260127_ARMC5mAC_PhosphoEU
172,K15,4395.904953520587,180.42282772052423,442.2647814619761,1448.544695071011,HCT116 OsTIRF74G ARMC5mAC Clone 5F9,"EU 1 mM, 30 mins",10 µM 5PhIAA,24,pSer5 Pol II 3E8,Goat anti-rat Alexa568,1197,648.1546906016737,2111.7473714850507,1358.037767379679,260127_ARMC5mAC_PhosphoEU
173,K16,2607.8226217062447,179.94709144220013,431.2846940734611,1497.0895691609978,HCT116 OsTIRF74G,"EU 1 mM, 30 mins",Vehicle,24,pSer5 Pol II 3E8,Goat anti-rat Alexa568,1764,744.9930666816714,1924.149105616002,1442.123392612859,260127_ARMC5mAC_PhosphoEU
174,K17,3257.530017025979,209.7452913408046,454.75550597661066,1336.6870415647923,HCT116 OsTIRF74G ARMC5mAC Clone 5A1,"EU 1 mM, 30 mins",Vehicle,24,pSer5 Pol II 3E8,Goat anti-rat Alexa568,818,573.4513915174999,2076.7269458135765,1360.5704779189352,260127_ARMC5mAC_PhosphoEU
175,K18,2799.580777768751,208.53909031026618,454.20178455677717,1367.0622041920217,HCT116 OsTIRF74G ARMC5mAC Clone 5F9,"EU 1 mM, 30 mins",Vehicle,24,pSer5 Pol II 3E8,Goat anti-rat Alexa568,1479,723.3250477653709,2197.2248777371847,1291.583787247677,260127_ARMC5mAC_PhosphoEU
176,K19,2642.6365597258164,179.311662376047,429.1446226213197,1518.508064516129,HCT116 OsTIRF74G,"EU 1 mM, 30 mins",10 µM 5PhIAA,24,pSer5 Pol II 3E8,Goat anti-rat Alexa568,1240,645.4433888900323,1974.1214630291977,1465.469135802469,260127_ARMC5mAC_PhosphoEU
177,K20,5015.28244982787,179.88900012358812,442.49891721158974,1533.3795379537953,HCT116 OsTIRF74G ARMC5mAC Clone 5A1,"EU 1 mM, 30 mins",10 µM 5PhIAA,24,pSer5 Pol II 3E8,Goat anti-rat Alexa568,909,516.5865747141187,1920.909821545848,1461.623595505618,260127_ARMC5mAC_PhosphoEU
178,K21,4598.893994831541,180.84506796178943,451.30332328141003,1357.1252144082332,HCT116 OsTIRF74G ARMC5mAC Clone 5F9,"EU 1 mM, 30 mins",10 µM 5PhIAA,24,pSer5 Pol II 3E8,Goat anti-rat Alexa568,1166,649.5781615115249,2197.6980864184793,1347.5835877862596,260127_ARMC5mAC_PhosphoEU
179,K22,2624.635711990972,178.9532946077653,431.46607933856313,1526.0919117647059,HCT116 OsTIRF74G,"EU 1 mM, 30 mins",No addition,No addition,pSer5 Pol II 3E8,Goat anti-rat Alexa568,1632,622.6131071681043,1891.7034956371465,1481.1870014771048,260127_ARMC5mAC_PhosphoEU
180,L03,2554.5788615657234,176.30105437860558,419.40840203779385,1590.0499001996009,HCT116 OsTIRF74G,"EU 1 mM, 30 mins",No addition,No addition,pSer5 Pol II 3E8,Goat anti-rat Alexa568,1503,715.3540053435712,1793.4743177276446,1481.3192404156216,260127_ARMC5mAC_PhosphoEU
181,L04,2625.58526013414,176.8331856476344,427.53678684120615,1476.824640967498,HCT116 OsTIRF74G,"EU 1 mM, 30 mins",10 µM 5PhIAA,48,pSer5 Pol II 3E8,Goat anti-rat Alexa568,1323,709.9914956354138,1807.9350035296031,1438.91280838121,260127_ARMC5mAC_PhosphoEU
182,L05,4999.523249638605,177.19611463450372,436.23917506554733,1433.369536423841,HCT116 OsTIRF74G ARMC5mAC Clone 5A1,"EU 1 mM, 30 mins",10 µM 5PhIAA,48,pSer5 Pol II 3E8,Goat anti-rat Alexa568,755,570.6426340350731,1842.5074499419381,1435.1954206602768,260127_ARMC5mAC_PhosphoEU
183,L06,4759.106425252451,180.10306346132782,438.2770002260946,1426.0353327855382,HCT116 OsTIRF74G ARMC5mAC Clone 5F9,"EU 1 mM, 30 mins",10 µM 5PhIAA,48,pSer5 Pol II 3E8,Goat anti-rat Alexa568,1217,674.134306050054,1976.8227074519405,1334.1767838125666,260127_ARMC5mAC_PhosphoEU
184,L07,2803.2330040637507,179.76901286780875,458.842017722862,1513.3784021071115,HCT116 OsTIRF74G,"EU 1 mM, 30 mins",Vehicle,48,pSer5 Pol II 3E8,Goat anti-rat Alexa568,1139,595.0094479836114,1950.2059168885467,1462.104726976365,260127_ARMC5mAC_PhosphoEU
185,L08,3136.704781955727,180.64183977286064,460.9543445785622,1462.0741656365883,HCT116 OsTIRF74G ARMC5mAC Clone 5A1,"EU 1 mM, 30 mins",Vehicle,48,pSer5 Pol II 3E8,Goat anti-rat Alexa568,809,550.703829565096,2015.8146261659863,1428.0075642965205,260127_ARMC5mAC_PhosphoEU
186,L09,2937.696489938924,183.98469747929516,465.89889856589554,1449.6018447348195,HCT116 OsTIRF74G ARMC5mAC Clone 5F9,"EU 1 mM, 30 mins",Vehicle,48,pSer5 Pol II 3E8,Goat anti-rat Alexa568,1301,611.0792536225407,2139.6126735922003,1355.466910643489,260127_ARMC5mAC_PhosphoEU
187,L10,2710.82152898786,180.85063510982837,436.67187121173976,1509.9702159344752,HCT116 OsTIRF74G,"EU 1 mM, 30 mins",Vehicle,48,pSer5 Pol II 3E8,Goat anti-rat Alexa568,1343,721.678686095081,1896.44513873419,1443.396848555588,260127_ARMC5mAC_PhosphoEU
188,L11,3172.2818982217273,208.90316676468723,461.6564127711268,1475.2870493991988,HCT116 OsTIRF74G ARMC5mAC Clone 5A1,"EU 1 mM, 30 mins",Vehicle,48,pSer5 Pol II 3E8,Goat anti-rat Alexa568,749,581.6434320297972,2029.6425907588978,1405.655601659751,260127_ARMC5mAC_PhosphoEU
189,L12,2856.774658560499,197.3070840729933,460.8066590844931,1389.9219905850707,HCT116 OsTIRF74G ARMC5mAC Clone 5F9,"EU 1 mM, 30 mins",Vehicle,48,pSer5 Pol II 3E8,Goat anti-rat Alexa568,1487,678.7471119087356,2152.0760159616416,1307.7854581023803,260127_ARMC5mAC_PhosphoEU
190,L13,2670.948205379114,177.18350134668967,438.2813385483958,1578.7877442273534,HCT116 OsTIRF74G,"EU 1 mM, 30 mins",10 µM 5PhIAA,48,pSer5 Pol II 3E8,Goat anti-rat Alexa568,1126,567.8331192095717,1915.1441551699138,1495.6107460378817,260127_ARMC5mAC_PhosphoEU
191,L14,5309.187081510769,180.9464062766752,428.6203516840477,1491.5620842572062,HCT116 OsTIRF74G ARMC5mAC Clone 5A1,"EU 1 mM, 30 mins",10 µM 5PhIAA,48,pSer5 Pol II 3E8,Goat anti-rat Alexa568,902,483.96887197224066,1856.8503154507857,1452.297142857143,260127_ARMC5mAC_PhosphoEU
192,L15,4519.177104390458,179.72013478161165,440.69950603303727,1465.8938589840789,HCT116 OsTIRF74G ARMC5mAC Clone 5F9,"EU 1 mM, 30 mins",10 µM 5PhIAA,48,pSer5 Pol II 3E8,Goat anti-rat Alexa568,1319,602.3472869421612,2064.582972824165,1384.3624726818607,260127_ARMC5mAC_PhosphoEU
193,L16,2659.774590999703,179.15347667649166,439.6893375025976,1476.292984869326,HCT116 OsTIRF74G,"EU 1 mM, 30 mins",Vehicle,48,pSer5 Pol II 3E8,Goat anti-rat Alexa568,1454,713.8524893797698,1906.757260226159,1425.5725513905684,260127_ARMC5mAC_PhosphoEU
194,L17,3098.5404013924917,206.89322267634083,458.15299720234685,1414.983173076923,HCT116 OsTIRF74G ARMC5mAC Clone 5A1,"EU 1 mM, 30 mins",Vehicle,48,pSer5 Pol II 3E8,Goat anti-rat Alexa568,832,572.5424940428352,2052.021426094446,1404.4966047985513,260127_ARMC5mAC_PhosphoEU
195,L18,2942.8955500934658,196.80546749728416,468.1264662705558,1331.132122213047,HCT116 OsTIRF74G ARMC5mAC Clone 5F9,"EU 1 mM, 30 mins",Vehicle,48,pSer5 Pol II 3E8,Goat anti-rat Alexa568,1211,678.9842870931556,2176.859028923836,1312.1173989455185,260127_ARMC5mAC_PhosphoEU
196,L19,2663.976767029051,179.0642003602858,441.861851295337,1532.3001700680272,HCT116 OsTIRF74G,"EU 1 mM, 30 mins",10 µM 5PhIAA,48,pSer5 Pol II 3E8,Goat anti-rat Alexa568,1176,570.3024222051496,1949.1409108554467,1483.6674991080984,260127_ARMC5mAC_PhosphoEU
197,L20,5171.58776938314,179.39193814655013,441.4595049498524,1504.461716937355,HCT116 OsTIRF74G ARMC5mAC Clone 5A1,"EU 1 mM, 30 mins",10 µM 5PhIAA,48,pSer5 Pol II 3E8,Goat anti-rat Alexa568,862,516.2788235405349,1967.7375365606654,1464.569804456571,260127_ARMC5mAC_PhosphoEU
198,L21,4555.587600234784,180.25117347103745,451.7655354818226,1422.0712143928035,HCT116 OsTIRF74G ARMC5mAC Clone 5F9,"EU 1 mM, 30 mins",10 µM 5PhIAA,48,pSer5 Pol II 3E8,Goat anti-rat Alexa568,1334,602.5942368437157,2140.571238625041,1385.9822755860491,260127_ARMC5mAC_PhosphoEU
199,L22,2672.6301600418424,178.22052819719343,441.2348058904864,1504.8307189542484,HCT116 OsTIRF74G,"EU 1 mM, 30 mins",No addition,No addition,pSer5 Pol II 3E8,Goat anti-rat Alexa568,1530,591.0572154528434,1889.8556660148486,1460.2751445086706,260127_ARMC5mAC_PhosphoEU
200,M03,2760.7054506808927,176.7566080923305,437.2727456937434,1527.854219948849,HCT116 OsTIRF74G,"EU 1 mM, 30 mins",No addition,No addition,pSer5 Pol II 3E8,Goat anti-rat Alexa568,1173,662.83776866037,1830.2924763242515,1427.0754557015684,260127_ARMC5mAC_PhosphoEU
201,M04,2588.533277403767,176.99845939814017,426.0400993601338,1456.2831325301204,HCT116 OsTIRF74G,"EU 1 mM, 30 mins",Vehicle,48,pSer5 Pol II 3E8,Goat anti-rat Alexa568,1328,768.7325615153918,1841.489951814021,1395.779365079365,260127_ARMC5mAC_PhosphoEU
202,M05,2981.813332572772,186.48832720506135,446.08239366213803,1406.022113022113,HCT116 OsTIRF74G ARMC5mAC Clone 5A1,"EU 1 mM, 30 mins",Vehicle,48,pSer5 Pol II 3E8,Goat anti-rat Alexa568,814,579.1385259448397,1841.1019293638756,1382.9297498669505,260127_ARMC5mAC_PhosphoEU
203,M06,2886.650581004403,194.02421956877936,457.80801710768884,1335.8906414300736,HCT116 OsTIRF74G ARMC5mAC Clone 5F9,"EU 1 mM, 30 mins",Vehicle,48,pSer5 Pol II 3E8,Goat anti-rat Alexa568,951,670.2994450767168,1996.208329558499,1304.6842105263158,260127_ARMC5mAC_PhosphoEU
204,M07,2582.475100301082,178.251918157355,433.7579901675917,1551.8763089005236,HCT116 OsTIRF74G,"EU 1 mM, 30 mins",10 µM 5PhIAA,48,pSer5 Pol II 3E8,Goat anti-rat Alexa568,1528,612.3730258899044,1837.874848260511,1455.2764227642276,260127_ARMC5mAC_PhosphoEU
205,M08,5502.060415012967,178.69549834894303,438.46505328298093,1496.6269702276707,HCT116 OsTIRF74G ARMC5mAC Clone 5A1,"EU 1 mM, 30 mins",10 µM 5PhIAA,48,pSer5 Pol II 3E8,Goat anti-rat Alexa568,571,527.607426122549,1777.110099732158,1508.1871689228958,260127_ARMC5mAC_PhosphoEU
206,M09,4481.423354997713,181.68727948758786,445.2861867963554,1426.2525107604017,HCT116 OsTIRF74G ARMC5mAC Clone 5F9,"EU 1 mM, 30 mins",10 µM 5PhIAA,48,pSer5 Pol II 3E8,Goat anti-rat Alexa568,1394,584.8872160697307,2009.4132447175707,1353.3911925425907,260127_ARMC5mAC_PhosphoEU
207,M10,2715.2877436671874,179.83109877847707,444.56333329362167,1535.6378454996457,HCT116 OsTIRF74G,"EU 1 mM, 30 mins",Vehicle,48,pSer5 Pol II 3E8,Goat anti-rat Alexa568,1411,657.5066651207529,1879.5120603898692,1450.9804400977996,260127_ARMC5mAC_PhosphoEU
208,M11,3267.9252521523995,208.79019029439027,477.04197745269477,1380.509954058193,HCT116 OsTIRF74G ARMC5mAC Clone 5A1,"EU 1 mM, 30 mins",Vehicle,48,pSer5 Pol II 3E8,Goat anti-rat Alexa568,653,570.3635499254526,2014.5832467609332,1348.3080110497237,260127_ARMC5mAC_PhosphoEU
209,M12,2832.9540806044583,202.79398933421018,457.86534847619043,1395.0637610976594,HCT116 OsTIRF74G ARMC5mAC Clone 5F9,"EU 1 mM, 30 mins",Vehicle,48,pSer5 Pol II 3E8,Goat anti-rat Alexa568,1239,634.7865116073815,2117.264553225281,1315.4284199363733,260127_ARMC5mAC_PhosphoEU
210,M13,2615.2972210219473,179.73110279416312,442.0428796592785,1547.980828220859,HCT116 OsTIRF74G,"EU 1 mM, 30 mins",10 µM 5PhIAA,48,pSer5 Pol II 3E8,Goat anti-rat Alexa568,1304,546.2502503221059,1913.6790516668186,1483.9625176803395,260127_ARMC5mAC_PhosphoEU
211,M14,5438.179449379651,178.6728124147346,442.03617685527894,1457.953642384106,HCT116 OsTIRF74G ARMC5mAC Clone 5A1,"EU 1 mM, 30 mins",10 µM 5PhIAA,48,pSer5 Pol II 3E8,Goat anti-rat Alexa568,906,458.23765987810765,1871.5826779302104,1471.3076923076924,260127_ARMC5mAC_PhosphoEU
212,M15,4658.5034588638055,179.7602976320436,439.43068906574035,1445.5608163265306,HCT116 OsTIRF74G ARMC5mAC Clone 5F9,"EU 1 mM, 30 mins",10 µM 5PhIAA,48,pSer5 Pol II 3E8,Goat anti-rat Alexa568,1225,584.2312752602929,2067.3872233781576,1348.8994807121662,260127_ARMC5mAC_PhosphoEU
213,M16,2822.48559895837,178.66459813599133,437.75131845008457,1426.1850877192983,HCT116 OsTIRF74G,"EU 1 mM, 30 mins",Vehicle,48,pSer5 Pol II 3E8,Goat anti-rat Alexa568,1140,651.5855853513772,1872.8999451879556,1387.8895110115716,260127_ARMC5mAC_PhosphoEU
214,M17,3195.6539337162712,206.66371826880558,457.8640576633628,1420.5963020030817,HCT116 OsTIRF74G ARMC5mAC Clone 5A1,"EU 1 mM, 30 mins",Vehicle,48,pSer5 Pol II 3E8,Goat anti-rat Alexa568,649,536.4810738658405,1996.543371576937,1388.2453237410073,260127_ARMC5mAC_PhosphoEU
215,M18,2798.848790651955,205.42561722614428,452.97198719003416,1365.1344696969697,HCT116 OsTIRF74G ARMC5mAC Clone 5F9,"EU 1 mM, 30 mins",Vehicle,48,pSer5 Pol II 3E8,Goat anti-rat Alexa568,1056,640.7304052772505,2065.857609061858,1297.1489547038327,260127_ARMC5mAC_PhosphoEU
216,M19,2678.1595954020977,179.0095650273206,436.79283645217123,1453.1193785772691,HCT116 OsTIRF74G,"EU 1 mM, 30 mins",10 µM 5PhIAA,48,pSer5 Pol II 3E8,Goat anti-rat Alexa568,1223,613.571684511323,1949.5882161556926,1453.0493630573249,260127_ARMC5mAC_PhosphoEU
217,M20,5144.747698743725,179.72399964031752,433.1507071460351,1567.8662280701753,HCT116 OsTIRF74G ARMC5mAC Clone 5A1,"EU 1 mM, 30 mins",10 µM 5PhIAA,48,pSer5 Pol II 3E8,Goat anti-rat Alexa568,912,481.3365065138991,1872.1470973429552,1533.2253374870197,260127_ARMC5mAC_PhosphoEU
218,M21,4630.815570102879,179.75506765381212,443.806910755006,1456.3821989528797,HCT116 OsTIRF74G ARMC5mAC Clone 5F9,"EU 1 mM, 30 mins",10 µM 5PhIAA,48,pSer5 Pol II 3E8,Goat anti-rat Alexa568,1528,610.9220438170673,2056.630804805457,1378.6924046643555,260127_ARMC5mAC_PhosphoEU
219,M22,2650.5343996689267,178.26116110596504,431.1502744941301,1583.2834190231363,HCT116 OsTIRF74G,"EU 1 mM, 30 mins",No addition,No addition,pSer5 Pol II 3E8,Goat anti-rat Alexa568,1556,557.596605758937,1869.082390465507,1519.1759036144579,260127_ARMC5mAC_PhosphoEU
220,N03,2563.3340841298723,175.73964775186923,415.6881026596242,1619.6335671883432,HCT116 OsTIRF74G,No addition,No addition,No addition,pSer5 Pol II 3E8,Goat anti-rat Alexa568,1853,206.80981077236243,1757.8755368020873,1498.0833815865662,260127_ARMC5mAC_PhosphoEU
221,N04,142.56432781276473,176.67837284986268,427.4996047715103,1551.2114803625377,HCT116 OsTIRF74G,No addition,No addition,No addition,No primary,Goat anti-rat Alexa568,1324,208.65560399081414,1799.6960597477032,1450.084708470847,260127_ARMC5mAC_PhosphoEU
222,N05,2593.7167239875616,176.08369881936287,425.3614211593391,1535.2641744548287,HCT116 OsTIRF74G,No addition,No addition,No addition,pSer5 Pol II 3E8,Goat anti-rat Alexa568,1605,212.77145166478738,1730.4947707005188,1426.5364441416893,260127_ARMC5mAC_PhosphoEU
223,N06,486.411806198997,177.46687496286768,423.044742030315,1618.7455303933255,HCT116 OsTIRF74G,No addition,No addition,No addition,No primary,Goat anti-rat Alexa568,1678,207.03150167081725,1809.163011710968,1493.0632183908046,260127_ARMC5mAC_PhosphoEU
224,N07,2697.5300761343306,176.9239722210715,431.0814679581446,1569.6531746031746,HCT116 OsTIRF74G,No addition,No addition,No addition,pSer5 Pol II 3E8,Goat anti-rat Alexa568,1260,213.17364719073763,1890.0347689099435,1468.637557685481,260127_ARMC5mAC_PhosphoEU
225,N08,142.88888239756923,178.2191087162366,436.55328629856166,1486.045784883721,HCT116 OsTIRF74G,No addition,No addition,No addition,No primary,Goat anti-rat Alexa568,1376,209.50439205232914,1922.1659734701873,1425.9046833773086,260127_ARMC5mAC_PhosphoEU
226,N09,2605.302495354641,178.0715241034197,430.2305017279769,1634.9663386846194,HCT116 OsTIRF74G,No addition,No addition,No addition,pSer5 Pol II 3E8,Goat anti-rat Alexa568,1931,208.9019141066163,1890.0310598922938,1489.5408426483234,260127_ARMC5mAC_PhosphoEU
227,N10,143.31595005371233,178.23110553004472,445.5717936928141,1489.895652173913,HCT116 OsTIRF74G,No addition,No addition,No addition,No primary,Goat anti-rat Alexa568,1380,216.38844010001068,1951.547869585766,1408.7865853658536,260127_ARMC5mAC_PhosphoEU
228,N11,2831.581125108886,178.4173270511788,455.79717727064576,1472.7537901758642,HCT116 OsTIRF74G,No addition,No addition,No addition,pSer5 Pol II 3E8,Goat anti-rat Alexa568,1649,215.20124914567447,1963.7526728194432,1445.3653123933084,260127_ARMC5mAC_PhosphoEU
229,N12,144.2979282558039,178.5147545335109,434.19962647851673,1548.4215080346107,HCT116 OsTIRF74G,No addition,No addition,No addition,No primary,Goat anti-rat Alexa568,1618,210.38805539894355,1892.8195526785953,1467.997150997151,260127_ARMC5mAC_PhosphoEU
230,N13,2745.232859997748,178.0639685195784,445.55021126663894,1571.3421884882985,HCT116 OsTIRF74G,No addition,No addition,No addition,pSer5 Pol II 3E8,Goat anti-rat Alexa568,1581,220.71961259747403,1959.5823941324893,1463.718773096822,260127_ARMC5mAC_PhosphoEU
231,N14,143.4364796853694,179.7825556336056,434.802134594376,1553.2683749157113,HCT116 OsTIRF74G,No addition,No addition,No addition,No primary,Goat anti-rat Alexa568,1483,214.82922262206537,1924.4380170349382,1437.3210303729336,260127_ARMC5mAC_PhosphoEU
232,N15,2630.4348807332,178.8589470317858,429.33497911799185,1531.2366589327146,HCT116 OsTIRF74G,No addition,No addition,No addition,pSer5 Pol II 3E8,Goat anti-rat Alexa568,1724,216.01852922848437,1946.50969449676,1437.761162721007,260127_ARMC5mAC_PhosphoEU
233,N16,142.30189792372997,177.9337176159944,419.8305198107659,1542.4830985915494,HCT116 OsTIRF74G,No addition,No addition,No addition,No primary,Goat anti-rat Alexa568,1420,209.87658254841722,1859.7168764675287,1479.760213143872,260127_ARMC5mAC_PhosphoEU
234,N17,2770.5549639295323,179.19561708162715,452.90400430637555,1514.2081141998497,HCT116 OsTIRF74G,No addition,No addition,No addition,pSer5 Pol II 3E8,Goat anti-rat Alexa568,1331,224.27095148439062,1992.3325326802687,1449.09967453214,260127_ARMC5mAC_PhosphoEU
235,N18,142.82990442276136,177.4452122046514,422.1497247790141,1629.4849368318755,HCT116 OsTIRF74G,No addition,No addition,No addition,No primary,Goat anti-rat Alexa568,2058,208.74267956307074,1819.3937863982405,1478.4363336992317,260127_ARMC5mAC_PhosphoEU
236,N19,2666.924427260013,178.66441170689322,433.2598000238487,1524.9189636163176,HCT116 OsTIRF74G,No addition,No addition,No addition,pSer5 Pol II 3E8,Goat anti-rat Alexa568,1814,222.03739276305578,1962.3542957295476,1414.4020006251953,260127_ARMC5mAC_PhosphoEU
237,N20,142.13764349873676,176.9293647432308,430.44053034287697,1603.736607142857,HCT116 OsTIRF74G,No addition,No addition,No addition,No primary,Goat anti-rat Alexa568,1568,208.159424167027,1879.503280824731,1507.5981161695447,260127_ARMC5mAC_PhosphoEU
238,N21,2614.4566430238583,178.66337793612607,432.37879014487316,1552.4125615763546,HCT116 OsTIRF74G,No addition,No addition,No addition,pSer5 Pol II 3E8,Goat anti-rat Alexa568,1624,212.85260769634803,1962.6989395800272,1450.4864029666255,260127_ARMC5mAC_PhosphoEU
239,N22,142.357348476256,177.9392117097377,416.0502274353281,1604.7780068728523,HCT116 OsTIRF74G,No addition,No addition,No addition,No primary,Goat anti-rat Alexa568,1455,207.44079745844076,1813.7518777501346,1528.532894736842,260127_ARMC5mAC_PhosphoEU
