,WELL,CELL_IF_647_Intensity,CELL_IF_561_Intensity,CellArea,NUCLEUS_IF_647_Intensity,NUCLEUS_IF_561_Intensity,Nucleus_DAPI_Intensity,NucleusArea,CYTOPLASM_IF_647_Intensity,CYTOPLASM_IF_561_Intensity,CytoplasmArea,CELL,CELL_STAIN,DRUG,DRUG_TIME_MINUTES,PRIMARY_1,SECONDARY_1,PRIMARY_2,SECONDARY_2,TotalNumberCells,EXPERIMENT
0,D04,409.9446855107305,436.60514463898363,9728.665863254102,527.5030023026778,573.1364735157555,603.3362031824025,5490.906000729889,232.86539285229304,223.2498623573898,3793.250287744683,HCT116,Concanavalin A 488,Media only,480,Total Pol II (F12),Goat anti-mouse Alexa647,Total Pol II (D8L4Y),Goat anti-rabbit Alexa568,249353,260306_CytoplasmicPOLR2A
1,D05,418.7425341058018,458.07175517772436,9394.21492857583,525.4858074515104,587.1373652297154,603.4148809895644,5668.101878667715,229.55119085968263,223.42214458803113,3130.8225686603573,HCT116,Concanavalin A 488,Media only,480,Total Pol II (F12),Goat anti-mouse Alexa647,Total Pol II (D8L4Y),Goat anti-rabbit Alexa568,275887,260306_CytoplasmicPOLR2A
2,D06,379.6696751208834,405.736766511378,11937.885963548319,505.7528791683848,551.776220586318,627.1446028030704,6063.488815709097,218.75515402154514,211.79524783239728,5369.646217666071,HCT116,Concanavalin A 488,Media only,480,Total Pol II (F12),Goat anti-mouse Alexa647,Total Pol II (D8L4Y),Goat anti-rabbit Alexa568,180074,260306_CytoplasmicPOLR2A
3,D07,382.1745965366245,418.6426753453414,10671.769266644997,498.34331878171105,558.1544745438708,590.160904219639,5596.430548685407,223.22629956480253,219.0237549389429,4531.6888741278835,HCT116,Concanavalin A 488,Media only,480,Total Pol II (F12),Goat anti-mouse Alexa647,Total Pol II (D8L4Y),Goat anti-rabbit Alexa568,212271,260306_CytoplasmicPOLR2A
4,D08,380.00927350209156,409.47020148551064,11117.396379292053,505.5596532276492,557.2287833058839,636.5204022675279,5724.677252193142,216.05738401247885,208.2466360310408,4854.299384077596,HCT116,Concanavalin A 488,Media only,480,Total Pol II (F12),Goat anti-mouse Alexa647,Total Pol II (D8L4Y),Goat anti-rabbit Alexa568,179081,260306_CytoplasmicPOLR2A
5,D09,393.228337999864,418.6025955325382,11017.346768915811,510.9551962752494,555.0331733001562,659.8599711174096,5898.918100000559,217.71088045634997,209.36757864873348,4617.923973173583,HCT116,Concanavalin A 488,Media only,480,Total Pol II (F12),Goat anti-mouse Alexa647,Total Pol II (D8L4Y),Goat anti-rabbit Alexa568,178779,260306_CytoplasmicPOLR2A
6,D10,390.5626169863034,434.75686330159385,9846.120308587057,498.83246407506545,567.0698901681503,615.456400725859,5550.675773527086,222.4152225253217,220.90959872664232,3797.76932993937,HCT116,Concanavalin A 488,Media only,480,Total Pol II (F12),Goat anti-mouse Alexa647,Total Pol II (D8L4Y),Goat anti-rabbit Alexa568,242784,260306_CytoplasmicPOLR2A
7,D11,389.22751153900913,429.9577827975229,10579.722443736193,512.1416238240356,580.7629114168126,641.3776615446745,5650.314117181631,224.7776373785554,218.98104578764162,4327.124520485227,HCT116,Concanavalin A 488,Media only,480,Total Pol II (F12),Goat anti-mouse Alexa647,Total Pol II (D8L4Y),Goat anti-rabbit Alexa568,224967,260306_CytoplasmicPOLR2A
8,D14,345.4829274741863,713.7569526410954,12580.089196471888,452.5877926107044,964.4667200591317,737.283071623922,6354.498641010504,214.3286493366013,402.6530584527406,5464.8204672585825,HCT116 mChPOLR2A clone 2,Concanavalin A 488,Media only,480,Total Pol II (F12),Goat anti-mouse Alexa647,mCherry,Goat anti-rabbit Alexa568,171083,260306_CytoplasmicPOLR2A
9,D15,356.6060690876878,810.8363679751618,9339.320388191756,437.4248296480901,1014.1564811835779,703.8574490170353,5570.798986054183,216.292806065918,452.4127330205391,3182.467572826577,HCT116 mChPOLR2A clone 2,Concanavalin A 488,Media only,480,Total Pol II (F12),Goat anti-mouse Alexa647,mCherry,Goat anti-rabbit Alexa568,246167,260306_CytoplasmicPOLR2A
10,D16,334.1690814724149,729.0574961202763,11471.885823886229,425.3927922219404,952.2776416466501,674.0232276234887,6136.980372894219,206.60773273711197,409.8584882650197,4704.197908382583,HCT116 mChPOLR2A clone 2,Concanavalin A 488,Media only,480,Total Pol II (F12),Goat anti-mouse Alexa647,mCherry,Goat anti-rabbit Alexa568,192387,260306_CytoplasmicPOLR2A
11,D17,337.6698353720348,736.77113124562,10915.979881635232,425.2726002190118,947.6180756931193,700.1482468358104,6013.124805560957,210.14732386841916,423.3551321656169,4330.607196675092,HCT116 mChPOLR2A clone 2,Concanavalin A 488,Media only,480,Total Pol II (F12),Goat anti-mouse Alexa647,mCherry,Goat anti-rabbit Alexa568,164576,260306_CytoplasmicPOLR2A
12,D18,308.4501448736869,654.7085940045324,13153.87197681203,402.337358152295,882.1155980844256,645.2711408306046,6503.831096723194,198.01434451738422,378.9888032515801,5862.477241786026,HCT116 mChPOLR2A clone 2,Concanavalin A 488,Media only,480,Total Pol II (F12),Goat anti-mouse Alexa647,mCherry,Goat anti-rabbit Alexa568,159393,260306_CytoplasmicPOLR2A
13,D19,308.3309173203417,625.1890071132341,12393.536088144494,396.6665862668475,828.9317917216472,659.1731445769418,6345.45680896112,196.43051431219206,362.41343350868664,5234.756851543002,HCT116 mChPOLR2A clone 2,Concanavalin A 488,Media only,480,Total Pol II (F12),Goat anti-mouse Alexa647,mCherry,Goat anti-rabbit Alexa568,169086,260306_CytoplasmicPOLR2A
14,D20,293.99394237338396,605.5294562750241,11367.622074172248,363.71194629780524,775.1318563959906,587.8866447400742,6020.908544955388,196.34149924294115,359.1687516755907,4761.246331621423,HCT116 mChPOLR2A clone 2,Concanavalin A 488,Media only,480,Total Pol II (F12),Goat anti-mouse Alexa647,mCherry,Goat anti-rabbit Alexa568,169012,260306_CytoplasmicPOLR2A
15,D21,281.5447214329041,570.7715846227765,12228.024934366797,358.4280528363424,759.5501544254822,621.7815587507129,6244.306294536817,189.36675151043877,337.9286762312367,5313.367558444806,HCT116 mChPOLR2A clone 2,Concanavalin A 488,Media only,480,Total Pol II (F12),Goat anti-mouse Alexa647,mCherry,Goat anti-rabbit Alexa568,159980,260306_CytoplasmicPOLR2A
16,E04,333.24437674501536,390.8719091559618,10152.270715779148,416.79105729494796,503.654575807124,597.2512727666594,5688.471913476678,205.21325567218312,209.09536444133076,4029.879775947962,HCT116,Concanavalin A 488,Media only,480,Total Pol II (F12),Goat anti-mouse Alexa647,Total Pol II (D8L4Y),Goat anti-rabbit Alexa568,193705,260306_CytoplasmicPOLR2A
17,E05,340.96349742680604,396.7016681695326,9875.95253868395,428.85875102210707,514.1142854981833,602.9018329981373,5584.8387705334735,204.7532424632933,206.85947769470036,3745.096237250977,HCT116,Concanavalin A 488,Vehicle,480,Total Pol II (F12),Goat anti-mouse Alexa647,Total Pol II (D8L4Y),Goat anti-rabbit Alexa568,251784,260306_CytoplasmicPOLR2A
18,E06,347.8689737500208,422.54665204852455,13175.633601789215,484.57636018065176,623.3145853032437,632.1143840368089,6387.112442985259,199.68334474190272,200.45870436327024,6019.956393363153,HCT116,Concanavalin A 488,Mg132,480,Total Pol II (F12),Goat anti-mouse Alexa647,Total Pol II (D8L4Y),Goat anti-rabbit Alexa568,181532,260306_CytoplasmicPOLR2A
19,E07,304.0319382656511,317.74606363762854,11236.091951814906,343.72388964167715,351.3934732748303,625.5454911055083,5831.90904618441,251.47474405459914,269.50335793720905,4724.954865129529,HCT116,Concanavalin A 488,CB6644,480,Total Pol II (F12),Goat anti-mouse Alexa647,Total Pol II (D8L4Y),Goat anti-rabbit Alexa568,213427,260306_CytoplasmicPOLR2A
20,E08,343.2488927761208,369.9891371493358,9831.654278939777,380.14095818856964,406.13403536604824,595.8956284509648,6037.218342852952,273.7798121853316,296.9391881751964,3275.370377009509,HCT116,Concanavalin A 488,Leptomycin B,480,Total Pol II (F12),Goat anti-mouse Alexa647,Total Pol II (D8L4Y),Goat anti-rabbit Alexa568,245458,260306_CytoplasmicPOLR2A
21,E09,353.5987965285185,414.4245511165966,12284.634585889571,408.8307636662451,484.28386387428276,632.3221292903246,6222.815689971029,287.58439996342554,327.286334908687,5431.811599991479,HCT116,Concanavalin A 488,Mg132 plus CB6644,480,Total Pol II (F12),Goat anti-mouse Alexa647,Total Pol II (D8L4Y),Goat anti-rabbit Alexa568,187776,260306_CytoplasmicPOLR2A
22,E10,404.59660638622347,492.8325797901101,10734.26316174213,492.15529074800344,616.4740590352534,681.8985380051223,5523.158798617914,299.4461173912312,339.85663333760783,4601.327295233361,HCT116,Concanavalin A 488,Mg132 plus leptomycin B,480,Total Pol II (F12),Goat anti-mouse Alexa647,Total Pol II (D8L4Y),Goat anti-rabbit Alexa568,205197,260306_CytoplasmicPOLR2A
23,E11,383.9867126306407,431.61901848334617,9318.30240766051,476.85685530621885,547.7578749067465,618.6311799951249,5577.725748383225,216.06030268223913,214.22733305166076,3253.428632742183,HCT116,Concanavalin A 488,Media only,480,Total Pol II (F12),Goat anti-mouse Alexa647,Total Pol II (D8L4Y),Goat anti-rabbit Alexa568,239984,260306_CytoplasmicPOLR2A
24,E14,307.37769895871094,666.3038239443222,10984.853925165467,383.67043735825325,856.5276188630421,681.4730648843865,5975.690683223199,196.32384622509048,381.9608721278405,4387.861954941667,HCT116 mChPOLR2A clone 2,Concanavalin A 488,Media only,480,Total Pol II (F12),Goat anti-mouse Alexa647,mCherry,Goat anti-rabbit Alexa568,187801,260306_CytoplasmicPOLR2A
25,E15,330.72358529706213,721.034163273157,9639.839498449532,399.4157436743435,887.9341988451655,729.4200738502951,5726.189499124627,202.0165591279938,401.76223604762936,3326.859251724867,HCT116 mChPOLR2A clone 2,Concanavalin A 488,Vehicle,480,Total Pol II (F12),Goat anti-mouse Alexa647,mCherry,Goat anti-rabbit Alexa568,222191,260306_CytoplasmicPOLR2A
26,E16,320.62726177145106,749.2850825184004,13684.893517477716,434.931719212264,1062.1745769970817,723.740783655712,6679.6057685881115,196.93561766672013,408.17092252839365,6275.256311481884,HCT116 mChPOLR2A clone 2,Concanavalin A 488,Mg132,480,Total Pol II (F12),Goat anti-mouse Alexa647,mCherry,Goat anti-rabbit Alexa568,164581,260306_CytoplasmicPOLR2A
27,E17,255.15428429616952,556.54270160917,11113.28821651541,282.40151885633054,598.3903169776571,654.5203757142783,6098.763626285146,218.20853070453984,496.1399179445968,4345.264437530093,HCT116 mChPOLR2A clone 2,Concanavalin A 488,CB6644,480,Total Pol II (F12),Goat anti-mouse Alexa647,mCherry,Goat anti-rabbit Alexa568,247151,260306_CytoplasmicPOLR2A
28,E18,247.95311267860993,546.1682815071515,12070.394209258764,265.4372316412802,568.3344735259687,644.144819262241,6713.221974846133,223.5933471168578,514.8132601601341,4575.172956917313,HCT116 mChPOLR2A clone 2,Concanavalin A 488,Leptomycin B,480,Total Pol II (F12),Goat anti-mouse Alexa647,mCherry,Goat anti-rabbit Alexa568,186850,260306_CytoplasmicPOLR2A
29,E19,260.05323755815743,603.976209175402,17009.292670612544,311.61766362020455,748.1713008677805,645.1617320638852,7209.111556446226,216.7504767519967,481.04642807501455,8855.872947445278,HCT116 mChPOLR2A clone 2,Concanavalin A 488,Mg132 plus CB6644,480,Total Pol II (F12),Goat anti-mouse Alexa647,mCherry,Goat anti-rabbit Alexa568,128742,260306_CytoplasmicPOLR2A
30,E20,285.29064814493677,688.1637034703845,14456.10417603298,340.16425756374497,837.4796943912371,636.5132637965562,6719.373442364298,234.2012603352075,547.0270180272512,7143.778932367437,HCT116 mChPOLR2A clone 2,Concanavalin A 488,Mg132 plus leptomycin B,480,Total Pol II (F12),Goat anti-mouse Alexa647,mCherry,Goat anti-rabbit Alexa568,117887,260306_CytoplasmicPOLR2A
31,E21,273.11610354459617,551.6201178251957,11884.727241242826,340.5735093506855,720.3887430052212,590.4120863382174,6172.289976251732,186.1872226733636,328.57996682562856,4976.229049849375,HCT116 mChPOLR2A clone 2,Concanavalin A 488,Media only,480,Total Pol II (F12),Goat anti-mouse Alexa647,mCherry,Goat anti-rabbit Alexa568,181908,260306_CytoplasmicPOLR2A
32,F04,348.1480650116022,416.47974208002626,9186.026025184312,431.78929355210465,532.6419693509449,577.3572125653004,5408.856786470672,207.44354632965994,213.32249955077233,3231.0203239976695,HCT116,Concanavalin A 488,Media only,480,Total Pol II (F12),Goat anti-mouse Alexa647,Total Pol II (D8L4Y),Goat anti-rabbit Alexa568,286607,260306_CytoplasmicPOLR2A
33,F05,379.0551294788552,493.6170278514467,10901.620405529124,456.4894165520748,609.7024439904774,657.3807990574662,5635.186170186155,284.3149543878732,347.03143982548795,4584.213665721132,HCT116,Concanavalin A 488,Mg132 plus leptomycin B,480,Total Pol II (F12),Goat anti-mouse Alexa647,Total Pol II (D8L4Y),Goat anti-rabbit Alexa568,199887,260306_CytoplasmicPOLR2A
34,F06,340.58211561937134,413.43783753406814,9281.662587393113,423.3877539372116,529.7504068372604,583.153653902806,5332.4233038402845,207.96434338143982,218.5744644956993,3409.510245833163,HCT116,Concanavalin A 488,Vehicle,480,Total Pol II (F12),Goat anti-mouse Alexa647,Total Pol II (D8L4Y),Goat anti-rabbit Alexa568,269329,260306_CytoplasmicPOLR2A
35,F07,337.6328581438925,414.6203098146169,14232.189559723258,488.0313749239591,636.2610856929177,644.8783506554803,6585.257526422061,191.76791736996893,194.39730265393362,6864.406120580406,HCT116,Concanavalin A 488,Mg132,480,Total Pol II (F12),Goat anti-mouse Alexa647,Total Pol II (D8L4Y),Goat anti-rabbit Alexa568,164919,260306_CytoplasmicPOLR2A
36,F08,298.7211462919542,335.39608351858567,9662.8423213133,327.77203175924905,360.6545816600178,581.9197360320599,5626.161879932809,249.2589060809806,288.3596032100941,3379.471049562578,HCT116,Concanavalin A 488,CB6644,480,Total Pol II (F12),Goat anti-mouse Alexa647,Total Pol II (D8L4Y),Goat anti-rabbit Alexa568,280393,260306_CytoplasmicPOLR2A
37,F09,312.86639413162857,364.2360572519353,8764.954105212524,340.0963363914669,392.02155125707,549.0190079619324,5726.989606151806,256.59359888929123,303.1209983150231,2529.4729655943474,HCT116,Concanavalin A 488,Leptomycin B,480,Total Pol II (F12),Goat anti-mouse Alexa647,Total Pol II (D8L4Y),Goat anti-rabbit Alexa568,307682,260306_CytoplasmicPOLR2A
38,F10,339.40766948659495,440.51685061500655,10489.517319463179,380.6944240364437,493.6687639257077,619.9314602077759,5912.6121704116895,279.2896464571515,358.6117212648836,3981.03250007089,HCT116,Concanavalin A 488,Mg132 plus CB6644,480,Total Pol II (F12),Goat anti-mouse Alexa647,Total Pol II (D8L4Y),Goat anti-rabbit Alexa568,246861,260306_CytoplasmicPOLR2A
39,F11,345.0958806078686,437.43895399501184,8539.077857108987,417.33130765483844,545.3053336492377,559.9796980339509,5281.20584529511,208.2570226571068,225.6505308795406,2730.9320363358015,HCT116,Concanavalin A 488,Media only,480,Total Pol II (F12),Goat anti-mouse Alexa647,Total Pol II (D8L4Y),Goat anti-rabbit Alexa568,295246,260306_CytoplasmicPOLR2A
40,F14,310.5432661360092,679.4528966224863,9277.471505021205,376.63940699322046,843.1841526645587,686.9002858805081,5489.882233837847,210.3478777664054,423.5481299049151,3540.87028155126,HCT116 mChPOLR2A clone 2,Concanavalin A 488,Media only,480,Total Pol II (F12),Goat anti-mouse Alexa647,mCherry,Goat anti-rabbit Alexa568,208914,260306_CytoplasmicPOLR2A
41,F15,312.6428956639482,801.2576477374255,12931.428609294928,381.21548459461,985.4953632150815,726.8221503123146,6280.893015890277,244.76218678275126,619.4778160228328,5945.856960321884,HCT116 mChPOLR2A clone 2,Concanavalin A 488,Mg132 plus leptomycin B,480,Total Pol II (F12),Goat anti-mouse Alexa647,mCherry,Goat anti-rabbit Alexa568,147134,260306_CytoplasmicPOLR2A
42,F16,312.8671346009562,705.7349860683556,11195.069925798678,395.9291726445183,919.279178507915,645.9395032597358,5997.664199651659,199.70420860957196,407.3347668557644,4403.7635435306465,HCT116 mChPOLR2A clone 2,Concanavalin A 488,Vehicle,480,Total Pol II (F12),Goat anti-mouse Alexa647,mCherry,Goat anti-rabbit Alexa568,209565,260306_CytoplasmicPOLR2A
43,F17,331.55169552057765,759.637586402763,13144.806488279357,427.9026815118459,1050.2621626434618,679.2101901912288,6656.261549832917,214.50989852035474,415.2253689347805,5699.951229207816,HCT116 mChPOLR2A clone 2,Concanavalin A 488,Mg132,480,Total Pol II (F12),Goat anti-mouse Alexa647,mCherry,Goat anti-rabbit Alexa568,160998,260306_CytoplasmicPOLR2A
44,F18,246.86301557793135,549.9387926802023,12246.210604249103,275.5875406382075,597.7453103549448,643.7319675685892,6244.997913967414,211.49191131254295,487.5657372178105,5233.369567936128,HCT116 mChPOLR2A clone 2,Concanavalin A 488,CB6644,480,Total Pol II (F12),Goat anti-mouse Alexa647,mCherry,Goat anti-rabbit Alexa568,199901,260306_CytoplasmicPOLR2A
45,F19,248.80130967847774,554.652029415877,10889.383983532154,266.47876997495035,573.8442013643875,617.7622397687575,6402.81288162496,221.16391515865047,522.8672083625061,3896.212296322016,HCT116 mChPOLR2A clone 2,Concanavalin A 488,Leptomycin B,480,Total Pol II (F12),Goat anti-mouse Alexa647,mCherry,Goat anti-rabbit Alexa568,201605,260306_CytoplasmicPOLR2A
46,F20,254.24958801496834,625.2192912791808,15860.678211696713,311.7036011670092,781.0284617845824,623.8190301446313,6774.40385461732,207.82284194896468,497.502657678608,8145.460926536408,HCT116 mChPOLR2A clone 2,Concanavalin A 488,Mg132 plus CB6644,480,Total Pol II (F12),Goat anti-mouse Alexa647,mCherry,Goat anti-rabbit Alexa568,120427,260306_CytoplasmicPOLR2A
47,F21,267.2611966384495,566.2379756427812,10442.931465031425,321.7574616091742,711.7612626515253,557.8243342348013,5939.107761667336,182.98187529897294,334.4838767000272,3833.443246031291,HCT116 mChPOLR2A clone 2,Concanavalin A 488,Media only,480,Total Pol II (F12),Goat anti-mouse Alexa647,mCherry,Goat anti-rabbit Alexa568,261735,260306_CytoplasmicPOLR2A
48,G04,297.4225577354513,356.9438936263153,11747.709474007997,384.1149774866652,481.80072888085533,582.1160850971988,6027.236191748692,187.12159928215652,191.22873198349697,5155.76759074131,HCT116,Concanavalin A 488,Media only,480,Total Pol II (F12),Goat anti-mouse Alexa647,Total Pol II (D8L4Y),Goat anti-rabbit Alexa568,208064,260306_CytoplasmicPOLR2A
49,G05,298.5550022857944,400.020067968729,12497.496607676614,345.3504352595698,464.49835805719295,623.3812807760345,6273.964574338536,244.05641429238293,320.3867289612014,5524.166653487478,HCT116,Concanavalin A 488,Mg132 plus CB6644,480,Total Pol II (F12),Goat anti-mouse Alexa647,Total Pol II (D8L4Y),Goat anti-rabbit Alexa568,189693,260306_CytoplasmicPOLR2A
50,G06,329.1021774185205,479.06194995536043,10381.38990036067,387.6349195868811,580.5568110541604,601.2054455751958,5610.3922046340485,250.63164209440188,337.39749184581194,4134.934788152574,HCT116,Concanavalin A 488,Mg132 plus leptomycin B,480,Total Pol II (F12),Goat anti-mouse Alexa647,Total Pol II (D8L4Y),Goat anti-rabbit Alexa568,219592,260306_CytoplasmicPOLR2A
51,G07,311.59826927818557,391.81838490430147,9326.7259696717,384.6341545418762,503.3398315080947,556.658801368897,5427.638705175554,194.7961767561815,206.44611264492147,3358.3453648075974,HCT116,Concanavalin A 488,Vehicle,480,Total Pol II (F12),Goat anti-mouse Alexa647,Total Pol II (D8L4Y),Goat anti-rabbit Alexa568,293785,260306_CytoplasmicPOLR2A
52,G08,330.36585988098597,451.17923520436653,9894.478034908805,412.6571577716929,593.2833750579988,564.072383076894,5902.053913984587,192.48510811693745,205.48321022412193,3383.085503330355,HCT116,Concanavalin A 488,Mg132,480,Total Pol II (F12),Goat anti-mouse Alexa647,Total Pol II (D8L4Y),Goat anti-rabbit Alexa568,275346,260306_CytoplasmicPOLR2A
53,G09,276.61772683799893,320.298839235369,8930.781994310202,300.101654112373,344.2114549109343,536.2145006242346,5459.313684324246,231.64017093055733,270.51354895310027,2960.591450898484,HCT116,Concanavalin A 488,CB6644,480,Total Pol II (F12),Goat anti-mouse Alexa647,Total Pol II (D8L4Y),Goat anti-rabbit Alexa568,277690,260306_CytoplasmicPOLR2A
54,G10,298.52410168427775,348.17426636200173,9053.839825539004,326.7495602090317,377.9549793083001,577.3694356950282,5845.797695064451,240.67394085119767,283.3027646278056,2639.1889994122766,HCT116,Concanavalin A 488,Leptomycin B,480,Total Pol II (F12),Goat anti-mouse Alexa647,Total Pol II (D8L4Y),Goat anti-rabbit Alexa568,226297,260306_CytoplasmicPOLR2A
55,G11,348.9548497107432,438.21098886611406,8649.000457702681,414.2648825583843,534.9651557765437,546.6524704653128,5591.240426676729,205.50913625212362,220.07020314705707,2513.4981761770996,HCT116,Concanavalin A 488,Media only,480,Total Pol II (F12),Goat anti-mouse Alexa647,Total Pol II (D8L4Y),Goat anti-rabbit Alexa568,286212,260306_CytoplasmicPOLR2A
56,G14,302.7885482798357,657.4878980134733,8841.702041007566,356.0704052982142,790.3215985793308,670.4987743662087,5499.22329264293,200.75483241562594,394.3274494285292,2970.5832747665436,HCT116 mChPOLR2A clone 2,Concanavalin A 488,Media only,480,Total Pol II (F12),Goat anti-mouse Alexa647,mCherry,Goat anti-rabbit Alexa568,277461,260306_CytoplasmicPOLR2A
57,G15,276.6596104084776,707.1804459679095,11395.705805440688,314.9296728845502,803.0008254109463,723.5509063717507,6165.260458769386,223.74391619882687,575.0613059108483,4552.063092464705,HCT116 mChPOLR2A clone 2,Concanavalin A 488,Mg132 plus CB6644,480,Total Pol II (F12),Goat anti-mouse Alexa647,mCherry,Goat anti-rabbit Alexa568,192733,260306_CytoplasmicPOLR2A
58,G16,292.587041504339,772.414588773527,11865.386742939485,341.5975806142084,907.2364354723377,689.6384450801245,6243.242694144757,234.41095150325577,612.7341998856829,5184.891845392264,HCT116 mChPOLR2A clone 2,Concanavalin A 488,Mg132 plus leptomycin B,480,Total Pol II (F12),Goat anti-mouse Alexa647,mCherry,Goat anti-rabbit Alexa568,161001,260306_CytoplasmicPOLR2A
59,G17,291.34921632369685,636.7835210285125,10338.193239913477,355.43579170069194,801.9681825407358,646.521574392676,5952.779584312988,191.05090084728386,371.41575910165466,3750.62046835324,HCT116 mChPOLR2A clone 2,Concanavalin A 488,Vehicle,480,Total Pol II (F12),Goat anti-mouse Alexa647,mCherry,Goat anti-rabbit Alexa568,265825,260306_CytoplasmicPOLR2A
60,G18,285.2914837950327,638.6724058162131,15660.813530299243,397.16638937646394,943.8663846600302,684.9140228078775,6931.644850470663,184.26953364384784,358.4260287848365,7900.424430066921,HCT116 mChPOLR2A clone 2,Concanavalin A 488,Mg132,480,Total Pol II (F12),Goat anti-mouse Alexa647,mCherry,Goat anti-rabbit Alexa568,108039,260306_CytoplasmicPOLR2A
61,G19,243.12466317096482,509.99850392576036,11242.233879233036,267.62686089332215,548.9705342678205,650.0871551391472,6170.392188367426,206.47879014372492,449.6432190947778,4483.433947559465,HCT116 mChPOLR2A clone 2,Concanavalin A 488,CB6644,480,Total Pol II (F12),Goat anti-mouse Alexa647,mCherry,Goat anti-rabbit Alexa568,187336,260306_CytoplasmicPOLR2A
62,G20,230.2798027231871,481.15438126844117,11308.189361070748,243.5056120257259,501.01040798716355,578.1929025014234,6441.60024967767,210.25153848486224,450.0671248553146,4272.14676237644,HCT116 mChPOLR2A clone 2,Concanavalin A 488,Leptomycin B,480,Total Pol II (F12),Goat anti-mouse Alexa647,mCherry,Goat anti-rabbit Alexa568,195452,260306_CytoplasmicPOLR2A
63,G21,266.85032189645904,541.5649100782235,11162.438408048527,328.2085376331441,694.1029588057183,603.4346396714565,6084.733407308773,182.86152505508616,326.10535187373154,4397.952946688366,HCT116 mChPOLR2A clone 2,Concanavalin A 488,Media only,480,Total Pol II (F12),Goat anti-mouse Alexa647,mCherry,Goat anti-rabbit Alexa568,202770,260306_CytoplasmicPOLR2A
64,H04,146.6630830766724,121.24811171285467,10086.039599886435,146.76060062483418,121.33656369461528,570.2838822701419,5707.201842563294,146.9065161203262,121.40651463239983,3744.983458900305,HCT116,Concanavalin A 488,Media only,480,No primary,Goat anti-mouse Alexa647,No primary,Goat anti-rabbit Alexa568,243031,260306_CytoplasmicPOLR2A
65,H05,332.1584058920425,121.51836893919845,10155.440413892036,420.6215113344638,121.6419469753636,575.0827099702482,5656.528013683223,197.85863358541923,121.63617689092946,3947.772949320295,HCT116,Concanavalin A 488,Media only,480,Total Pol II (F12),Goat anti-mouse Alexa647,No primary,Goat anti-rabbit Alexa568,235617,260306_CytoplasmicPOLR2A
66,H06,148.1326829185416,442.9663984044002,8444.214659300891,148.6232637509693,549.8585122753753,551.5336607926281,5376.153523999514,147.53466034968804,218.44909897684568,2536.5051950460042,HCT116,Concanavalin A 488,Media only,480,No primary,Goat anti-mouse Alexa647,Total Pol II (D8L4Y),Goat anti-rabbit Alexa568,312798,260306_CytoplasmicPOLR2A
67,H07,146.55547316684832,143.65456498816957,9347.35264600316,146.6954058508299,148.00694083788292,527.2636260457522,5502.091837370269,146.81023624739439,135.35693885620663,3340.056069418167,HCT116,Concanavalin A 488,Media only,480,No primary,Goat anti-mouse Alexa647,mCherry,Goat anti-rabbit Alexa568,256878,260306_CytoplasmicPOLR2A
68,H08,309.3813664989115,140.89532540928428,8442.123989173406,367.06802358486294,143.37741326028123,534.6983193853378,5348.941787054753,194.7577568700329,134.94291373065084,2599.0990893394046,HCT116,Concanavalin A 488,Media only,480,Total Pol II (F12),Goat anti-mouse Alexa647,mCherry,Goat anti-rabbit Alexa568,300002,260306_CytoplasmicPOLR2A
69,H09,309.1688901719186,139.14369483225087,9544.004452299343,382.921590885727,142.27973079448782,553.556742746105,5502.597182947729,191.76871732758943,133.21658891096317,3492.650824764353,HCT116,Concanavalin A 488,Media only,480,Total Pol II (F12),Goat anti-mouse Alexa647,mCherry,Goat anti-rabbit Alexa568,280080,260306_CytoplasmicPOLR2A
70,H10,301.32007535498394,141.13707527606016,8114.174554594824,352.1342600589101,143.8159345007044,500.4927691054414,5321.10359163496,192.13429752073267,134.8366554586406,2302.858133856173,HCT116,Concanavalin A 488,Media only,480,Total Pol II (F12),Goat anti-mouse Alexa647,mCherry,Goat anti-rabbit Alexa568,334583,260306_CytoplasmicPOLR2A
71,H11,297.5438814801759,140.3258312503099,8251.5870374182,350.6917708555205,143.11954460291474,502.54330822762813,5247.750389602752,190.21568448112404,134.20427767146546,2462.613406255207,HCT116,Concanavalin A 488,Media only,480,Total Pol II (F12),Goat anti-mouse Alexa647,mCherry,Goat anti-rabbit Alexa568,306081,260306_CytoplasmicPOLR2A
72,H14,146.41545107646382,143.85392454762416,7756.099082256389,146.54677212485402,149.76432426637,649.7098533823913,5203.176022883997,146.46132859625473,129.3424792331693,2068.906223289234,HCT116 mChPOLR2A clone 2,Concanavalin A 488,Media only,480,No primary,Goat anti-mouse Alexa647,No primary,Goat anti-rabbit Alexa568,293655,260306_CytoplasmicPOLR2A
73,H15,306.15618197340444,140.6491104647686,9732.23700263817,374.3063454554037,148.13311480030703,668.2481921962881,5649.51447665177,199.99047684545002,128.11870545627465,3530.7124684792648,HCT116 mChPOLR2A clone 2,Concanavalin A 488,Media only,480,Total Pol II (F12),Goat anti-mouse Alexa647,No primary,Goat anti-rabbit Alexa568,240318,260306_CytoplasmicPOLR2A
74,H16,148.0154483357967,502.420456203686,9190.773439518009,148.69440656285715,634.8160462451909,636.1882205633098,5425.5170196278395,147.30288072783014,273.23757449668454,3150.799699426697,HCT116 mChPOLR2A clone 2,Concanavalin A 488,Media only,480,No primary,Goat anti-mouse Alexa647,Total Pol II (D8L4Y),Goat anti-rabbit Alexa568,298097,260306_CytoplasmicPOLR2A
75,H17,149.36315575229423,694.3039257726839,8954.33956775291,150.23622099765402,857.0940432140586,642.0182658436105,5400.69202394773,148.17294596867322,409.2305825179886,3012.9089878236455,HCT116 mChPOLR2A clone 2,Concanavalin A 488,Media only,480,No primary,Goat anti-mouse Alexa647,mCherry,Goat anti-rabbit Alexa568,296312,260306_CytoplasmicPOLR2A
76,H18,265.02271049945335,571.5739989452293,12146.03716167959,330.75995088583596,748.7450310397568,599.9396682660517,6285.47379998743,183.0151721267529,345.34539612908105,5216.934412835178,HCT116 mChPOLR2A clone 2,Concanavalin A 488,Media only,480,Total Pol II (F12),Goat anti-mouse Alexa647,mCherry,Goat anti-rabbit Alexa568,175019,260306_CytoplasmicPOLR2A
77,H19,272.97791908209564,585.4319400154833,12540.134221626475,343.19011105240605,767.2966367151226,623.2017871643859,6536.195365052818,184.71540854863204,348.3813914843153,5380.494958003861,HCT116 mChPOLR2A clone 2,Concanavalin A 488,Media only,480,Total Pol II (F12),Goat anti-mouse Alexa647,mCherry,Goat anti-rabbit Alexa568,162634,260306_CytoplasmicPOLR2A
78,H20,268.9316080666425,568.4729854257083,11494.174623761712,324.2158961758764,719.1053322483068,599.9189724688271,6653.345032312887,177.75978057631863,318.4030975307297,4068.969040005367,HCT116 mChPOLR2A clone 2,No addition,Media only,480,Total Pol II (F12),Goat anti-mouse Alexa647,mCherry,Goat anti-rabbit Alexa568,178876,260306_CytoplasmicPOLR2A
79,H21,254.9701592913095,531.7748115402472,12584.26043222879,308.17707309533426,683.1314471222796,582.0618456815223,7056.3005651080575,174.3912702574474,302.00771960508723,4875.548720851467,HCT116 mChPOLR2A clone 2,No addition,Media only,480,Total Pol II (F12),Goat anti-mouse Alexa647,mCherry,Goat anti-rabbit Alexa568,107767,260306_CytoplasmicPOLR2A
