,WELL,IF_647_Intensity,RFP_561_Intensity,GFP_488_Intensity,DAPI_Intensity,NucleusArea,CELL,DRUG,DRUG TIME MINUTES,PRIMARY,SECONDARY,TotalNumberCells,EXPERIMENT
0,C03,124.6570787869781,128.87948027349947,209.08838607177265,267.76643724573995,1881.277482631794,HCT116 OsTIRF74G mAC/mCh-POLR2A Clone 1,No addition,No addition,CDK9,DAPI only,2447,250523_mACmChPOLR2A_90min_IF
1,C04,124.80347317695644,130.69725242025834,214.08129774942776,286.5062092986383,1836.4032576505429,HCT116 OsTIRF74G mAC/mCh-POLR2A Clone 1,No addition,No addition,CDK9,DAPI only,2026,250523_mACmChPOLR2A_90min_IF
2,C05,124.4745048979743,129.32296126073365,209.69290947305092,268.29826386118486,1861.41627543036,HCT116 OsTIRF74G mAC/mCh-POLR2A Clone 1,No addition,No addition,CDK9,DAPI only,2556,250523_mACmChPOLR2A_90min_IF
3,C06,124.11711070025416,129.20633641315763,208.17439543483988,267.9146581757666,1785.3695454545455,HCT116 OsTIRF74G mAC/mCh-POLR2A Clone 1,No addition,No addition,CDK9,DAPI only,2200,250523_mACmChPOLR2A_90min_IF
4,C07,124.08360212768044,128.91650169985004,207.26864696116124,265.84375329636407,1765.753852739726,HCT116 OsTIRF74G mAC/mCh-POLR2A Clone 1,No addition,No addition,CDK9,DAPI only,2336,250523_mACmChPOLR2A_90min_IF
5,C08,123.99572641250555,128.3668562637917,205.96359584477528,257.68762415509406,1807.5874886672711,HCT116 OsTIRF74G mAC/mCh-POLR2A Clone 1,No addition,No addition,CDK9,DAPI only,2206,250523_mACmChPOLR2A_90min_IF
6,C09,124.29161865906585,129.46857045368034,208.37317014292591,267.8926602885298,1798.611526616806,HCT116 OsTIRF74G mAC/mCh-POLR2A Clone 1,No addition,No addition,CDK9,DAPI only,2273,250523_mACmChPOLR2A_90min_IF
7,C10,124.3368255124138,129.38714907533463,209.7405831014759,262.93187857749854,1706.2172631578946,HCT116 OsTIRF74G mAC/mCh-POLR2A Clone 1,No addition,No addition,CDK9,DAPI only,2375,250523_mACmChPOLR2A_90min_IF
8,C11,124.29522715349076,129.12568593994433,208.99716140150088,262.6153294066502,1784.559493670886,HCT116 OsTIRF74G mAC/mCh-POLR2A Clone 1,No addition,No addition,CDK9,DAPI only,2370,250523_mACmChPOLR2A_90min_IF
9,C12,124.2446339733754,129.59904163885133,210.11324842780314,271.48569987266774,1732.222816399287,HCT116 OsTIRF74G mAC/mCh-POLR2A Clone 1,No addition,No addition,CDK9,DAPI only,1683,250523_mACmChPOLR2A_90min_IF
10,C13,124.16200523827683,128.9869180781901,208.0214161015385,266.11337410565903,1819.605823554976,HCT116 OsTIRF74G mAC/mCh-POLR2A Clone 1,No addition,No addition,CDK9,DAPI only,2301,250523_mACmChPOLR2A_90min_IF
11,C14,124.35202235814437,129.58389932346134,210.1401803584756,272.940207298884,1772.6768082663605,HCT116 OsTIRF74G mAC/mCh-POLR2A Clone 1,No addition,No addition,CDK9,DAPI only,1742,250523_mACmChPOLR2A_90min_IF
12,C15,124.37840516406942,129.23887495019693,209.40278292794576,266.68613839843556,1762.124203821656,HCT116 OsTIRF74G mAC/mCh-POLR2A Clone 1,No addition,No addition,CDK9,DAPI only,2512,250523_mACmChPOLR2A_90min_IF
13,C16,124.43274011953523,130.05382543035998,210.26245778510702,273.51714751212967,1772.5346031746033,HCT116 OsTIRF74G mAC/mCh-POLR2A Clone 1,No addition,No addition,CDK9,DAPI only,1575,250523_mACmChPOLR2A_90min_IF
14,C17,124.37998729125268,129.04795495246884,208.19986640869539,264.70965493824167,1790.0626388271878,HCT116 OsTIRF74G mAC/mCh-POLR2A Clone 1,No addition,No addition,No primary,DAPI only,2251,250523_mACmChPOLR2A_90min_IF
15,D03,661.2468192591746,128.62483308740258,209.2295972451009,263.8381370565003,1824.4774703557312,HCT116 OsTIRF74G mAC/mCh-POLR2A Clone 1,No addition,No addition,GTF2B,Goat anti-rabbit Alexa647,2530,250523_mACmChPOLR2A_90min_IF
16,D04,673.6198496586322,129.79579759640788,179.1342256348783,269.1441843213254,1791.0473469387755,HCT116 OsTIRF74G mAC/mCh-POLR2A Clone 1,10 µM 5PhIAA,90,GTF2B,Goat anti-rabbit Alexa647,2450,250523_mACmChPOLR2A_90min_IF
17,D05,653.0938982948256,128.57230594748066,208.5437560424798,261.1503402968081,1784.1444444444444,HCT116 OsTIRF74G mAC/mCh-POLR2A Clone 1,Vehicle,90,GTF2B,Goat anti-rabbit Alexa647,2610,250523_mACmChPOLR2A_90min_IF
18,D06,659.2214028713638,129.72714076616666,178.75703477496404,269.8612985661024,1738.7227542179662,HCT116 OsTIRF74G mAC/mCh-POLR2A Clone 1,10 µM 5PhIAA,90,GTF2B,Goat anti-rabbit Alexa647,2193,250523_mACmChPOLR2A_90min_IF
19,D07,613.9068405948532,128.04119784393708,207.12979399545253,254.31193481511787,1797.684042976522,HCT116 OsTIRF74G mAC/mCh-POLR2A Clone 1,Vehicle,90,GTF2B,Goat anti-rabbit Alexa647,2513,250523_mACmChPOLR2A_90min_IF
20,D08,633.9473028966398,128.5907156327784,177.1330248334688,255.98494451142648,1701.5949786830886,HCT116 OsTIRF74G mAC/mCh-POLR2A Clone 1,10 µM 5PhIAA,90,GTF2B,Goat anti-rabbit Alexa647,2111,250523_mACmChPOLR2A_90min_IF
21,D09,667.7287219394178,129.41915218174066,207.99952463261752,264.5111233264087,1759.7281063732232,HCT116 OsTIRF74G mAC/mCh-POLR2A Clone 1,Vehicle,90,GTF2B,Goat anti-rabbit Alexa647,2181,250523_mACmChPOLR2A_90min_IF
22,D10,671.7293570480574,129.49507585948933,178.72402182597182,265.3875486989935,1757.3085263676687,HCT116 OsTIRF74G mAC/mCh-POLR2A Clone 1,10 µM 5PhIAA,90,GTF2B,Goat anti-rabbit Alexa647,2029,250523_mACmChPOLR2A_90min_IF
23,D11,685.7274049355827,128.93609679881587,208.01956079742283,261.3936807671372,1789.7974434611604,HCT116 OsTIRF74G mAC/mCh-POLR2A Clone 1,Vehicle,90,GTF2B,Goat anti-rabbit Alexa647,2034,250523_mACmChPOLR2A_90min_IF
24,D12,709.8915145906269,130.55648566471606,179.67641842419187,271.34606029208385,1695.5703927492448,HCT116 OsTIRF74G mAC/mCh-POLR2A Clone 1,10 µM 5PhIAA,90,GTF2B,Goat anti-rabbit Alexa647,1655,250523_mACmChPOLR2A_90min_IF
25,D13,628.2588249990255,129.81030986547248,210.94145470608362,261.17794597743523,1738.8470319634703,HCT116 OsTIRF74G mAC/mCh-POLR2A Clone 1,Vehicle,90,GTF2B,Goat anti-rabbit Alexa647,1752,250523_mACmChPOLR2A_90min_IF
26,D14,619.3923255049035,129.5441257615979,178.45707382976198,259.14749996741887,1776.8938486663037,HCT116 OsTIRF74G mAC/mCh-POLR2A Clone 1,10 µM 5PhIAA,90,GTF2B,Goat anti-rabbit Alexa647,1837,250523_mACmChPOLR2A_90min_IF
27,D15,690.7211763695032,129.65900289513527,208.1689088079962,268.3148186418303,1699.818871503082,HCT116 OsTIRF74G mAC/mCh-POLR2A Clone 1,Vehicle,90,GTF2B,Goat anti-rabbit Alexa647,2109,250523_mACmChPOLR2A_90min_IF
28,D16,716.9517340470638,129.50865103286938,208.3386569185156,270.2903130242224,1750.9385285575993,HCT116 OsTIRF74G mAC/mCh-POLR2A Clone 1,No addition,No addition,GTF2B,Goat anti-rabbit Alexa647,2066,250523_mACmChPOLR2A_90min_IF
29,D17,125.46783669532168,129.64980471960064,208.6901409100449,272.6329045817156,1691.877694235589,HCT116 OsTIRF74G mAC/mCh-POLR2A Clone 1,No addition,No addition,No primary,Goat anti-rabbit Alexa647,1995,250523_mACmChPOLR2A_90min_IF
30,E03,378.00279093749873,128.95776585385036,209.73948843384005,262.1698441005455,1810.6349036402569,HCT116 OsTIRF74G mAC/mCh-POLR2A Clone 1,No addition,No addition,Cyclin T1,Goat anti-rabbit Alexa647,2802,250523_mACmChPOLR2A_90min_IF
31,E04,393.4137474788499,130.28271707139743,179.76769990186025,269.8354039624468,1735.2724853645557,HCT116 OsTIRF74G mAC/mCh-POLR2A Clone 1,10 µM 5PhIAA,90,Cyclin T1,Goat anti-rabbit Alexa647,1879,250523_mACmChPOLR2A_90min_IF
32,E05,380.4281454991137,129.43139130791127,211.6740165006336,271.38458809576275,1797.3897002305919,HCT116 OsTIRF74G mAC/mCh-POLR2A Clone 1,Vehicle,90,Cyclin T1,Goat anti-rabbit Alexa647,2602,250523_mACmChPOLR2A_90min_IF
33,E06,389.520485164203,129.7999809899749,179.24949139789587,267.40569005617937,1795.0647709320695,HCT116 OsTIRF74G mAC/mCh-POLR2A Clone 1,10 µM 5PhIAA,90,Cyclin T1,Goat anti-rabbit Alexa647,2532,250523_mACmChPOLR2A_90min_IF
34,E07,387.7706420523794,129.80650076378447,210.67148909179025,268.40766379174113,1775.4432607688746,HCT116 OsTIRF74G mAC/mCh-POLR2A Clone 1,Vehicle,90,Cyclin T1,Goat anti-rabbit Alexa647,2159,250523_mACmChPOLR2A_90min_IF
35,E08,378.1855567062601,129.25753973084193,178.418695298824,260.1381632421392,1753.9447943682846,HCT116 OsTIRF74G mAC/mCh-POLR2A Clone 1,10 µM 5PhIAA,90,Cyclin T1,Goat anti-rabbit Alexa647,2699,250523_mACmChPOLR2A_90min_IF
36,E09,382.25473654817404,129.4734191731618,209.59343294334428,266.66067118459193,1770.5540885860307,HCT116 OsTIRF74G mAC/mCh-POLR2A Clone 1,Vehicle,90,Cyclin T1,Goat anti-rabbit Alexa647,2348,250523_mACmChPOLR2A_90min_IF
37,E10,372.7383447271051,129.64152504859038,179.3566833128087,266.3507021182497,1747.6382544861337,HCT116 OsTIRF74G mAC/mCh-POLR2A Clone 1,10 µM 5PhIAA,90,Cyclin T1,Goat anti-rabbit Alexa647,2452,250523_mACmChPOLR2A_90min_IF
38,E11,378.0332291488592,129.2956306690214,209.23991264825048,269.28420163282067,1732.2829868476877,HCT116 OsTIRF74G mAC/mCh-POLR2A Clone 1,Vehicle,90,Cyclin T1,Goat anti-rabbit Alexa647,2357,250523_mACmChPOLR2A_90min_IF
39,E12,393.0869267641218,129.87032262094255,179.07123897434485,266.2744766803642,1741.4578158458244,HCT116 OsTIRF74G mAC/mCh-POLR2A Clone 1,10 µM 5PhIAA,90,Cyclin T1,Goat anti-rabbit Alexa647,2335,250523_mACmChPOLR2A_90min_IF
40,E13,388.15962302321236,129.19854287958458,208.3945808669667,265.8408741900597,1764.7397072278134,HCT116 OsTIRF74G mAC/mCh-POLR2A Clone 1,Vehicle,90,Cyclin T1,Goat anti-rabbit Alexa647,2186,250523_mACmChPOLR2A_90min_IF
41,E14,385.35872955067305,129.53676938457284,179.35430674718353,267.6135708590752,1704.1299032093734,HCT116 OsTIRF74G mAC/mCh-POLR2A Clone 1,10 µM 5PhIAA,90,Cyclin T1,Goat anti-rabbit Alexa647,1963,250523_mACmChPOLR2A_90min_IF
42,E15,372.5718062953923,129.6657480668021,211.1018424496134,273.2453054326458,1768.5928022644562,HCT116 OsTIRF74G mAC/mCh-POLR2A Clone 1,Vehicle,90,Cyclin T1,Goat anti-rabbit Alexa647,2473,250523_mACmChPOLR2A_90min_IF
43,E16,373.1489945103044,128.42505370046203,208.44984119672102,260.9438511671271,1780.5087650954422,HCT116 OsTIRF74G mAC/mCh-POLR2A Clone 1,No addition,No addition,Cyclin T1,Goat anti-rabbit Alexa647,2567,250523_mACmChPOLR2A_90min_IF
44,E17,125.08155689912942,128.3722279013264,208.83722852863306,253.13143939368055,1741.4838262476894,HCT116 OsTIRF74G mAC/mCh-POLR2A Clone 1,No addition,No addition,No primary,Goat anti-rabbit Alexa647,2164,250523_mACmChPOLR2A_90min_IF
45,F03,303.06914979625964,128.4546631460739,209.5222729999056,256.68811677039827,1833.2645448323067,HCT116 OsTIRF74G mAC/mCh-POLR2A Clone 1,No addition,No addition,Total Pol II F12,Goat anti-mouse Alexa647,2922,250523_mACmChPOLR2A_90min_IF
46,F04,274.64886700885944,129.98801648960213,179.62655346480165,267.58856081987824,1734.8710066305002,HCT116 OsTIRF74G mAC/mCh-POLR2A Clone 1,10 µM 5PhIAA,90,Total Pol II F12,Goat anti-mouse Alexa647,1659,250523_mACmChPOLR2A_90min_IF
47,F05,317.3889212766538,129.10891835069972,211.85305849560868,267.1495371191122,1779.2664272890486,HCT116 OsTIRF74G mAC/mCh-POLR2A Clone 1,Vehicle,90,Total Pol II F12,Goat anti-mouse Alexa647,2785,250523_mACmChPOLR2A_90min_IF
48,F06,271.86603910546114,129.28031946773015,179.58018698738732,266.3170611637068,1754.4862864606007,HCT116 OsTIRF74G mAC/mCh-POLR2A Clone 1,10 µM 5PhIAA,90,Total Pol II F12,Goat anti-mouse Alexa647,2297,250523_mACmChPOLR2A_90min_IF
49,F07,320.22788047793165,129.17159799126182,210.4978824209465,270.1687268080119,1756.2589928057555,HCT116 OsTIRF74G mAC/mCh-POLR2A Clone 1,Vehicle,90,Total Pol II F12,Goat anti-mouse Alexa647,2224,250523_mACmChPOLR2A_90min_IF
50,F08,270.9322553317698,129.55174807032904,179.45004549928964,267.2571104479564,1781.4762076423935,HCT116 OsTIRF74G mAC/mCh-POLR2A Clone 1,10 µM 5PhIAA,90,Total Pol II F12,Goat anti-mouse Alexa647,2774,250523_mACmChPOLR2A_90min_IF
51,F09,315.183311408229,128.4917081118201,207.64865283462538,261.88333324649415,1749.0440543226234,HCT116 OsTIRF74G mAC/mCh-POLR2A Clone 1,Vehicle,90,Total Pol II F12,Goat anti-mouse Alexa647,3019,250523_mACmChPOLR2A_90min_IF
52,F10,274.8341270947572,129.72074112043202,179.53700945187285,266.6173789479611,1796.3196902654868,HCT116 OsTIRF74G mAC/mCh-POLR2A Clone 1,10 µM 5PhIAA,90,Total Pol II F12,Goat anti-mouse Alexa647,2712,250523_mACmChPOLR2A_90min_IF
53,F11,314.6860903286687,129.17114257174023,208.90864323061464,263.8738539975548,1796.209708737864,HCT116 OsTIRF74G mAC/mCh-POLR2A Clone 1,Vehicle,90,Total Pol II F12,Goat anti-mouse Alexa647,3090,250523_mACmChPOLR2A_90min_IF
54,F12,281.9638996860253,130.1785741552927,179.78405123907908,270.9200078103441,1771.4332723948812,HCT116 OsTIRF74G mAC/mCh-POLR2A Clone 1,10 µM 5PhIAA,90,Total Pol II F12,Goat anti-mouse Alexa647,2188,250523_mACmChPOLR2A_90min_IF
55,F13,328.1929292361197,130.03909689669996,211.0717720993097,276.9770411025919,1770.1239964317574,HCT116 OsTIRF74G mAC/mCh-POLR2A Clone 1,Vehicle,90,Total Pol II F12,Goat anti-mouse Alexa647,2242,250523_mACmChPOLR2A_90min_IF
56,F14,267.4534456000787,129.02803462715372,179.83528370365076,263.2771129804551,1741.6621351459416,HCT116 OsTIRF74G mAC/mCh-POLR2A Clone 1,10 µM 5PhIAA,90,Total Pol II F12,Goat anti-mouse Alexa647,2501,250523_mACmChPOLR2A_90min_IF
57,F15,320.76240590210557,128.72423845306622,208.78847528853117,265.21526572701197,1777.4347649918964,HCT116 OsTIRF74G mAC/mCh-POLR2A Clone 1,Vehicle,90,Total Pol II F12,Goat anti-mouse Alexa647,2468,250523_mACmChPOLR2A_90min_IF
58,F16,321.5865459096392,128.22993348151252,209.32087427835967,262.05833328109014,1779.0368225072405,HCT116 OsTIRF74G mAC/mCh-POLR2A Clone 1,No addition,No addition,Total Pol II F12,Goat anti-mouse Alexa647,2417,250523_mACmChPOLR2A_90min_IF
59,F17,126.22752117119907,128.8162945174985,210.83805068793356,260.1432846812506,1766.2307692307693,HCT116 OsTIRF74G mAC/mCh-POLR2A Clone 1,No addition,No addition,No primary,Goat anti-mouse Alexa647,2587,250523_mACmChPOLR2A_90min_IF
60,G03,312.07843901620896,127.99495578758182,207.00996543002688,249.06900732672787,1826.5551298424862,HCT116 OsTIRF74G mAC/mCh-POLR2A Clone 1,No addition,No addition,CDK7,Goat anti-mouse Alexa647,2349,250523_mACmChPOLR2A_90min_IF
61,G04,349.82056557081404,129.85457146119236,180.0222229994579,264.3676305490352,1730.99678111588,HCT116 OsTIRF74G mAC/mCh-POLR2A Clone 1,10 µM 5PhIAA,90,CDK7,Goat anti-mouse Alexa647,1864,250523_mACmChPOLR2A_90min_IF
62,G05,322.64818118834165,128.29038142256107,208.730684843769,256.74887522482095,1765.0181602842479,HCT116 OsTIRF74G mAC/mCh-POLR2A Clone 1,Vehicle,90,CDK7,Goat anti-mouse Alexa647,2533,250523_mACmChPOLR2A_90min_IF
63,G06,327.7299212940898,130.09954224763172,180.62166563826162,270.39175977184465,1710.2191919191919,HCT116 OsTIRF74G mAC/mCh-POLR2A Clone 1,10 µM 5PhIAA,90,CDK7,Goat anti-mouse Alexa647,1980,250523_mACmChPOLR2A_90min_IF
64,G07,319.5542154594389,129.50019084182222,210.8209170292651,268.93736112864366,1778.1842889054356,HCT116 OsTIRF74G mAC/mCh-POLR2A Clone 1,Vehicle,90,CDK7,Goat anti-mouse Alexa647,2686,250523_mACmChPOLR2A_90min_IF
65,G08,326.3231780273231,130.23729052056544,180.42611714110302,269.38129134914067,1741.0181405895692,HCT116 OsTIRF74G mAC/mCh-POLR2A Clone 1,10 µM 5PhIAA,90,CDK7,Goat anti-mouse Alexa647,2646,250523_mACmChPOLR2A_90min_IF
66,G09,305.64146477770197,130.30471513465207,214.12419404676626,275.9479580639427,1724.1545496113397,HCT116 OsTIRF74G mAC/mCh-POLR2A Clone 1,Vehicle,90,CDK7,Goat anti-mouse Alexa647,2187,250523_mACmChPOLR2A_90min_IF
67,G10,307.88337999656477,129.28863116383405,179.8676774154041,265.4591503941682,1866.440635451505,HCT116 OsTIRF74G mAC/mCh-POLR2A Clone 1,10 µM 5PhIAA,90,CDK7,Goat anti-mouse Alexa647,2392,250523_mACmChPOLR2A_90min_IF
68,G11,318.0022168944352,129.3001873438745,209.97087837591482,267.33937286114946,1758.5759162303666,HCT116 OsTIRF74G mAC/mCh-POLR2A Clone 1,Vehicle,90,CDK7,Goat anti-mouse Alexa647,2483,250523_mACmChPOLR2A_90min_IF
69,G12,327.3964151202698,129.81936165758327,180.1390422705633,265.6824560062665,1746.2086330935251,HCT116 OsTIRF74G mAC/mCh-POLR2A Clone 1,10 µM 5PhIAA,90,CDK7,Goat anti-mouse Alexa647,2502,250523_mACmChPOLR2A_90min_IF
70,G13,326.7053452925358,129.68864695859165,211.8372690324308,266.89102900446187,1759.089145841104,HCT116 OsTIRF74G mAC/mCh-POLR2A Clone 1,Vehicle,90,CDK7,Goat anti-mouse Alexa647,2681,250523_mACmChPOLR2A_90min_IF
71,G14,341.529023259556,130.16308670310414,180.16470219550888,268.4142359133202,1763.6729877791824,HCT116 OsTIRF74G mAC/mCh-POLR2A Clone 1,10 µM 5PhIAA,90,CDK7,Goat anti-mouse Alexa647,2373,250523_mACmChPOLR2A_90min_IF
72,G15,321.1871808950748,129.0533474826385,209.88917370593623,261.3797561313324,1758.5460065390005,HCT116 OsTIRF74G mAC/mCh-POLR2A Clone 1,Vehicle,90,CDK7,Goat anti-mouse Alexa647,2141,250523_mACmChPOLR2A_90min_IF
73,G16,332.8970260189611,129.088324137343,212.59704536513988,262.43406516567467,1734.3331614234141,HCT116 OsTIRF74G mAC/mCh-POLR2A Clone 1,No addition,No addition,CDK7,Goat anti-mouse Alexa647,1939,250523_mACmChPOLR2A_90min_IF
74,G17,126.22056944986713,129.00836276324355,211.85411516776446,262.76569808580405,1746.4877362283876,HCT116 OsTIRF74G mAC/mCh-POLR2A Clone 1,No addition,No addition,No primary,Goat anti-mouse Alexa647,2487,250523_mACmChPOLR2A_90min_IF
75,H03,325.63560767307507,128.4172310418318,210.60872195269138,253.33121447601678,1743.2395736793328,HCT116 OsTIRF74G mAC/mCh-POLR2A Clone 1,No addition,No addition,pSer2 3E10,Goat anti-rat Alexa647,2158,250523_mACmChPOLR2A_90min_IF
76,H04,326.6695257272425,129.5529836801894,179.36610562964347,257.96007263597915,1652.4923076923078,HCT116 OsTIRF74G mAC/mCh-POLR2A Clone 1,10 µM 5PhIAA,90,pSer2 3E10,Goat anti-rat Alexa647,1625,250523_mACmChPOLR2A_90min_IF
77,H05,321.64826844934754,128.73126378048357,211.40634723616324,253.82985148236907,1761.1781635449977,HCT116 OsTIRF74G mAC/mCh-POLR2A Clone 1,Vehicle,90,pSer2 3E10,Goat anti-rat Alexa647,2189,250523_mACmChPOLR2A_90min_IF
78,H06,317.5175618417458,129.9336766480833,179.0076138947986,260.721045943106,1733.065693430657,HCT116 OsTIRF74G mAC/mCh-POLR2A Clone 1,10 µM 5PhIAA,90,pSer2 3E10,Goat anti-rat Alexa647,2055,250523_mACmChPOLR2A_90min_IF
79,H07,319.16838317423617,129.5412037787754,211.45006982059203,261.5430477427502,1761.9254403932814,HCT116 OsTIRF74G mAC/mCh-POLR2A Clone 1,Vehicle,90,pSer2 3E10,Goat anti-rat Alexa647,2441,250523_mACmChPOLR2A_90min_IF
80,H08,299.14195199819864,129.78074709056847,179.6310523200072,255.95575399374346,1711.373198285937,HCT116 OsTIRF74G mAC/mCh-POLR2A Clone 1,10 µM 5PhIAA,90,pSer2 3E10,Goat anti-rat Alexa647,2567,250523_mACmChPOLR2A_90min_IF
81,H09,306.6381210836149,129.2688145598112,211.21852854606826,256.01916164363826,1668.5115961800818,HCT116 OsTIRF74G mAC/mCh-POLR2A Clone 1,Vehicle,90,pSer2 3E10,Goat anti-rat Alexa647,2199,250523_mACmChPOLR2A_90min_IF
82,H10,317.95127061998755,130.5756681196169,180.5963109526196,264.90037833249255,1747.8469767441861,HCT116 OsTIRF74G mAC/mCh-POLR2A Clone 1,10 µM 5PhIAA,90,pSer2 3E10,Goat anti-rat Alexa647,2150,250523_mACmChPOLR2A_90min_IF
83,H11,315.1690539394351,130.13269023687593,213.17517815593772,262.80699482388843,1799.454394002499,HCT116 OsTIRF74G mAC/mCh-POLR2A Clone 1,Vehicle,90,pSer2 3E10,Goat anti-rat Alexa647,2401,250523_mACmChPOLR2A_90min_IF
84,H12,310.72142229070096,130.13800532229143,180.13551198367767,263.1187440041092,1765.9068908941756,HCT116 OsTIRF74G mAC/mCh-POLR2A Clone 1,10 µM 5PhIAA,90,pSer2 3E10,Goat anti-rat Alexa647,2438,250523_mACmChPOLR2A_90min_IF
85,H13,314.4836749345666,129.66122179677672,212.28773453050678,262.12240667719686,1783.1008336641523,HCT116 OsTIRF74G mAC/mCh-POLR2A Clone 1,Vehicle,90,pSer2 3E10,Goat anti-rat Alexa647,2519,250523_mACmChPOLR2A_90min_IF
86,H14,316.89565560081314,129.99243503847572,181.55179842593304,261.92927134027684,1691.2162037037037,HCT116 OsTIRF74G mAC/mCh-POLR2A Clone 1,10 µM 5PhIAA,90,pSer2 3E10,Goat anti-rat Alexa647,2160,250523_mACmChPOLR2A_90min_IF
87,H15,320.04922152989934,128.63199795220046,210.7998378307547,256.7170215456244,1749.9561445783133,HCT116 OsTIRF74G mAC/mCh-POLR2A Clone 1,Vehicle,90,pSer2 3E10,Goat anti-rat Alexa647,2075,250523_mACmChPOLR2A_90min_IF
88,H16,321.3800895788485,128.8767312272419,211.555522689249,257.9306935858017,1718.5951461665748,HCT116 OsTIRF74G mAC/mCh-POLR2A Clone 1,No addition,No addition,pSer2 3E10,Goat anti-rat Alexa647,1813,250523_mACmChPOLR2A_90min_IF
89,H17,125.33195554443837,128.07875960311895,211.64027942774456,250.8320124325894,1773.211118464593,HCT116 OsTIRF74G mAC/mCh-POLR2A Clone 1,No addition,No addition,No primary,Goat anti-rat Alexa647,3022,250523_mACmChPOLR2A_90min_IF
90,I03,639.9367099228505,128.56651986462558,209.22338690355136,251.76133084065705,1736.0200408997955,HCT116 OsTIRF74G mAC/mCh-POLR2A Clone 1,No addition,No addition,pSer5 3E8,Goat anti-rat Alexa647,2445,250523_mACmChPOLR2A_90min_IF
91,I04,607.4436965954798,129.81020512553232,179.532688014284,256.1984723237353,1753.06982421875,HCT116 OsTIRF74G mAC/mCh-POLR2A Clone 1,10 µM 5PhIAA,90,pSer5 3E8,Goat anti-rat Alexa647,2048,250523_mACmChPOLR2A_90min_IF
92,I05,653.86331959294,129.28138365535827,211.18356026920895,254.73991799454942,1725.184518013632,HCT116 OsTIRF74G mAC/mCh-POLR2A Clone 1,Vehicle,90,pSer5 3E8,Goat anti-rat Alexa647,2054,250523_mACmChPOLR2A_90min_IF
93,I06,591.6246376034422,130.2291255187958,180.41452695121805,258.59892800898314,1702.648528099911,HCT116 OsTIRF74G mAC/mCh-POLR2A Clone 1,10 µM 5PhIAA,90,pSer5 3E8,Goat anti-rat Alexa647,2242,250523_mACmChPOLR2A_90min_IF
94,I07,641.3148308058854,129.45068342109366,211.29279813869525,250.47488029386435,1799.1015083571137,HCT116 OsTIRF74G mAC/mCh-POLR2A Clone 1,Vehicle,90,pSer5 3E8,Goat anti-rat Alexa647,2453,250523_mACmChPOLR2A_90min_IF
95,I08,554.8106839611424,129.97609747537976,180.54441004138081,252.80912872963646,1717.6708979783732,HCT116 OsTIRF74G mAC/mCh-POLR2A Clone 1,10 µM 5PhIAA,90,pSer5 3E8,Goat anti-rat Alexa647,2127,250523_mACmChPOLR2A_90min_IF
96,I09,601.3556930171346,129.11341229948817,209.2524439752783,251.71091571495413,1798.1669039145906,HCT116 OsTIRF74G mAC/mCh-POLR2A Clone 1,Vehicle,90,pSer5 3E8,Goat anti-rat Alexa647,2810,250523_mACmChPOLR2A_90min_IF
97,I10,574.1370786839284,130.0495336197929,180.50023694146674,254.22425841411163,1743.729696969697,HCT116 OsTIRF74G mAC/mCh-POLR2A Clone 1,10 µM 5PhIAA,90,pSer5 3E8,Goat anti-rat Alexa647,2475,250523_mACmChPOLR2A_90min_IF
98,I11,604.5245048972793,129.88641107726173,210.58864045561506,257.8537552385592,1806.0106382978724,HCT116 OsTIRF74G mAC/mCh-POLR2A Clone 1,Vehicle,90,pSer5 3E8,Goat anti-rat Alexa647,3196,250523_mACmChPOLR2A_90min_IF
99,I12,595.4209348938471,130.19566064749628,180.52492117344823,258.74111420292644,1728.2782641796725,HCT116 OsTIRF74G mAC/mCh-POLR2A Clone 1,10 µM 5PhIAA,90,pSer5 3E8,Goat anti-rat Alexa647,2627,250523_mACmChPOLR2A_90min_IF
100,I13,614.1272747728783,129.56686427462796,210.69171301036621,256.12173794362735,1773.368533713878,HCT116 OsTIRF74G mAC/mCh-POLR2A Clone 1,Vehicle,90,pSer5 3E8,Goat anti-rat Alexa647,2803,250523_mACmChPOLR2A_90min_IF
101,I14,584.1050554872459,130.57349666082652,181.18402370155482,257.2823162060152,1767.1269011406844,HCT116 OsTIRF74G mAC/mCh-POLR2A Clone 1,10 µM 5PhIAA,90,pSer5 3E8,Goat anti-rat Alexa647,2104,250523_mACmChPOLR2A_90min_IF
102,I15,624.4174365612425,129.55291116702497,210.408702306135,257.63091519503433,1761.2341824157766,HCT116 OsTIRF74G mAC/mCh-POLR2A Clone 1,Vehicle,90,pSer5 3E8,Goat anti-rat Alexa647,2434,250523_mACmChPOLR2A_90min_IF
103,I16,680.0810866637573,130.06987897987457,214.1877764845598,260.94112744553325,1677.4274292742928,HCT116 OsTIRF74G mAC/mCh-POLR2A Clone 1,No addition,No addition,pSer5 3E8,Goat anti-rat Alexa647,1626,250523_mACmChPOLR2A_90min_IF
104,I17,125.29508009301749,127.54240003095997,207.83174123628487,244.70018146032203,1813.9527841094107,HCT116 OsTIRF74G mAC/mCh-POLR2A Clone 1,No addition,No addition,No primary,Goat anti-rat Alexa647,3071,250523_mACmChPOLR2A_90min_IF
105,J03,196.8732922254965,129.15346894332333,212.8233340377395,258.08399026532976,1771.4713541666667,HCT116 OsTIRF74G mAC/mCh-POLR2A Clone 1,No addition,No addition,CDK9,Goat anti-rabbit Alexa647,2304,250523_mACmChPOLR2A_90min_IF
106,J04,199.28770781223125,129.87374713525244,179.5329495736747,256.9936856881329,1705.7212089630016,HCT116 OsTIRF74G mAC/mCh-POLR2A Clone 1,10 µM 5PhIAA,90,CDK9,Goat anti-rabbit Alexa647,1919,250523_mACmChPOLR2A_90min_IF
107,J05,200.16563529535566,130.4565342129347,217.47392922467475,269.52582771247074,1682.1110572259943,HCT116 OsTIRF74G mAC/mCh-POLR2A Clone 1,Vehicle,90,CDK9,Goat anti-rabbit Alexa647,2062,250523_mACmChPOLR2A_90min_IF
108,J06,198.3400265476512,129.94501632451323,181.1122713124907,262.4560862211144,1728.3045774647887,HCT116 OsTIRF74G mAC/mCh-POLR2A Clone 1,10 µM 5PhIAA,90,CDK9,Goat anti-rabbit Alexa647,2272,250523_mACmChPOLR2A_90min_IF
109,J07,194.8471129505335,129.35315667152028,212.79074206389802,261.8535983595871,1750.0301665916254,HCT116 OsTIRF74G mAC/mCh-POLR2A Clone 1,Vehicle,90,CDK9,Goat anti-rabbit Alexa647,2221,250523_mACmChPOLR2A_90min_IF
110,J08,199.60986624572055,129.84368844071284,180.79015969025247,260.0390139666785,1760.4949333333334,HCT116 OsTIRF74G mAC/mCh-POLR2A Clone 1,10 µM 5PhIAA,90,CDK9,Goat anti-rabbit Alexa647,1875,250523_mACmChPOLR2A_90min_IF
111,J09,192.01692956228766,128.68316435340753,211.29186421791394,254.0123365173509,1749.393203883495,HCT116 OsTIRF74G mAC/mCh-POLR2A Clone 1,Vehicle,90,CDK9,Goat anti-rabbit Alexa647,2266,250523_mACmChPOLR2A_90min_IF
112,J10,197.9747331723477,130.2699327784697,181.11168232647154,264.556839302214,1684.704071969697,HCT116 OsTIRF74G mAC/mCh-POLR2A Clone 1,10 µM 5PhIAA,90,CDK9,Goat anti-rabbit Alexa647,2112,250523_mACmChPOLR2A_90min_IF
113,J11,194.2948577597202,129.5389929062492,213.00886883307479,260.91975722929374,1751.0314029363785,HCT116 OsTIRF74G mAC/mCh-POLR2A Clone 1,Vehicle,90,CDK9,Goat anti-rabbit Alexa647,2452,250523_mACmChPOLR2A_90min_IF
114,J12,199.23729454884574,129.79974616310707,180.60025356258024,258.1832808731619,1740.9564482029598,HCT116 OsTIRF74G mAC/mCh-POLR2A Clone 1,10 µM 5PhIAA,90,CDK9,Goat anti-rabbit Alexa647,2365,250523_mACmChPOLR2A_90min_IF
115,J13,194.93954191644116,129.59105376974244,213.35990564918615,258.64900313224325,1741.8875,HCT116 OsTIRF74G mAC/mCh-POLR2A Clone 1,Vehicle,90,CDK9,Goat anti-rabbit Alexa647,2160,250523_mACmChPOLR2A_90min_IF
116,J14,195.16490491847847,129.17282587140392,179.62216111804642,253.14486532020786,1737.404970760234,HCT116 OsTIRF74G mAC/mCh-POLR2A Clone 1,10 µM 5PhIAA,90,CDK9,Goat anti-rabbit Alexa647,2052,250523_mACmChPOLR2A_90min_IF
117,J15,191.64749275154384,128.54963355988073,210.3904463241986,250.34976623339597,1766.3986697965572,HCT116 OsTIRF74G mAC/mCh-POLR2A Clone 1,Vehicle,90,CDK9,Goat anti-rabbit Alexa647,2556,250523_mACmChPOLR2A_90min_IF
118,J16,190.27140284594068,128.27962877253694,209.44708847522452,248.03312437164962,1783.4692202462381,HCT116 OsTIRF74G mAC/mCh-POLR2A Clone 1,No addition,No addition,CDK9,Goat anti-rabbit Alexa647,2193,250523_mACmChPOLR2A_90min_IF
119,J17,125.50620866207562,128.13831548686102,209.7098279879393,246.79961062720156,1786.2785095972902,HCT116 OsTIRF74G mAC/mCh-POLR2A Clone 1,No addition,No addition,No primary,Goat anti-rabbit Alexa647,2657,250523_mACmChPOLR2A_90min_IF
120,K03,124.49705628675,128.09228306517875,210.39927947148183,252.20016314638391,1739.5653086938262,HCT116 OsTIRF74G mAC/mCh-POLR2A Clone 1,No addition,No addition,No primary,DAPI only,2381,250523_mACmChPOLR2A_90min_IF
121,K04,124.46379395501953,129.58433143503999,179.76687407491755,256.682735886523,1792.6467913087417,HCT116 OsTIRF74G mAC/mCh-POLR2A Clone 1,10 µM 5PhIAA,90,No primary,DAPI only,1979,250523_mACmChPOLR2A_90min_IF
122,K05,124.76125118075164,128.99793359459477,212.16313641132055,260.516193731623,1792.5486274509803,HCT116 OsTIRF74G mAC/mCh-POLR2A Clone 1,Vehicle,90,No primary,DAPI only,2550,250523_mACmChPOLR2A_90min_IF
123,K06,124.5334104962201,129.54871073347,180.18142140840567,261.13885155383167,1745.400422832981,HCT116 OsTIRF74G mAC/mCh-POLR2A Clone 1,10 µM 5PhIAA,90,No primary,DAPI only,2365,250523_mACmChPOLR2A_90min_IF
124,K07,124.50612266979405,128.90984699707207,212.9648797966225,258.00040766529924,1723.8820729772608,HCT116 OsTIRF74G mAC/mCh-POLR2A Clone 1,Vehicle,90,No primary,DAPI only,1891,250523_mACmChPOLR2A_90min_IF
125,K08,124.50177709571912,129.18836483836333,180.60010064118538,255.2137390534062,1813.4656154183092,HCT116 OsTIRF74G mAC/mCh-POLR2A Clone 1,10 µM 5PhIAA,90,No primary,DAPI only,2283,250523_mACmChPOLR2A_90min_IF
126,K09,124.24542963802025,128.31684879557477,210.40292775011542,255.47746323012257,1753.6738710922423,HCT116 OsTIRF74G mAC/mCh-POLR2A Clone 1,Vehicle,90,No primary,DAPI only,2591,250523_mACmChPOLR2A_90min_IF
127,K10,124.46669884128625,128.92627014633197,179.55044096420363,253.7453849473206,1697.2052675585285,HCT116 OsTIRF74G mAC/mCh-POLR2A Clone 1,10 µM 5PhIAA,90,No primary,DAPI only,2392,250523_mACmChPOLR2A_90min_IF
128,K11,124.73166137215867,128.72681994494874,212.140505491493,259.46732825431104,1718.6706827309238,HCT116 OsTIRF74G mAC/mCh-POLR2A Clone 1,Vehicle,90,No primary,DAPI only,2490,250523_mACmChPOLR2A_90min_IF
129,K12,124.70200311529256,129.89962199823543,180.7427094326134,261.6618835607487,1697.112650046168,HCT116 OsTIRF74G mAC/mCh-POLR2A Clone 1,10 µM 5PhIAA,90,No primary,DAPI only,2166,250523_mACmChPOLR2A_90min_IF
130,K13,124.75589618489053,128.7702326936464,211.9741866882051,256.17934278449326,1725.1032724181896,HCT116 OsTIRF74G mAC/mCh-POLR2A Clone 1,Vehicle,90,No primary,DAPI only,2353,250523_mACmChPOLR2A_90min_IF
131,K14,124.40586121450082,129.12892837425787,179.97681963039622,258.40226451282535,1735.683508488278,HCT116 OsTIRF74G mAC/mCh-POLR2A Clone 1,10 µM 5PhIAA,90,No primary,DAPI only,2474,250523_mACmChPOLR2A_90min_IF
132,K15,124.88236606116544,129.13533214062912,211.61188730183164,260.31646156704153,1704.4769015398974,HCT116 OsTIRF74G mAC/mCh-POLR2A Clone 1,Vehicle,90,No primary,DAPI only,2143,250523_mACmChPOLR2A_90min_IF
133,K16,124.82573082864445,128.96050038385854,212.32290859491,258.2106799971225,1729.3425925925926,HCT116 OsTIRF74G mAC/mCh-POLR2A Clone 1,No addition,No addition,No primary,DAPI only,2484,250523_mACmChPOLR2A_90min_IF
134,K17,124.86084209812455,128.34253892520726,211.65357624663127,252.39888284073024,1760.688455455983,HCT116 OsTIRF74G mAC/mCh-POLR2A Clone 1,No addition,No addition,No primary,DAPI only,1897,250523_mACmChPOLR2A_90min_IF
135,L03,124.826199756021,128.62356642241554,213.91275318228733,251.05835041461413,1747.8420359806933,HCT116 OsTIRF74G mAC/mCh-POLR2A Clone 1,No addition,No addition,No primary,DAPI only,2279,250523_mACmChPOLR2A_90min_IF
136,L04,124.18024001797309,128.86217047743853,180.23915425911946,253.18730549743847,1790.3780306778822,HCT116 OsTIRF74G mAC/mCh-POLR2A Clone 1,10 µM 5PhIAA,90,No primary,DAPI only,2021,250523_mACmChPOLR2A_90min_IF
137,L05,124.7716042997844,129.21278371711986,216.28024561762294,259.7505324360151,1738.1281325788198,HCT116 OsTIRF74G mAC/mCh-POLR2A Clone 1,Vehicle,90,No primary,DAPI only,2474,250523_mACmChPOLR2A_90min_IF
138,L06,124.23660666314369,129.19150306661578,180.00824681685864,254.16260879862958,1764.200543056633,HCT116 OsTIRF74G mAC/mCh-POLR2A Clone 1,10 µM 5PhIAA,90,No primary,DAPI only,2578,250523_mACmChPOLR2A_90min_IF
139,L07,124.94619602861182,129.09874942470827,215.35130031502288,255.34999325173524,1766.2570585756428,HCT116 OsTIRF74G mAC/mCh-POLR2A Clone 1,Vehicle,90,No primary,DAPI only,2373,250523_mACmChPOLR2A_90min_IF
140,L08,124.45616448207456,129.24468115235769,180.95894116940556,256.6060867543929,1711.8954460966543,HCT116 OsTIRF74G mAC/mCh-POLR2A Clone 1,10 µM 5PhIAA,90,No primary,DAPI only,2152,250523_mACmChPOLR2A_90min_IF
141,L09,125.00410508947634,129.28926721338235,214.24506215424972,258.4088589029936,1726.2682602921648,HCT116 OsTIRF74G mAC/mCh-POLR2A Clone 1,Vehicle,90,No primary,DAPI only,2259,250523_mACmChPOLR2A_90min_IF
142,L10,124.70120900261614,129.21626185098825,180.2093081787447,257.91040333074704,1797.076495132128,HCT116 OsTIRF74G mAC/mCh-POLR2A Clone 1,10 µM 5PhIAA,90,No primary,DAPI only,2157,250523_mACmChPOLR2A_90min_IF
143,L11,124.76770790447634,128.84931832479913,211.9653310129114,256.2261625476188,1744.1407076047174,HCT116 OsTIRF74G mAC/mCh-POLR2A Clone 1,Vehicle,90,No primary,DAPI only,2459,250523_mACmChPOLR2A_90min_IF
144,L12,124.47136251178298,129.32353384703288,180.950334404516,256.16994623592757,1761.3788022813687,HCT116 OsTIRF74G mAC/mCh-POLR2A Clone 1,10 µM 5PhIAA,90,No primary,DAPI only,2104,250523_mACmChPOLR2A_90min_IF
145,L13,124.60980112718168,129.39864943672836,214.4528144630767,261.78020588166123,1735.2102040816326,HCT116 OsTIRF74G mAC/mCh-POLR2A Clone 1,Vehicle,90,No primary,DAPI only,1960,250523_mACmChPOLR2A_90min_IF
146,L14,124.87063913019115,130.5252773186274,182.05188465556583,267.01844744111185,1665.8865935919055,HCT116 OsTIRF74G mAC/mCh-POLR2A Clone 1,10 µM 5PhIAA,90,No primary,DAPI only,2372,250523_mACmChPOLR2A_90min_IF
147,L15,124.76777737268007,128.9833019892394,212.88267244366054,256.3424202310145,1724.936616507068,HCT116 OsTIRF74G mAC/mCh-POLR2A Clone 1,Vehicle,90,No primary,DAPI only,2193,250523_mACmChPOLR2A_90min_IF
148,L16,124.61637629538009,128.78382742417344,213.6589915893373,258.51926364693736,1694.204293628809,HCT116 OsTIRF74G mAC/mCh-POLR2A Clone 1,No addition,No addition,No primary,DAPI only,1444,250523_mACmChPOLR2A_90min_IF
149,L17,124.99423350390707,128.94546048492958,215.48890519504175,256.7916570940935,1800.7778297474274,HCT116 OsTIRF74G mAC/mCh-POLR2A Clone 1,No addition,No addition,No primary,DAPI only,2138,250523_mACmChPOLR2A_90min_IF
