,Experiment,TREATMENT_CODE,FIRST_TREATMENT,SECOND_TREATMENT,TIME_HR,GFP_Intensity_BleachCorrected,RFP_Intensity_BleachCorrected
0,220825,AUX_AUX,10 µM 5PhIAA,10 µM 5PhIAA,0.5,0.0030121397342164095,1.2805574239051902
1,220825,AUX_AUX,10 µM 5PhIAA,10 µM 5PhIAA,1.0,-0.002536657554370604,1.2801313400833458
2,220825,AUX_AUX,10 µM 5PhIAA,10 µM 5PhIAA,1.5,-0.012340518286957857,1.2700580345095056
3,220825,AUX_AUX,10 µM 5PhIAA,10 µM 5PhIAA,2.0,-0.012700803813725745,1.275662626632509
4,220825,AUX_AUX,10 µM 5PhIAA,10 µM 5PhIAA,2.5,-0.012177450225879297,1.2771381035918081
5,220825,AUX_AUX,10 µM 5PhIAA,10 µM 5PhIAA,3.0,-0.01778457859572113,1.28546152715656
6,220825,AUX_AUX,10 µM 5PhIAA,10 µM 5PhIAA,3.5,-0.01824812836544872,1.3040512970185003
7,220825,AUX_AUX,10 µM 5PhIAA,10 µM 5PhIAA,4.0,-0.009777940445576562,1.3128528218290412
8,220825,AUX_AUX,10 µM 5PhIAA,10 µM 5PhIAA,4.5,-0.012199886013237175,1.3211596252448925
9,220825,AUX_AUX,10 µM 5PhIAA,10 µM 5PhIAA,5.0,-0.008277834200448033,1.3253354953742527
10,220825,AUX_AUX,10 µM 5PhIAA,10 µM 5PhIAA,5.5,-0.013254550889458195,1.313386180582408
11,220825,AUX_AUX,10 µM 5PhIAA,10 µM 5PhIAA,6.0,-0.019119497430859233,1.319611398084177
12,220825,AUX_AUX,10 µM 5PhIAA,10 µM 5PhIAA,6.5,-0.009598893231595797,1.3182302605156293
13,220825,AUX_AUX,10 µM 5PhIAA,10 µM 5PhIAA,7.0,-0.010730201237966584,1.3123405613043693
14,220825,AUX_AUX,10 µM 5PhIAA,10 µM 5PhIAA,7.5,-0.015152344810387753,1.3109962176122716
15,220825,AUX_AUX,10 µM 5PhIAA,10 µM 5PhIAA,8.0,-0.009185046571795339,1.3109877034768551
16,220825,AUX_AUX,10 µM 5PhIAA,10 µM 5PhIAA,8.5,-0.011581118047451107,1.3046032301617925
17,220825,AUX_AUX,10 µM 5PhIAA,10 µM 5PhIAA,9.0,-0.012689233810042135,1.3075560000527071
18,220825,AUX_AUX,10 µM 5PhIAA,10 µM 5PhIAA,9.5,-0.010767752037749797,1.3010243587840071
19,220825,AUX_AUX,10 µM 5PhIAA,10 µM 5PhIAA,10.0,-0.006441684895462867,1.3048563471378951
20,220825,AUX_AUX,10 µM 5PhIAA,10 µM 5PhIAA,10.5,-0.005917132507843758,1.2970178793286735
21,220825,AUX_AUX,10 µM 5PhIAA,10 µM 5PhIAA,11.0,0.00026274582606432306,1.2869951828410946
22,220825,AUX_AUX,10 µM 5PhIAA,10 µM 5PhIAA,11.5,-0.0066528415780552725,1.289611974986714
23,220825,AUX_AUX,10 µM 5PhIAA,10 µM 5PhIAA,12.0,-0.006175691964418815,1.2840743491724844
24,220825,AUX_VEH,10 µM 5PhIAA,Vehicle,0.5,0.023864927650821273,1.2830973703569049
25,220825,AUX_VEH,10 µM 5PhIAA,Vehicle,1.0,0.13984268657699261,1.2875404957126915
26,220825,AUX_VEH,10 µM 5PhIAA,Vehicle,1.5,0.19329322733207555,1.2652233702341484
27,220825,AUX_VEH,10 µM 5PhIAA,Vehicle,2.0,0.2629857289771775,1.2669462751254184
28,220825,AUX_VEH,10 µM 5PhIAA,Vehicle,2.5,0.32212539833023063,1.2513317777833581
29,220825,AUX_VEH,10 µM 5PhIAA,Vehicle,3.0,0.3852468229961862,1.2544214921498793
30,220825,AUX_VEH,10 µM 5PhIAA,Vehicle,3.5,0.4365164369853253,1.2550593556610448
31,220825,AUX_VEH,10 µM 5PhIAA,Vehicle,4.0,0.47949204269450957,1.2448294708889913
32,220825,AUX_VEH,10 µM 5PhIAA,Vehicle,4.5,0.5265282079798677,1.2408117175744844
33,220825,AUX_VEH,10 µM 5PhIAA,Vehicle,5.0,0.56035549063877,1.2289752778538043
34,220825,AUX_VEH,10 µM 5PhIAA,Vehicle,5.5,0.5891816098463596,1.219763820779312
35,220825,AUX_VEH,10 µM 5PhIAA,Vehicle,6.0,0.6131649682081713,1.208090767115168
36,220825,AUX_VEH,10 µM 5PhIAA,Vehicle,6.5,0.636530705796198,1.2071879022412926
37,220825,AUX_VEH,10 µM 5PhIAA,Vehicle,7.0,0.6621331263927166,1.1961601213344542
38,220825,AUX_VEH,10 µM 5PhIAA,Vehicle,7.5,0.6719117612482337,1.198774862671151
39,220825,AUX_VEH,10 µM 5PhIAA,Vehicle,8.0,0.6877311069787829,1.1887631308950226
40,220825,AUX_VEH,10 µM 5PhIAA,Vehicle,8.5,0.7000399476606252,1.180178307173571
41,220825,AUX_VEH,10 µM 5PhIAA,Vehicle,9.0,0.7202522690683668,1.169224248554566
42,220825,AUX_VEH,10 µM 5PhIAA,Vehicle,9.5,0.7199512696069644,1.1577030851951202
43,220825,AUX_VEH,10 µM 5PhIAA,Vehicle,10.0,0.7384204253708103,1.1522501138065315
44,220825,AUX_VEH,10 µM 5PhIAA,Vehicle,10.5,0.7387097729359797,1.141370485959843
45,220825,AUX_VEH,10 µM 5PhIAA,Vehicle,11.0,0.7401401614700649,1.1303727458196766
46,220825,AUX_VEH,10 µM 5PhIAA,Vehicle,11.5,0.7556033180939287,1.1278071223197415
47,220825,AUX_VEH,10 µM 5PhIAA,Vehicle,12.0,0.7621101559435509,1.1206889420491306
48,220825,VEH_AUX,Vehicle,10 µM 5PhIAA,0.5,0.406762778382031,1.070382637310004
49,220825,VEH_AUX,Vehicle,10 µM 5PhIAA,1.0,0.1524677769916102,1.0615358753430493
50,220825,VEH_AUX,Vehicle,10 µM 5PhIAA,1.5,0.07261311446857069,1.0649040869298374
51,220825,VEH_AUX,Vehicle,10 µM 5PhIAA,2.0,0.051261341357564674,1.0920262922170927
52,220825,VEH_AUX,Vehicle,10 µM 5PhIAA,2.5,0.0481213810768609,1.1199318046314612
53,220825,VEH_AUX,Vehicle,10 µM 5PhIAA,3.0,0.03821429957840263,1.147835417863549
54,220825,VEH_AUX,Vehicle,10 µM 5PhIAA,3.5,0.042660366320333154,1.171277284843413
55,220825,VEH_AUX,Vehicle,10 µM 5PhIAA,4.0,0.040432817146812884,1.2035795677590098
56,220825,VEH_AUX,Vehicle,10 µM 5PhIAA,4.5,0.04436621691961468,1.2171087721108484
57,220825,VEH_AUX,Vehicle,10 µM 5PhIAA,5.0,0.05050570196064066,1.2378520321823947
58,220825,VEH_AUX,Vehicle,10 µM 5PhIAA,5.5,0.048059008795364476,1.2563633671258296
59,220825,VEH_AUX,Vehicle,10 µM 5PhIAA,6.0,0.05212354162853876,1.2628064401643486
60,220825,VEH_AUX,Vehicle,10 µM 5PhIAA,6.5,0.05608155258981603,1.282175994171882
61,220825,VEH_AUX,Vehicle,10 µM 5PhIAA,7.0,0.05766801804412944,1.2925874485632105
62,220825,VEH_AUX,Vehicle,10 µM 5PhIAA,7.5,0.054549514402823594,1.3057628030411352
63,220825,VEH_AUX,Vehicle,10 µM 5PhIAA,8.0,0.05603928252659984,1.3089624473970842
64,220825,VEH_AUX,Vehicle,10 µM 5PhIAA,8.5,0.05215518218528888,1.3239780367665446
65,220825,VEH_AUX,Vehicle,10 µM 5PhIAA,9.0,0.05669287175867843,1.312274196534772
66,220825,VEH_AUX,Vehicle,10 µM 5PhIAA,9.5,0.05577468395597625,1.3187420919825428
67,220825,VEH_AUX,Vehicle,10 µM 5PhIAA,10.0,0.06204323207951394,1.3122145067920825
68,220825,VEH_AUX,Vehicle,10 µM 5PhIAA,10.5,0.061577293429880726,1.3058073701304018
69,220825,VEH_AUX,Vehicle,10 µM 5PhIAA,11.0,0.06837212112665182,1.304525625340122
70,220825,VEH_AUX,Vehicle,10 µM 5PhIAA,11.5,0.06441419988127088,1.3089614221507138
71,220825,VEH_AUX,Vehicle,10 µM 5PhIAA,12.0,0.06842378649933004,1.2996244888282886
72,220825,VEH_VEH,Vehicle,Vehicle,0.5,1.0040764046557848,1.0161121582747605
73,220825,VEH_VEH,Vehicle,Vehicle,1.0,1.0039158565581603,1.0010437702773836
74,220825,VEH_VEH,Vehicle,Vehicle,1.5,1.000260352663655,0.9983118505461129
75,220825,VEH_VEH,Vehicle,Vehicle,2.0,1.0018423955775237,0.9867465001086645
76,220825,VEH_VEH,Vehicle,Vehicle,2.5,0.9980708284810558,0.9869508833154307
77,220825,VEH_VEH,Vehicle,Vehicle,3.0,1.002445813734584,0.9958231625319953
78,220825,VEH_VEH,Vehicle,Vehicle,3.5,0.9906633822568406,0.9959719278412741
79,220825,VEH_VEH,Vehicle,Vehicle,4.0,0.9924742852656765,0.9952381262647528
80,220825,VEH_VEH,Vehicle,Vehicle,4.5,0.9910050411680605,0.996326530120826
81,220825,VEH_VEH,Vehicle,Vehicle,5.0,0.99993613214617,1.0057189735259395
82,220825,VEH_VEH,Vehicle,Vehicle,5.5,0.995263062201608,0.9995570707688898
83,220825,VEH_VEH,Vehicle,Vehicle,6.0,0.9986832218087265,1.0019567297772298
84,220825,VEH_VEH,Vehicle,Vehicle,6.5,0.9950486081381085,1.0036095570834083
85,220825,VEH_VEH,Vehicle,Vehicle,7.0,1.0069361466358735,1.0081259456097904
86,220825,VEH_VEH,Vehicle,Vehicle,7.5,1.0033661415275765,1.0081516778566333
87,220825,VEH_VEH,Vehicle,Vehicle,8.0,1.0060166395289167,1.01369168474364
88,220825,VEH_VEH,Vehicle,Vehicle,8.5,1.0068414020273977,1.0076930656043457
89,220825,VEH_VEH,Vehicle,Vehicle,9.0,1.0161766367597727,1.0103497690558663
90,220825,VEH_VEH,Vehicle,Vehicle,9.5,1.006071285798514,1.0076811253116296
91,220825,VEH_VEH,Vehicle,Vehicle,10.0,1.0072103155280123,1.0004420187999843
92,220825,VEH_VEH,Vehicle,Vehicle,10.5,0.9998437532575154,0.9935035923333295
93,220825,VEH_VEH,Vehicle,Vehicle,11.0,0.9927027153911513,0.9919826175738733
94,220825,VEH_VEH,Vehicle,Vehicle,11.5,0.9912470888023162,0.9886179658217789
95,220825,VEH_VEH,Vehicle,Vehicle,12.0,0.9899063457330114,0.9864123315027266
0,020925,AUX_AUX,10 µM 5PhIAA,10 µM 5PhIAA,0.5,-0.012450084210789934,1.3361096970220454
1,020925,AUX_AUX,10 µM 5PhIAA,10 µM 5PhIAA,1.0,0.03578918723581542,1.2700167193095693
2,020925,AUX_AUX,10 µM 5PhIAA,10 µM 5PhIAA,1.5,0.050670180362654874,1.2600357548829886
3,020925,AUX_AUX,10 µM 5PhIAA,10 µM 5PhIAA,2.0,0.057899295682936655,1.273682710913287
4,020925,AUX_AUX,10 µM 5PhIAA,10 µM 5PhIAA,2.5,0.0653671129929395,1.2866919058804327
5,020925,AUX_AUX,10 µM 5PhIAA,10 µM 5PhIAA,3.0,0.05331726728012235,1.2930882292074433
6,020925,AUX_AUX,10 µM 5PhIAA,10 µM 5PhIAA,3.5,0.059169500829403,1.3064965304935374
7,020925,AUX_AUX,10 µM 5PhIAA,10 µM 5PhIAA,4.0,0.05074101660006586,1.302583825452175
8,020925,AUX_AUX,10 µM 5PhIAA,10 µM 5PhIAA,4.5,0.0630718667663368,1.3109783704691
9,020925,AUX_AUX,10 µM 5PhIAA,10 µM 5PhIAA,5.0,0.05943172897024779,1.2970953139773977
10,020925,AUX_AUX,10 µM 5PhIAA,10 µM 5PhIAA,5.5,0.06656810189456844,1.3053692114289273
11,020925,AUX_AUX,10 µM 5PhIAA,10 µM 5PhIAA,6.0,0.06726868749975023,1.306602997755921
12,020925,AUX_AUX,10 µM 5PhIAA,10 µM 5PhIAA,6.5,0.07184308751790788,1.307150345981571
13,020925,AUX_AUX,10 µM 5PhIAA,10 µM 5PhIAA,7.0,0.07217842466361471,1.2995230582247528
14,020925,AUX_AUX,10 µM 5PhIAA,10 µM 5PhIAA,7.5,0.0789060762896071,1.30168121617501
15,020925,AUX_AUX,10 µM 5PhIAA,10 µM 5PhIAA,8.0,0.07685169698257054,1.2977429405894065
16,020925,AUX_AUX,10 µM 5PhIAA,10 µM 5PhIAA,8.5,0.07638358438427495,1.2958436907673685
17,020925,AUX_AUX,10 µM 5PhIAA,10 µM 5PhIAA,9.0,0.08467787580226344,1.2895055050712116
18,020925,AUX_AUX,10 µM 5PhIAA,10 µM 5PhIAA,9.5,0.09085241162557216,1.284050775366348
19,020925,AUX_AUX,10 µM 5PhIAA,10 µM 5PhIAA,10.0,0.09281726519928674,1.2809674353309488
20,020925,AUX_AUX,10 µM 5PhIAA,10 µM 5PhIAA,10.5,0.09856176894741578,1.2748165952932098
21,020925,AUX_AUX,10 µM 5PhIAA,10 µM 5PhIAA,11.0,0.10349534261772476,1.2782734019904152
22,020925,AUX_AUX,10 µM 5PhIAA,10 µM 5PhIAA,11.5,0.10561715931951612,1.2747935345983292
23,020925,AUX_AUX,10 µM 5PhIAA,10 µM 5PhIAA,12.0,0.09929575405508384,1.26685742092505
24,020925,AUX_VEH,10 µM 5PhIAA,Vehicle,0.5,0.007608981107652552,1.2950353287307552
25,020925,AUX_VEH,10 µM 5PhIAA,Vehicle,1.0,0.10342072440587208,1.2387467351231913
26,020925,AUX_VEH,10 µM 5PhIAA,Vehicle,1.5,0.1592165743649661,1.2300494315340598
27,020925,AUX_VEH,10 µM 5PhIAA,Vehicle,2.0,0.2288647176451933,1.2245354429588566
28,020925,AUX_VEH,10 µM 5PhIAA,Vehicle,2.5,0.2960872857182665,1.223445506272563
29,020925,AUX_VEH,10 µM 5PhIAA,Vehicle,3.0,0.3588823836717191,1.2224191432466602
30,020925,AUX_VEH,10 µM 5PhIAA,Vehicle,3.5,0.4132674145393617,1.2153826002480963
31,020925,AUX_VEH,10 µM 5PhIAA,Vehicle,4.0,0.44752348424090166,1.2086347203256862
32,020925,AUX_VEH,10 µM 5PhIAA,Vehicle,4.5,0.5008509507364465,1.20692618593575
33,020925,AUX_VEH,10 µM 5PhIAA,Vehicle,5.0,0.5367112105834393,1.1935880442248676
34,020925,AUX_VEH,10 µM 5PhIAA,Vehicle,5.5,0.5634180037932784,1.172046725852449
35,020925,AUX_VEH,10 µM 5PhIAA,Vehicle,6.0,0.5968858125071531,1.175803888641362
36,020925,AUX_VEH,10 µM 5PhIAA,Vehicle,6.5,0.624725993359707,1.1625836369704423
37,020925,AUX_VEH,10 µM 5PhIAA,Vehicle,7.0,0.6438396574197421,1.149452209335563
38,020925,AUX_VEH,10 µM 5PhIAA,Vehicle,7.5,0.6619787577766407,1.132787372724726
39,020925,AUX_VEH,10 µM 5PhIAA,Vehicle,8.0,0.6824669085873806,1.1260652782758511
40,020925,AUX_VEH,10 µM 5PhIAA,Vehicle,8.5,0.6967396065284553,1.112090868013984
41,020925,AUX_VEH,10 µM 5PhIAA,Vehicle,9.0,0.7083310674321954,1.1112515524150863
42,020925,AUX_VEH,10 µM 5PhIAA,Vehicle,9.5,0.7183208843835938,1.092545563816728
43,020925,AUX_VEH,10 µM 5PhIAA,Vehicle,10.0,0.7312418357092302,1.085901508267112
44,020925,AUX_VEH,10 µM 5PhIAA,Vehicle,10.5,0.7406217112950414,1.0767375133506907
45,020925,AUX_VEH,10 µM 5PhIAA,Vehicle,11.0,0.7522355101482291,1.0656523971971672
46,020925,AUX_VEH,10 µM 5PhIAA,Vehicle,11.5,0.7556514694523001,1.0576729784747578
47,020925,AUX_VEH,10 µM 5PhIAA,Vehicle,12.0,0.7554906794461834,1.0499250151024446
48,020925,VEH_AUX,Vehicle,10 µM 5PhIAA,0.5,0.46715848234866464,1.0526743651193688
49,020925,VEH_AUX,Vehicle,10 µM 5PhIAA,1.0,0.25085408969815426,0.9947570457585949
50,020925,VEH_AUX,Vehicle,10 µM 5PhIAA,1.5,0.15868471434942588,1.0379311192072362
51,020925,VEH_AUX,Vehicle,10 µM 5PhIAA,2.0,0.12772975387845129,1.0335046589440482
52,020925,VEH_AUX,Vehicle,10 µM 5PhIAA,2.5,0.11939126864919601,1.0599820116825274
53,020925,VEH_AUX,Vehicle,10 µM 5PhIAA,3.0,0.1184394021247324,1.0894393646288565
54,020925,VEH_AUX,Vehicle,10 µM 5PhIAA,3.5,0.12170592636717756,1.1148431053898722
55,020925,VEH_AUX,Vehicle,10 µM 5PhIAA,4.0,0.12430220586053345,1.1599023506141846
56,020925,VEH_AUX,Vehicle,10 µM 5PhIAA,4.5,0.11985476612824994,1.1733317321993677
57,020925,VEH_AUX,Vehicle,10 µM 5PhIAA,5.0,0.11741431487171677,1.1890589632603932
58,020925,VEH_AUX,Vehicle,10 µM 5PhIAA,5.5,0.12190682660641367,1.2041430861804192
59,020925,VEH_AUX,Vehicle,10 µM 5PhIAA,6.0,0.12702140671406809,1.2203045279532332
60,020925,VEH_AUX,Vehicle,10 µM 5PhIAA,6.5,0.12678972019169565,1.2207272290223818
61,020925,VEH_AUX,Vehicle,10 µM 5PhIAA,7.0,0.12960548690844273,1.2257179068691293
62,020925,VEH_AUX,Vehicle,10 µM 5PhIAA,7.5,0.13247562116364575,1.2411168876534324
63,020925,VEH_AUX,Vehicle,10 µM 5PhIAA,8.0,0.13405623336663258,1.2396321307197244
64,020925,VEH_AUX,Vehicle,10 µM 5PhIAA,8.5,0.1382430856454656,1.241806444950412
65,020925,VEH_AUX,Vehicle,10 µM 5PhIAA,9.0,0.137069127187918,1.242250392468408
66,020925,VEH_AUX,Vehicle,10 µM 5PhIAA,9.5,0.1427887407583832,1.2354427271080046
67,020925,VEH_AUX,Vehicle,10 µM 5PhIAA,10.0,0.1409494438060174,1.238928265253362
68,020925,VEH_AUX,Vehicle,10 µM 5PhIAA,10.5,0.14800568403252903,1.233593496032045
69,020925,VEH_AUX,Vehicle,10 µM 5PhIAA,11.0,0.14708566571154152,1.2324563447786783
70,020925,VEH_AUX,Vehicle,10 µM 5PhIAA,11.5,0.15146320193120724,1.227160292957979
71,020925,VEH_AUX,Vehicle,10 µM 5PhIAA,12.0,0.1429863725735679,1.2236854747312744
72,020925,VEH_VEH,Vehicle,Vehicle,0.5,0.9829398369274551,1.0332153954787007
73,020925,VEH_VEH,Vehicle,Vehicle,1.0,1.0027986582095636,0.9884854524716618
74,020925,VEH_VEH,Vehicle,Vehicle,1.5,1.0096305712246398,0.9861942948014685
75,020925,VEH_VEH,Vehicle,Vehicle,2.0,1.0062476433379806,0.9819410777140215
76,020925,VEH_VEH,Vehicle,Vehicle,2.5,1.0096482100476192,0.989634784152767
77,020925,VEH_VEH,Vehicle,Vehicle,3.0,0.9978842903901067,0.9926516793860145
78,020925,VEH_VEH,Vehicle,Vehicle,3.5,0.994764017379222,0.9953264409674374
79,020925,VEH_VEH,Vehicle,Vehicle,4.0,1.0035307097148034,1.0009917786289035
80,020925,VEH_VEH,Vehicle,Vehicle,4.5,0.9993200223814543,1.0029203956032915
81,020925,VEH_VEH,Vehicle,Vehicle,5.0,0.9982912385904614,1.0019388956248607
82,020925,VEH_VEH,Vehicle,Vehicle,5.5,0.9992194028875371,1.0072471658315005
83,020925,VEH_VEH,Vehicle,Vehicle,6.0,1.0049616984861045,1.0170254657328532
84,020925,VEH_VEH,Vehicle,Vehicle,6.5,0.9980573840325356,1.0092263177414957
85,020925,VEH_VEH,Vehicle,Vehicle,7.0,0.9950577816071821,1.004570486483475
86,020925,VEH_VEH,Vehicle,Vehicle,7.5,0.9968970109331006,1.0069762671584743
87,020925,VEH_VEH,Vehicle,Vehicle,8.0,0.9990986343204796,1.0050891782594251
88,020925,VEH_VEH,Vehicle,Vehicle,8.5,0.9986214188036393,1.0027135938825988
89,020925,VEH_VEH,Vehicle,Vehicle,9.0,0.9991045293305316,1.0014657459536458
90,020925,VEH_VEH,Vehicle,Vehicle,9.5,0.998868235937395,1.0009916184338339
91,020925,VEH_VEH,Vehicle,Vehicle,10.0,0.9909287172612593,0.9981022143201237
92,020925,VEH_VEH,Vehicle,Vehicle,10.5,1.0082862938636081,0.9986965105930293
93,020925,VEH_VEH,Vehicle,Vehicle,11.0,1.0036255010511412,0.9976363248491804
94,020925,VEH_VEH,Vehicle,Vehicle,11.5,1.0058121711110768,0.9910128755011696
95,020925,VEH_VEH,Vehicle,Vehicle,12.0,0.9964059424905702,0.9859799917579665
