,WELL,IF_561_Intensity,GFP_Intensity,DAPI_Intensity,NucleusArea,CELL,EU,DRUG,DRUG TIME HOURS,PRIMARY,SECONDARY,TotalNumberCells,Alexa647_Intensity,NucleusArea2,EXPERIMENT
0,C03,709.8873123501361,342.8332047332353,542.0237289806661,1711.940730203888,HCT116 OsTIRF74G,No addition,No addition,No addition,Total Pol II F12,Goat anti-mouse Alexa647,4218,134.07343068890947,1616.6305988928032,250128_ARMC5mAC_TotalPolII
1,C04,732.9282773616551,345.2668605572173,587.0489149893114,1771.2459165154264,HCT116 OsTIRF74G,No addition,No addition,No addition,Total Pol II F12,Goat anti-mouse Alexa647,3306,135.090093764122,1647.1443883984869,250128_ARMC5mAC_TotalPolII
2,C05,700.6996479855655,344.0512909694715,551.6661794724648,1714.9958757217487,HCT116 OsTIRF74G,No addition,No addition,No addition,Total Pol II F12,Goat anti-mouse Alexa647,3637,134.11776119576345,1597.7005005561734,250128_ARMC5mAC_TotalPolII
3,C06,709.931460704461,341.2956208398161,560.2473447545336,1715.4301948051948,HCT116 OsTIRF74G,No addition,No addition,No addition,Total Pol II F12,Goat anti-mouse Alexa647,3696,134.08810507934717,1636.3472837022132,250128_ARMC5mAC_TotalPolII
4,C07,685.701935132267,339.7770383124041,527.3845775438131,1699.9624191139872,HCT116 OsTIRF74G,No addition,No addition,No addition,Total Pol II F12,Goat anti-mouse Alexa647,4018,134.02329947874375,1584.0226424483703,250128_ARMC5mAC_TotalPolII
5,C08,696.5970018052554,333.141746760972,542.7736257077178,1676.5186039803864,HCT116 OsTIRF74G,No addition,No addition,No addition,Total Pol II F12,Goat anti-mouse Alexa647,3467,136.35451367979218,1548.1626949102676,250128_ARMC5mAC_TotalPolII
6,C09,686.5481695826808,337.6278199822987,539.8383024681463,1675.7666583478913,HCT116 OsTIRF74G,No addition,No addition,No addition,Total Pol II F12,Goat anti-mouse Alexa647,4007,134.37956413016357,1581.593136035812,250128_ARMC5mAC_TotalPolII
7,C10,656.1959532291205,342.20466005112013,547.3101990371293,1711.1895939086294,HCT116 OsTIRF74G,No addition,No addition,No addition,Total Pol II F12,Goat anti-mouse Alexa647,3940,134.4782616706743,1584.9066431806743,250128_ARMC5mAC_TotalPolII
8,C11,665.2018451805337,340.64133422037156,532.8758906443495,1673.5855427713857,HCT116 OsTIRF74G,No addition,No addition,No addition,Total Pol II F12,Goat anti-mouse Alexa647,3998,134.24103175755238,1567.115157480315,250128_ARMC5mAC_TotalPolII
9,C12,682.6824979317529,341.2454867134108,536.431717623962,1648.4386562804284,HCT116 OsTIRF74G,No addition,No addition,No addition,Total Pol II F12,Goat anti-mouse Alexa647,4108,134.49009754670706,1529.6049962898837,250128_ARMC5mAC_TotalPolII
10,C13,663.7572245277357,341.50999758433966,538.0157795405806,1705.4516864175023,HCT116 OsTIRF74G,No addition,No addition,No addition,Total Pol II F12,Goat anti-mouse Alexa647,4388,134.33768648700902,1597.3234476367006,250128_ARMC5mAC_TotalPolII
11,C14,657.3248609226792,341.2428290789214,553.7726059869697,1651.0299928588431,HCT116 OsTIRF74G,No addition,No addition,No addition,Total Pol II F12,Goat anti-mouse Alexa647,4201,135.05071529895164,1560.625925925926,250128_ARMC5mAC_TotalPolII
12,C15,665.5884703573038,341.42985504096725,542.1976638021594,1707.1304981773997,HCT116 OsTIRF74G,No addition,No addition,No addition,Total Pol II F12,Goat anti-mouse Alexa647,4115,133.6093401881522,1608.9283110571082,250128_ARMC5mAC_TotalPolII
13,C16,682.5294233707541,340.30491484839,569.1363721494865,1685.700612780858,HCT116 OsTIRF74G,No addition,No addition,No addition,Total Pol II F12,Goat anti-mouse Alexa647,3427,134.62453231813322,1585.3073047858943,250128_ARMC5mAC_TotalPolII
14,C17,611.4975824503425,330.1272720506812,525.2306221917418,1737.7508524111056,HCT116 OsTIRF74G,No addition,No addition,No addition,Total Pol II F12,Goat anti-mouse Alexa647,4106,133.0392246162553,1621.171089925277,250128_ARMC5mAC_TotalPolII
15,C18,612.1312588177075,334.0040597591726,539.7380982598556,1682.9422300706358,HCT116 OsTIRF74G,No addition,No addition,No addition,Total Pol II F12,Goat anti-mouse Alexa647,3964,133.59737518338292,1586.9694555112883,250128_ARMC5mAC_TotalPolII
16,C19,640.4731394431342,336.0355610242101,553.896534513802,1697.2709331829715,HCT116 OsTIRF74G,No addition,No addition,No addition,Total Pol II F12,Goat anti-mouse Alexa647,3547,134.42206750464482,1583.7277628032346,250128_ARMC5mAC_TotalPolII
17,C20,643.7464840734317,336.4414116625175,551.218410193072,1717.2533333333333,HCT116 OsTIRF74G,No addition,No addition,No addition,Total Pol II F12,Goat anti-mouse Alexa647,3225,135.25748782955094,1627.2592091922947,250128_ARMC5mAC_TotalPolII
18,C21,628.8541726860642,336.3533708358453,543.432814640247,1717.9690964057777,HCT116 OsTIRF74G,No addition,No addition,No addition,Total Pol II F12,Goat anti-mouse Alexa647,2977,135.12592741509857,1626.5133004926108,250128_ARMC5mAC_TotalPolII
19,C22,593.0038956813531,336.31104335873096,508.4471597245902,1697.4161123429417,HCT116 OsTIRF74G,No addition,No addition,No addition,Total Pol II F12,Goat anti-mouse Alexa647,4059,134.05475641963005,1602.0577133479212,250128_ARMC5mAC_TotalPolII
20,D03,546.3570348761623,332.31868710301404,495.7967895173023,1663.4580169234107,HCT116 OsTIRF74G,"EU 1 mM, 30 mins",No addition,No addition,Total Pol II F12,Goat anti-mouse Alexa647,4609,154.77791781634906,1556.8863687401752,250128_ARMC5mAC_TotalPolII
21,D04,686.357852861707,389.9334027474956,620.2351805396241,1409.8309859154929,HCT116 OsTIRF74G ARMC5mAC Clone 5A1,"EU 1 mM, 30 mins",Vehicle,72,Total Pol II F12,Goat anti-mouse Alexa647,2201,178.93250473253315,1308.151563328034,250128_ARMC5mAC_TotalPolII
22,D05,634.9962793784798,396.8964035512113,597.7907746874411,1457.9972440944882,HCT116 OsTIRF74G ARMC5mAC Clone 5F9,"EU 1 mM, 30 mins",Vehicle,72,Total Pol II F12,Goat anti-mouse Alexa647,2540,168.7720082443049,1333.4357233771743,250128_ARMC5mAC_TotalPolII
23,D06,544.9058906643372,331.8465215302753,511.77590034357996,1657.3929374718848,HCT116 OsTIRF74G,"EU 1 mM, 30 mins",Vehicle,72,Total Pol II F12,Goat anti-mouse Alexa647,4446,171.00314976960018,1560.291325695581,250128_ARMC5mAC_TotalPolII
24,D07,1057.7387459307242,333.85903661307435,591.614509842754,1567.3553008595989,HCT116 OsTIRF74G ARMC5mAC Clone 5A1,"EU 1 mM, 30 mins",10 µM 5PhIAA,72,Total Pol II F12,Goat anti-mouse Alexa647,2443,170.61123967108148,1470.529355608592,250128_ARMC5mAC_TotalPolII
25,D08,916.9500012224066,331.611448544064,590.5895311188721,1483.0136601044596,HCT116 OsTIRF74G ARMC5mAC Clone 5F9,"EU 1 mM, 30 mins",10 µM 5PhIAA,72,Total Pol II F12,Goat anti-mouse Alexa647,2489,163.91047856281338,1350.341869918699,250128_ARMC5mAC_TotalPolII
26,D09,560.3638972456741,330.5283275274619,508.57414229980833,1652.8435,HCT116 OsTIRF74G,"EU 1 mM, 30 mins",10 µM 5PhIAA,72,Total Pol II F12,Goat anti-mouse Alexa647,4000,160.55190755696302,1546.4323308270677,250128_ARMC5mAC_TotalPolII
27,D10,680.5962747450841,389.07359886358523,615.514396889419,1450.5694783032668,HCT116 OsTIRF74G ARMC5mAC Clone 5A1,"EU 1 mM, 30 mins",Vehicle,72,Total Pol II F12,Goat anti-mouse Alexa647,2051,176.71388338411228,1367.4,250128_ARMC5mAC_TotalPolII
28,D11,627.9657676270855,395.5227885365621,586.2136926740873,1451.3248756218904,HCT116 OsTIRF74G ARMC5mAC Clone 5F9,"EU 1 mM, 30 mins",Vehicle,72,Total Pol II F12,Goat anti-mouse Alexa647,2010,,,250128_ARMC5mAC_TotalPolII
29,D12,539.7784439339149,335.40070779129155,517.1468424496031,1645.0185603210434,HCT116 OsTIRF74G,"EU 1 mM, 30 mins",Vehicle,72,Total Pol II F12,Goat anti-mouse Alexa647,3987,,,250128_ARMC5mAC_TotalPolII
30,D13,1097.5955261069657,336.976326353251,579.7171047846555,1526.069492360769,HCT116 OsTIRF74G ARMC5mAC Clone 5A1,"EU 1 mM, 30 mins",10 µM 5PhIAA,72,Total Pol II F12,Goat anti-mouse Alexa647,2029,,,250128_ARMC5mAC_TotalPolII
31,D14,1000.7482129162719,336.2677233957532,612.5261960362045,1482.89294523927,HCT116 OsTIRF74G ARMC5mAC Clone 5F9,"EU 1 mM, 30 mins",10 µM 5PhIAA,72,Total Pol II F12,Goat anti-mouse Alexa647,2027,164.84760369816917,1442.897233201581,250128_ARMC5mAC_TotalPolII
32,D15,605.2083467894364,334.44280018790016,508.6056702879437,1621.5807248764415,HCT116 OsTIRF74G,"EU 1 mM, 30 mins",10 µM 5PhIAA,72,Total Pol II F12,Goat anti-mouse Alexa647,3642,164.81158695292186,1537.8549684089603,250128_ARMC5mAC_TotalPolII
33,D16,704.6582465405261,394.3954676579332,635.6657903100718,1410.6311280342693,HCT116 OsTIRF74G ARMC5mAC Clone 5A1,"EU 1 mM, 30 mins",Vehicle,72,Total Pol II F12,Goat anti-mouse Alexa647,2101,178.82316979030938,1326.2288770053476,250128_ARMC5mAC_TotalPolII
34,D17,633.2634216950819,395.38491137312906,616.5057193609673,1417.8011289622232,HCT116 OsTIRF74G ARMC5mAC Clone 5F9,"EU 1 mM, 30 mins",Vehicle,72,Total Pol II F12,Goat anti-mouse Alexa647,2303,166.85877257770443,1288.3047381546135,250128_ARMC5mAC_TotalPolII
35,D18,569.3803693887911,335.8341609336834,521.5835303912808,1681.4311499272198,HCT116 OsTIRF74G,"EU 1 mM, 30 mins",Vehicle,72,Total Pol II F12,Goat anti-mouse Alexa647,3435,163.99849652864125,1597.562363919129,250128_ARMC5mAC_TotalPolII
36,D19,1069.2877651083877,338.2947337110109,573.4557112878978,1539.9557428872497,HCT116 OsTIRF74G ARMC5mAC Clone 5A1,"EU 1 mM, 30 mins",10 µM 5PhIAA,72,Total Pol II F12,Goat anti-mouse Alexa647,1898,165.8058519781892,1429.8251366120219,250128_ARMC5mAC_TotalPolII
37,D20,982.1081578650109,342.77423810765515,618.0040310640543,1525.320874471086,HCT116 OsTIRF74G ARMC5mAC Clone 5F9,"EU 1 mM, 30 mins",10 µM 5PhIAA,72,Total Pol II F12,Goat anti-mouse Alexa647,2836,166.16527094229033,1408.1037296037296,250128_ARMC5mAC_TotalPolII
38,D21,565.7090532852127,336.17315544093873,491.3726635123911,1697.8957277335264,HCT116 OsTIRF74G,"EU 1 mM, 30 mins",10 µM 5PhIAA,72,Total Pol II F12,Goat anti-mouse Alexa647,4143,159.74452548885557,1598.1675353685778,250128_ARMC5mAC_TotalPolII
39,D22,561.6196916738088,334.66323358741505,499.0967573273731,1696.4068259385665,HCT116 OsTIRF74G,"EU 1 mM, 30 mins",No addition,No addition,Total Pol II F12,Goat anti-mouse Alexa647,4395,157.782880978648,1605.571567436209,250128_ARMC5mAC_TotalPolII
40,E03,574.4658244355284,333.0652126184055,472.91405822644975,1632.3983559209064,HCT116 OsTIRF74G,"EU 1 mM, 30 mins",No addition,No addition,Total Pol II F12,Goat anti-mouse Alexa647,4501,159.91852934638612,1540.6165572232646,250128_ARMC5mAC_TotalPolII
41,E04,741.9329049377556,389.487840186728,595.8706104815539,1452.0608695652174,HCT116 OsTIRF74G ARMC5mAC Clone 5A1,"EU 1 mM, 30 mins",Vehicle,48,Total Pol II F12,Goat anti-mouse Alexa647,2300,180.25069794446384,1342.736040609137,250128_ARMC5mAC_TotalPolII
42,E05,672.8944299296024,393.77221529205076,580.9149681603327,1417.1104270873413,HCT116 OsTIRF74G ARMC5mAC Clone 5F9,"EU 1 mM, 30 mins",Vehicle,48,Total Pol II F12,Goat anti-mouse Alexa647,2599,173.39101717888664,1290.210193955796,250128_ARMC5mAC_TotalPolII
43,E06,604.095827601115,331.45589452756195,510.86722044237297,1633.8882820258193,HCT116 OsTIRF74G,"EU 1 mM, 30 mins",Vehicle,48,Total Pol II F12,Goat anti-mouse Alexa647,4028,171.4762180014297,1530.1024193548387,250128_ARMC5mAC_TotalPolII
44,E07,1121.9891088014544,331.79310518783643,574.1066744104253,1429.9648941662365,HCT116 OsTIRF74G ARMC5mAC Clone 5A1,"EU 1 mM, 30 mins",10 µM 5PhIAA,48,Total Pol II F12,Goat anti-mouse Alexa647,1937,177.84663206235942,1313.1284760845383,250128_ARMC5mAC_TotalPolII
45,E08,1007.0731083463863,331.5370563776124,591.619335432815,1416.4035087719299,HCT116 OsTIRF74G ARMC5mAC Clone 5F9,"EU 1 mM, 30 mins",10 µM 5PhIAA,48,Total Pol II F12,Goat anti-mouse Alexa647,1995,172.0312276876062,1315.8980789754535,250128_ARMC5mAC_TotalPolII
46,E09,583.9950947969751,330.96542666540677,487.3616340957792,1672.4733659660237,HCT116 OsTIRF74G,"EU 1 mM, 30 mins",10 µM 5PhIAA,48,Total Pol II F12,Goat anti-mouse Alexa647,3473,164.82730523884857,1549.5941002949853,250128_ARMC5mAC_TotalPolII
47,E10,936.0438242002107,336.14156166119267,590.071454413261,1434.96802646086,HCT116 OsTIRF74G ARMC5mAC Clone 5A1,"EU 1 mM, 30 mins",Vehicle,48,Total Pol II F12,Goat anti-mouse Alexa647,1814,182.61106612297527,1332.9573901464714,250128_ARMC5mAC_TotalPolII
48,E11,644.9057722744259,392.4030631980047,583.1756130058654,1417.6863636363637,HCT116 OsTIRF74G ARMC5mAC Clone 5F9,"EU 1 mM, 30 mins",Vehicle,48,Total Pol II F12,Goat anti-mouse Alexa647,2640,168.52848316931576,1294.4561933534744,250128_ARMC5mAC_TotalPolII
49,E12,582.7096290483788,333.8692014688124,505.0036149491775,1585.9269394261423,HCT116 OsTIRF74G,"EU 1 mM, 30 mins",Vehicle,48,Total Pol II F12,Goat anti-mouse Alexa647,3764,169.28473858446682,1492.9282485875706,250128_ARMC5mAC_TotalPolII
50,E13,1034.1542197095798,337.57927613105886,577.0190360577013,1435.577441077441,HCT116 OsTIRF74G ARMC5mAC Clone 5A1,"EU 1 mM, 30 mins",10 µM 5PhIAA,48,Total Pol II F12,Goat anti-mouse Alexa647,1782,170.36795557328188,1329.7947269303202,250128_ARMC5mAC_TotalPolII
51,E14,943.4943152905722,336.482203294824,581.8212819177122,1462.6924277907885,HCT116 OsTIRF74G ARMC5mAC Clone 5F9,"EU 1 mM, 30 mins",10 µM 5PhIAA,48,Total Pol II F12,Goat anti-mouse Alexa647,2562,166.84763025555327,1336.2592087312414,250128_ARMC5mAC_TotalPolII
52,E15,542.3762944472222,331.2843107354954,471.20848304694994,1645.6414948453607,HCT116 OsTIRF74G,"EU 1 mM, 30 mins",10 µM 5PhIAA,48,Total Pol II F12,Goat anti-mouse Alexa647,3880,162.47231162555005,1544.5306391970416,250128_ARMC5mAC_TotalPolII
53,E16,715.1633833032533,391.6788288536809,577.4146488177514,1422.5405887600357,HCT116 OsTIRF74G ARMC5mAC Clone 5A1,"EU 1 mM, 30 mins",Vehicle,48,Total Pol II F12,Goat anti-mouse Alexa647,2242,179.16703030187506,1292.4215952251764,250128_ARMC5mAC_TotalPolII
54,E17,644.4288976675596,391.68987021052607,563.0376112276517,1383.218787158145,HCT116 OsTIRF74G ARMC5mAC Clone 5F9,"EU 1 mM, 30 mins",Vehicle,48,Total Pol II F12,Goat anti-mouse Alexa647,2523,173.4343859532626,1272.7517630465445,250128_ARMC5mAC_TotalPolII
55,E18,534.9744594505669,332.80202742144655,480.41565446448715,1640.108239095315,HCT116 OsTIRF74G,"EU 1 mM, 30 mins",Vehicle,48,Total Pol II F12,Goat anti-mouse Alexa647,4333,164.27591665829564,1526.535294117647,250128_ARMC5mAC_TotalPolII
56,E19,1033.8838254139955,336.3018509613174,539.9019133037109,1504.3130962705984,HCT116 OsTIRF74G ARMC5mAC Clone 5A1,"EU 1 mM, 30 mins",10 µM 5PhIAA,48,Total Pol II F12,Goat anti-mouse Alexa647,2306,176.67696234414817,1402.5728962818005,250128_ARMC5mAC_TotalPolII
57,E20,956.8625078577492,336.7602627545717,568.7784455759628,1450.255006129955,HCT116 OsTIRF74G ARMC5mAC Clone 5F9,"EU 1 mM, 30 mins",10 µM 5PhIAA,48,Total Pol II F12,Goat anti-mouse Alexa647,2447,169.1735809133015,1323.393643031785,250128_ARMC5mAC_TotalPolII
58,E21,531.9020112596604,330.5796825849379,472.0183745912066,1695.0144822592324,HCT116 OsTIRF74G,"EU 1 mM, 30 mins",10 µM 5PhIAA,48,Total Pol II F12,Goat anti-mouse Alexa647,4143,162.36856401753838,1575.783536585366,250128_ARMC5mAC_TotalPolII
59,E22,513.8620517433448,329.403492436788,459.4918490341644,1614.591068844325,HCT116 OsTIRF74G,"EU 1 mM, 30 mins",No addition,No addition,Total Pol II F12,Goat anti-mouse Alexa647,4837,159.05314114604275,1516.0317700453859,250128_ARMC5mAC_TotalPolII
60,F03,519.2015879676893,331.23180774351545,453.7485786670929,1663.1412125863392,HCT116 OsTIRF74G,"EU 1 mM, 30 mins",No addition,No addition,Total Pol II F12,Goat anti-mouse Alexa647,3909,157.14502679782774,1567.1296866974833,250128_ARMC5mAC_TotalPolII
61,F04,741.7687425190474,412.6234786817052,586.3688368238883,1363.4522792022792,HCT116 OsTIRF74G ARMC5mAC Clone 5A1,"EU 1 mM, 30 mins",Vehicle,24,Total Pol II F12,Goat anti-mouse Alexa647,1404,182.58528475374118,1268.4206748025842,250128_ARMC5mAC_TotalPolII
62,F05,673.3207594291907,407.0063714142813,567.6221821418605,1389.1167332445627,HCT116 OsTIRF74G ARMC5mAC Clone 5F9,"EU 1 mM, 30 mins",Vehicle,24,Total Pol II F12,Goat anti-mouse Alexa647,2253,198.61155163068372,1301.0748560460652,250128_ARMC5mAC_TotalPolII
63,F06,575.0774657249409,330.63331936763484,477.1678604731828,1676.4270186335405,HCT116 OsTIRF74G,"EU 1 mM, 30 mins",Vehicle,24,Total Pol II F12,Goat anti-mouse Alexa647,3864,166.75574349388924,1532.0101171458998,250128_ARMC5mAC_TotalPolII
64,F07,1051.1360604669321,332.6374278829049,570.4392255230756,1398.2316448491747,HCT116 OsTIRF74G ARMC5mAC Clone 5A1,"EU 1 mM, 30 mins",10 µM 5PhIAA,24,Total Pol II F12,Goat anti-mouse Alexa647,1757,173.1093022593684,1317.9433617539587,250128_ARMC5mAC_TotalPolII
65,F08,858.3253272990114,332.759436465133,556.7859846334113,1429.8830548926014,HCT116 OsTIRF74G ARMC5mAC Clone 5F9,"EU 1 mM, 30 mins",10 µM 5PhIAA,24,Total Pol II F12,Goat anti-mouse Alexa647,2514,165.38655082593408,1312.891621129326,250128_ARMC5mAC_TotalPolII
66,F09,546.7581619320216,328.5959099628268,476.78306467526204,1653.6238490905007,HCT116 OsTIRF74G,"EU 1 mM, 30 mins",10 µM 5PhIAA,24,Total Pol II F12,Goat anti-mouse Alexa647,4453,164.4227816833759,1544.8910094274545,250128_ARMC5mAC_TotalPolII
67,F10,712.7798128432638,406.7141714062469,577.9591557597115,1368.14947016174,HCT116 OsTIRF74G ARMC5mAC Clone 5A1,"EU 1 mM, 30 mins",Vehicle,24,Total Pol II F12,Goat anti-mouse Alexa647,1793,180.11032188006416,1267.4804292929293,250128_ARMC5mAC_TotalPolII
68,F11,612.3969720648103,402.7931259515534,548.2883449253109,1465.8464405516213,HCT116 OsTIRF74G ARMC5mAC Clone 5F9,"EU 1 mM, 30 mins",Vehicle,24,Total Pol II F12,Goat anti-mouse Alexa647,2683,166.22984086021202,1324.4433033804023,250128_ARMC5mAC_TotalPolII
69,F12,580.6231230227683,335.8035610385221,485.8624244766286,1607.3215911814043,HCT116 OsTIRF74G,"EU 1 mM, 30 mins",Vehicle,24,Total Pol II F12,Goat anti-mouse Alexa647,4173,168.5195261812098,1490.5041719342605,250128_ARMC5mAC_TotalPolII
70,F13,974.5996787090696,338.80772809524035,550.2862203357429,1466.9115002366304,HCT116 OsTIRF74G ARMC5mAC Clone 5A1,"EU 1 mM, 30 mins",10 µM 5PhIAA,24,Total Pol II F12,Goat anti-mouse Alexa647,2113,172.92480331049086,1348.2404600104549,250128_ARMC5mAC_TotalPolII
71,F14,959.0216481193768,336.9548618595815,548.5849710120884,1443.6501584786054,HCT116 OsTIRF74G ARMC5mAC Clone 5F9,"EU 1 mM, 30 mins",10 µM 5PhIAA,24,Total Pol II F12,Goat anti-mouse Alexa647,2524,166.62448589090965,1303.4874517374517,250128_ARMC5mAC_TotalPolII
72,F15,545.735811545864,330.7430297454984,471.37867139652514,1637.5927634774162,HCT116 OsTIRF74G,"EU 1 mM, 30 mins",10 µM 5PhIAA,24,Total Pol II F12,Goat anti-mouse Alexa647,4118,174.5574983948483,1543.7387928875532,250128_ARMC5mAC_TotalPolII
73,F16,934.951023015289,336.6648320771705,568.3265152872516,1352.3560606060605,HCT116 OsTIRF74G ARMC5mAC Clone 5A1,"EU 1 mM, 30 mins",Vehicle,24,Total Pol II F12,Goat anti-mouse Alexa647,1584,178.7482251804411,1221.6775106082036,250128_ARMC5mAC_TotalPolII
74,F17,607.5838494736387,401.2478085090811,548.4552365083088,1398.0168665667165,HCT116 OsTIRF74G ARMC5mAC Clone 5F9,"EU 1 mM, 30 mins",Vehicle,24,Total Pol II F12,Goat anti-mouse Alexa647,2668,168.5055942980829,1275.7219445706496,250128_ARMC5mAC_TotalPolII
75,F18,558.2565701732861,333.4497928501946,486.3974232424339,1626.2605452674898,HCT116 OsTIRF74G,"EU 1 mM, 30 mins",Vehicle,24,Total Pol II F12,Goat anti-mouse Alexa647,3888,164.97931722791154,1515.0121720313768,250128_ARMC5mAC_TotalPolII
76,F19,930.1630069158736,337.3484564861435,552.2481523035799,1398.1512565196776,HCT116 OsTIRF74G ARMC5mAC Clone 5A1,"EU 1 mM, 30 mins",10 µM 5PhIAA,24,Total Pol II F12,Goat anti-mouse Alexa647,2109,172.5405940420596,1267.2736051502145,250128_ARMC5mAC_TotalPolII
77,F20,917.1824615869012,338.53452581710985,577.598744573887,1422.4858921161826,HCT116 OsTIRF74G ARMC5mAC Clone 5F9,"EU 1 mM, 30 mins",10 µM 5PhIAA,24,Total Pol II F12,Goat anti-mouse Alexa647,2410,169.58223430918358,1306.576652601969,250128_ARMC5mAC_TotalPolII
78,F21,562.3774685492375,329.4934097358243,472.0721704254677,1693.1393034825871,HCT116 OsTIRF74G,"EU 1 mM, 30 mins",10 µM 5PhIAA,24,Total Pol II F12,Goat anti-mouse Alexa647,4020,163.87588876589427,1566.3656795346378,250128_ARMC5mAC_TotalPolII
79,F22,531.7632429054315,328.1660073747346,456.215853190325,1641.961030927835,HCT116 OsTIRF74G,"EU 1 mM, 30 mins",No addition,No addition,Total Pol II F12,Goat anti-mouse Alexa647,4850,158.18690610842054,1552.2408837408836,250128_ARMC5mAC_TotalPolII
80,G03,518.7076669108228,331.6911826534685,460.03179076332265,1655.2679674796748,HCT116 OsTIRF74G,"EU 1 mM, 30 mins",No addition,No addition,Total Pol II F12,Goat anti-mouse Alexa647,3075,158.34135913279454,1562.1729217818308,250128_ARMC5mAC_TotalPolII
81,G04,639.106534459061,414.4133907184848,583.0418462002777,1365.7593865679535,HCT116 OsTIRF74G ARMC5mAC Clone 5A1,"EU 1 mM, 30 mins",Vehicle,8,Total Pol II F12,Goat anti-mouse Alexa647,1891,174.3292446833595,1268.2478736330497,250128_ARMC5mAC_TotalPolII
82,G05,606.7490368214469,408.8900795903217,586.8034520857904,1409.9736590038315,HCT116 OsTIRF74G ARMC5mAC Clone 5F9,"EU 1 mM, 30 mins",Vehicle,8,Total Pol II F12,Goat anti-mouse Alexa647,2088,169.02670387827612,1270.100742311771,250128_ARMC5mAC_TotalPolII
83,G06,506.528975119575,333.43060890651856,473.91819949165193,1674.1348265261308,HCT116 OsTIRF74G,"EU 1 mM, 30 mins",Vehicle,8,Total Pol II F12,Goat anti-mouse Alexa647,4554,165.87495528761679,1581.6800087970091,250128_ARMC5mAC_TotalPolII
84,G07,783.3645845578114,337.5055804899889,551.8288141903859,1462.780455153949,HCT116 OsTIRF74G ARMC5mAC Clone 5A1,"EU 1 mM, 30 mins",10 µM 5PhIAA,8,Total Pol II F12,Goat anti-mouse Alexa647,2241,171.7581915913155,1370.6948156066276,250128_ARMC5mAC_TotalPolII
85,G08,731.003974185075,336.79165111674183,571.9229324460309,1417.1491604841858,HCT116 OsTIRF74G ARMC5mAC Clone 5F9,"EU 1 mM, 30 mins",10 µM 5PhIAA,8,Total Pol II F12,Goat anti-mouse Alexa647,2561,168.1557638705001,1306.8422496570645,250128_ARMC5mAC_TotalPolII
86,G09,498.55599714300547,333.1186221378377,480.1700940666608,1663.8100756859035,HCT116 OsTIRF74G,"EU 1 mM, 30 mins",10 µM 5PhIAA,8,Total Pol II F12,Goat anti-mouse Alexa647,4228,159.5860174000804,1555.422641509434,250128_ARMC5mAC_TotalPolII
87,G10,624.1149115866803,412.9415688925476,594.8115607435436,1392.7890250399573,HCT116 OsTIRF74G ARMC5mAC Clone 5A1,"EU 1 mM, 30 mins",Vehicle,8,Total Pol II F12,Goat anti-mouse Alexa647,1877,172.6908745564776,1315.4750462107208,250128_ARMC5mAC_TotalPolII
88,G11,551.6675582741441,411.4007189186566,576.4761718943345,1455.4587118084228,HCT116 OsTIRF74G ARMC5mAC Clone 5F9,"EU 1 mM, 30 mins",Vehicle,8,Total Pol II F12,Goat anti-mouse Alexa647,2422,165.831460227946,1344.3854216293473,250128_ARMC5mAC_TotalPolII
89,G12,498.6656486817322,334.5933149568642,481.99969969495066,1617.1138647019425,HCT116 OsTIRF74G,"EU 1 mM, 30 mins",Vehicle,8,Total Pol II F12,Goat anti-mouse Alexa647,4479,162.78539588077504,1520.228366496992,250128_ARMC5mAC_TotalPolII
90,G13,739.4977872013974,339.74544906130564,576.3862483154969,1419.2263374485597,HCT116 OsTIRF74G ARMC5mAC Clone 5A1,"EU 1 mM, 30 mins",10 µM 5PhIAA,8,Total Pol II F12,Goat anti-mouse Alexa647,1944,170.1543391512473,1339.5761627906977,250128_ARMC5mAC_TotalPolII
91,G14,715.460242451043,341.6375999658254,595.0558692912819,1415.1682085786374,HCT116 OsTIRF74G ARMC5mAC Clone 5F9,"EU 1 mM, 30 mins",10 µM 5PhIAA,8,Total Pol II F12,Goat anti-mouse Alexa647,2378,163.43447791047734,1325.0216674517192,250128_ARMC5mAC_TotalPolII
92,G15,468.15264803096005,335.0234912875943,480.05788210485065,1670.475486381323,HCT116 OsTIRF74G,"EU 1 mM, 30 mins",10 µM 5PhIAA,8,Total Pol II F12,Goat anti-mouse Alexa647,3855,160.3712823737665,1566.1670741646292,250128_ARMC5mAC_TotalPolII
93,G16,610.9307496928185,357.8956195299577,577.5528418334862,1448.586940015186,HCT116 OsTIRF74G ARMC5mAC Clone 5A1,"EU 1 mM, 30 mins",Vehicle,8,Total Pol II F12,Goat anti-mouse Alexa647,2634,171.15952503309882,1325.3342116820377,250128_ARMC5mAC_TotalPolII
94,G17,538.5161531263354,406.8977983945719,567.6953430385407,1437.2746346946421,HCT116 OsTIRF74G ARMC5mAC Clone 5F9,"EU 1 mM, 30 mins",Vehicle,8,Total Pol II F12,Goat anti-mouse Alexa647,2669,165.98514461349305,1337.895087427144,250128_ARMC5mAC_TotalPolII
95,G18,478.87691966366214,334.2618162575117,485.89915877515404,1666.4697782963826,HCT116 OsTIRF74G,"EU 1 mM, 30 mins",Vehicle,8,Total Pol II F12,Goat anti-mouse Alexa647,4285,163.53536801416803,1552.3490252020922,250128_ARMC5mAC_TotalPolII
96,G19,751.3864270491771,338.2566191930737,576.4009274308419,1419.612112112112,HCT116 OsTIRF74G ARMC5mAC Clone 5A1,"EU 1 mM, 30 mins",10 µM 5PhIAA,8,Total Pol II F12,Goat anti-mouse Alexa647,1998,170.43289867859585,1346.409568261377,250128_ARMC5mAC_TotalPolII
97,G20,677.2244813274692,338.0772815362282,572.6887533870756,1421.0494479116658,HCT116 OsTIRF74G ARMC5mAC Clone 5F9,"EU 1 mM, 30 mins",10 µM 5PhIAA,8,Total Pol II F12,Goat anti-mouse Alexa647,2083,162.85043376879005,1309.9261891744122,250128_ARMC5mAC_TotalPolII
98,G21,476.8168322319539,330.96490641369024,489.12242647227805,1617.7612257281553,HCT116 OsTIRF74G,"EU 1 mM, 30 mins",10 µM 5PhIAA,8,Total Pol II F12,Goat anti-mouse Alexa647,3296,161.84991521462877,1501.312582781457,250128_ARMC5mAC_TotalPolII
99,G22,472.11804796710015,330.40253061513505,462.27709209481424,1655.9774453394707,HCT116 OsTIRF74G,"EU 1 mM, 30 mins",No addition,No addition,Total Pol II F12,Goat anti-mouse Alexa647,4345,156.44278980660195,1581.1530054644809,250128_ARMC5mAC_TotalPolII
100,H03,432.9337650136415,331.9376210494238,437.2321039999356,1705.9258737316798,HCT116 OsTIRF74G,"EU 1 mM, 30 mins",No addition,No addition,Total Pol II F12,Goat anti-mouse Alexa647,3548,155.63975493707443,1601.1674325100516,250128_ARMC5mAC_TotalPolII
101,H04,571.0626211303781,410.9821166625213,568.8391206207652,1380.6116883116883,HCT116 OsTIRF74G ARMC5mAC Clone 5A1,"EU 1 mM, 30 mins",Vehicle,2,Total Pol II F12,Goat anti-mouse Alexa647,1540,168.71087314309844,1323.40395480226,250128_ARMC5mAC_TotalPolII
102,H05,525.0813638512327,407.1217500420189,546.9881474811174,1401.851786501985,HCT116 OsTIRF74G ARMC5mAC Clone 5F9,"EU 1 mM, 30 mins",Vehicle,2,Total Pol II F12,Goat anti-mouse Alexa647,2267,161.25145902358025,1306.242908715833,250128_ARMC5mAC_TotalPolII
103,H06,459.647723342295,329.88692220973707,471.3134268790883,1680.8432558139534,HCT116 OsTIRF74G,"EU 1 mM, 30 mins",Vehicle,2,Total Pol II F12,Goat anti-mouse Alexa647,4300,164.12332964003915,1562.2255130597016,250128_ARMC5mAC_TotalPolII
104,H07,591.282696044333,340.1686023698173,557.0949399514152,1477.3581241117954,HCT116 OsTIRF74G ARMC5mAC Clone 5A1,"EU 1 mM, 30 mins",10 µM 5PhIAA,2,Total Pol II F12,Goat anti-mouse Alexa647,2111,166.61733249744603,1372.1925925925925,250128_ARMC5mAC_TotalPolII
105,H08,572.7623295593061,338.02881148268415,573.0661744460696,1401.6509764646971,HCT116 OsTIRF74G ARMC5mAC Clone 5F9,"EU 1 mM, 30 mins",10 µM 5PhIAA,2,Total Pol II F12,Goat anti-mouse Alexa647,1997,164.1178826750021,1289.4128902316213,250128_ARMC5mAC_TotalPolII
106,H09,446.26657191695074,331.8067801975488,470.77661010168464,1660.9724391364264,HCT116 OsTIRF74G,"EU 1 mM, 30 mins",10 µM 5PhIAA,2,Total Pol II F12,Goat anti-mouse Alexa647,4354,156.2159932555968,1555.2526632700324,250128_ARMC5mAC_TotalPolII
107,H10,548.9091656712533,407.1083668943034,565.7927811978027,1441.0962162162161,HCT116 OsTIRF74G ARMC5mAC Clone 5A1,"EU 1 mM, 30 mins",Vehicle,2,Total Pol II F12,Goat anti-mouse Alexa647,1850,167.2754779182288,1330.4220183486239,250128_ARMC5mAC_TotalPolII
108,H11,528.9390857313109,411.22422024877335,560.7504592074519,1379.4436926051233,HCT116 OsTIRF74G ARMC5mAC Clone 5F9,"EU 1 mM, 30 mins",Vehicle,2,Total Pol II F12,Goat anti-mouse Alexa647,2069,161.61379478027834,1277.6225306994127,250128_ARMC5mAC_TotalPolII
109,H12,447.56861779109585,336.791695314713,477.16796269086655,1612.4358865848499,HCT116 OsTIRF74G,"EU 1 mM, 30 mins",Vehicle,2,Total Pol II F12,Goat anti-mouse Alexa647,4726,157.42028958175638,1535.2024070021882,250128_ARMC5mAC_TotalPolII
110,H13,578.4573094810434,342.68804914873346,569.5273803677583,1446.5532786885246,HCT116 OsTIRF74G ARMC5mAC Clone 5A1,"EU 1 mM, 30 mins",10 µM 5PhIAA,2,Total Pol II F12,Goat anti-mouse Alexa647,2440,164.97906038654708,1370.9634418189924,250128_ARMC5mAC_TotalPolII
111,H14,589.8752307620557,342.15592507453573,561.3096387475496,1415.4968652037617,HCT116 OsTIRF74G ARMC5mAC Clone 5F9,"EU 1 mM, 30 mins",10 µM 5PhIAA,2,Total Pol II F12,Goat anti-mouse Alexa647,2552,156.68560964698727,1309.6191369606004,250128_ARMC5mAC_TotalPolII
112,H15,463.1117120409295,331.5726095811415,480.82476535467686,1655.447300103842,HCT116 OsTIRF74G,"EU 1 mM, 30 mins",10 µM 5PhIAA,2,Total Pol II F12,Goat anti-mouse Alexa647,3852,154.18624049333377,1550.7392344497607,250128_ARMC5mAC_TotalPolII
113,H16,572.99075758672,410.8786996417535,557.9346521781862,1430.2719576719576,HCT116 OsTIRF74G ARMC5mAC Clone 5A1,"EU 1 mM, 30 mins",Vehicle,2,Total Pol II F12,Goat anti-mouse Alexa647,1890,165.8460283576367,1348.4165202108964,250128_ARMC5mAC_TotalPolII
114,H17,533.7462630533233,405.27210567831315,576.9341503015273,1429.111269614836,HCT116 OsTIRF74G ARMC5mAC Clone 5F9,"EU 1 mM, 30 mins",Vehicle,2,Total Pol II F12,Goat anti-mouse Alexa647,2103,161.82344054220164,1324.946418808092,250128_ARMC5mAC_TotalPolII
115,H18,464.4834959616712,335.5823570818221,478.63331760682667,1667.979980227385,HCT116 OsTIRF74G,"EU 1 mM, 30 mins",Vehicle,2,Total Pol II F12,Goat anti-mouse Alexa647,4046,158.07080111545676,1565.923076923077,250128_ARMC5mAC_TotalPolII
116,H19,624.9993189188765,338.81508734997533,562.6766131955638,1476.8786264061575,HCT116 OsTIRF74G ARMC5mAC Clone 5A1,"EU 1 mM, 30 mins",10 µM 5PhIAA,2,Total Pol II F12,Goat anti-mouse Alexa647,1689,166.81687768681195,1373.6061728395061,250128_ARMC5mAC_TotalPolII
117,H20,631.6285084948655,343.1244338616326,585.0598787125019,1359.688155922039,HCT116 OsTIRF74G ARMC5mAC Clone 5F9,"EU 1 mM, 30 mins",10 µM 5PhIAA,2,Total Pol II F12,Goat anti-mouse Alexa647,2001,164.61680802455624,1237.6203331418724,250128_ARMC5mAC_TotalPolII
118,H21,479.8183882713508,335.4818361019612,487.9807688758812,1640.6417096959265,HCT116 OsTIRF74G,"EU 1 mM, 30 mins",10 µM 5PhIAA,2,Total Pol II F12,Goat anti-mouse Alexa647,3486,159.05739227120299,1552.012901290129,250128_ARMC5mAC_TotalPolII
119,H22,466.05558789661535,331.5333663635776,459.6307454283569,1633.7111572153067,HCT116 OsTIRF74G,"EU 1 mM, 30 mins",No addition,No addition,Total Pol II F12,Goat anti-mouse Alexa647,4338,157.2129252486742,1564.9218077474893,250128_ARMC5mAC_TotalPolII
120,I03,460.4242178608259,330.19153735545484,449.3052198857117,1679.6651685393258,HCT116 OsTIRF74G,"EU 1 mM, 30 mins",No addition,No addition,Total Pol II F12,Goat anti-mouse Alexa647,4005,155.25150527199148,1579.2792275574113,250128_ARMC5mAC_TotalPolII
121,I04,599.5156301476923,390.84166185998765,571.9667100014555,1353.5250720461095,HCT116 OsTIRF74G ARMC5mAC Clone 5A1,"EU 1 mM, 30 mins",Vehicle,72,Total Pol II F12,Goat anti-mouse Alexa647,1735,166.37449190979552,1262.2751004016063,250128_ARMC5mAC_TotalPolII
122,I05,544.1326223930807,393.65514697795726,542.1208060449646,1416.262962962963,HCT116 OsTIRF74G ARMC5mAC Clone 5F9,"EU 1 mM, 30 mins",Vehicle,72,Total Pol II F12,Goat anti-mouse Alexa647,1890,179.3865315967827,1317.3102040816327,250128_ARMC5mAC_TotalPolII
123,I06,455.4592000341372,328.9601310272529,457.5357026730286,1624.2490502321655,HCT116 OsTIRF74G,"EU 1 mM, 30 mins",Vehicle,72,Total Pol II F12,Goat anti-mouse Alexa647,4738,156.46721377175092,1522.703369301916,250128_ARMC5mAC_TotalPolII
124,I07,899.2719733221394,334.1386616818049,526.1541485807066,1484.2029411764706,HCT116 OsTIRF74G ARMC5mAC Clone 5A1,"EU 1 mM, 30 mins",10 µM 5PhIAA,72,Total Pol II F12,Goat anti-mouse Alexa647,1700,159.15966231568953,1408.0108211330362,250128_ARMC5mAC_TotalPolII
125,I08,760.7678826126491,334.7902382368011,523.3437651374599,1508.2703432317778,HCT116 OsTIRF74G ARMC5mAC Clone 5F9,"EU 1 mM, 30 mins",10 µM 5PhIAA,72,Total Pol II F12,Goat anti-mouse Alexa647,2593,156.63791980660542,1399.4344262295083,250128_ARMC5mAC_TotalPolII
126,I09,449.4006070521111,329.38643285524836,467.21933611261977,1638.934596958967,HCT116 OsTIRF74G,"EU 1 mM, 30 mins",10 µM 5PhIAA,72,Total Pol II F12,Goat anti-mouse Alexa647,4801,155.45398963519372,1540.0624587640202,250128_ARMC5mAC_TotalPolII
127,I10,885.6241724041558,336.50900789411924,530.0344402120132,1572.051130247578,HCT116 OsTIRF74G ARMC5mAC Clone 5A1,"EU 1 mM, 30 mins",10 µM 5PhIAA,72,Total Pol II F12,Goat anti-mouse Alexa647,1858,160.29482348865474,1480.6194739787354,250128_ARMC5mAC_TotalPolII
128,I11,758.883126258525,341.4578774634516,545.0876204511621,1478.5631343889565,HCT116 OsTIRF74G ARMC5mAC Clone 5F9,"EU 1 mM, 30 mins",10 µM 5PhIAA,72,Total Pol II F12,Goat anti-mouse Alexa647,2463,156.502242104191,1344.7868181818183,250128_ARMC5mAC_TotalPolII
129,I12,455.73462591708017,340.7614207618566,477.41846409956173,1658.8386754404585,HCT116 OsTIRF74G,"EU 1 mM, 30 mins",10 µM 5PhIAA,72,Total Pol II F12,Goat anti-mouse Alexa647,4711,151.6067920340191,1552.5404604513335,250128_ARMC5mAC_TotalPolII
130,I13,544.3230231070012,399.77474367656157,581.5134244106008,1437.872043918919,HCT116 OsTIRF74G ARMC5mAC Clone 5A1,"EU 1 mM, 30 mins",Vehicle,72,Total Pol II F12,Goat anti-mouse Alexa647,2368,159.08041169317588,1334.1802982376864,250128_ARMC5mAC_TotalPolII
131,I14,518.7605736047022,401.8893571565516,578.2434551735578,1425.4291497975707,HCT116 OsTIRF74G ARMC5mAC Clone 5F9,"EU 1 mM, 30 mins",Vehicle,72,Total Pol II F12,Goat anti-mouse Alexa647,2470,155.14131941488222,1329.703829787234,250128_ARMC5mAC_TotalPolII
132,I15,435.70764791650527,333.9490227698608,472.42753865902546,1669.7891917074307,HCT116 OsTIRF74G,"EU 1 mM, 30 mins",Vehicle,72,Total Pol II F12,Goat anti-mouse Alexa647,4293,155.0474798747742,1581.0545103714423,250128_ARMC5mAC_TotalPolII
133,I16,854.1793258688816,337.1819134539753,544.9357105184799,1479.9753086419753,HCT116 OsTIRF74G ARMC5mAC Clone 5A1,"EU 1 mM, 30 mins",10 µM 5PhIAA,72,Total Pol II F12,Goat anti-mouse Alexa647,1782,156.8091198368545,1392.5308083663087,250128_ARMC5mAC_TotalPolII
134,I17,739.8963767006354,336.7023527651287,530.2439323139619,1510.5213449187759,HCT116 OsTIRF74G ARMC5mAC Clone 5F9,"EU 1 mM, 30 mins",10 µM 5PhIAA,72,Total Pol II F12,Goat anti-mouse Alexa647,2647,153.47843904640465,1422.0726141078837,250128_ARMC5mAC_TotalPolII
135,I18,434.0974264770022,332.13603137482477,474.4782363937224,1650.665732305536,HCT116 OsTIRF74G,"EU 1 mM, 30 mins",10 µM 5PhIAA,72,Total Pol II F12,Goat anti-mouse Alexa647,4281,152.87368767603857,1560.0340519353258,250128_ARMC5mAC_TotalPolII
136,I19,531.4987860818933,387.9071929960078,551.566284374972,1399.8821887213846,HCT116 OsTIRF74G ARMC5mAC Clone 5A1,"EU 1 mM, 30 mins",Vehicle,72,Total Pol II F12,Goat anti-mouse Alexa647,1791,160.92996428062168,1291.9937733499378,250128_ARMC5mAC_TotalPolII
137,I20,501.1911429269216,397.71690669125553,549.8106808139481,1450.6704599336178,HCT116 OsTIRF74G ARMC5mAC Clone 5F9,"EU 1 mM, 30 mins",Vehicle,72,Total Pol II F12,Goat anti-mouse Alexa647,2109,157.43391170826823,1345.64542651593,250128_ARMC5mAC_TotalPolII
138,I21,447.7503936548443,332.08056328560605,478.0310944667254,1673.797119215446,HCT116 OsTIRF74G,"EU 1 mM, 30 mins",Vehicle,72,Total Pol II F12,Goat anti-mouse Alexa647,3263,153.81465321997285,1579.2271459559963,250128_ARMC5mAC_TotalPolII
139,I22,438.4069753412279,332.26628044368914,459.2949873556817,1641.486406214302,HCT116 OsTIRF74G,"EU 1 mM, 30 mins",No addition,No addition,Total Pol II F12,Goat anti-mouse Alexa647,4377,154.45391772149387,1546.1800643086817,250128_ARMC5mAC_TotalPolII
140,J03,443.39551189882036,329.1022794832442,450.2832634828247,1739.0995681991365,HCT116 OsTIRF74G,"EU 1 mM, 30 mins",No addition,No addition,Total Pol II F12,Goat anti-mouse Alexa647,3937,153.49749133380246,1636.8534126163393,250128_ARMC5mAC_TotalPolII
141,J04,792.5991209894635,331.10607767841475,511.09482390489825,1525.2446808510638,HCT116 OsTIRF74G ARMC5mAC Clone 5A1,"EU 1 mM, 30 mins",10 µM 5PhIAA,48,Total Pol II F12,Goat anti-mouse Alexa647,2256,171.27734132770922,1438.388731060606,250128_ARMC5mAC_TotalPolII
142,J05,771.5055595695541,334.6242502307215,526.0966561142479,1479.2670744138634,HCT116 OsTIRF74G ARMC5mAC Clone 5F9,"EU 1 mM, 30 mins",10 µM 5PhIAA,48,Total Pol II F12,Goat anti-mouse Alexa647,1962,160.94348142239528,1374.5200880572372,250128_ARMC5mAC_TotalPolII
143,J06,446.10156262813763,328.17098764449497,466.98464714866014,1659.9653727393031,HCT116 OsTIRF74G,"EU 1 mM, 30 mins",10 µM 5PhIAA,48,Total Pol II F12,Goat anti-mouse Alexa647,4534,158.79832337134394,1543.8301973382286,250128_ARMC5mAC_TotalPolII
144,J07,537.8716203466051,384.53926896005424,522.9381359165144,1445.1951886276654,HCT116 OsTIRF74G ARMC5mAC Clone 5A1,"EU 1 mM, 30 mins",Vehicle,48,Total Pol II F12,Goat anti-mouse Alexa647,1829,160.4615652728966,1370.2130484988452,250128_ARMC5mAC_TotalPolII
145,J08,531.6866683012279,391.6529749134901,544.57031009959,1451.7398130841123,HCT116 OsTIRF74G ARMC5mAC Clone 5F9,"EU 1 mM, 30 mins",Vehicle,48,Total Pol II F12,Goat anti-mouse Alexa647,2675,158.41085247384748,1343.0219734660034,250128_ARMC5mAC_TotalPolII
146,J09,463.7674199717273,332.1584995595772,482.6304202068832,1615.3891604675878,HCT116 OsTIRF74G,"EU 1 mM, 30 mins",Vehicle,48,Total Pol II F12,Goat anti-mouse Alexa647,4705,154.29855401104203,1505.121683841263,250128_ARMC5mAC_TotalPolII
147,J10,826.34763228646,337.76080296278803,538.4668845855094,1492.1310413552567,HCT116 OsTIRF74G ARMC5mAC Clone 5A1,"EU 1 mM, 30 mins",10 µM 5PhIAA,48,Total Pol II F12,Goat anti-mouse Alexa647,2007,160.71303484871694,1386.234439834025,250128_ARMC5mAC_TotalPolII
148,J11,757.9277129893237,347.5367184834658,549.8508425103304,1439.3278404163052,HCT116 OsTIRF74G ARMC5mAC Clone 5F9,"EU 1 mM, 30 mins",10 µM 5PhIAA,48,Total Pol II F12,Goat anti-mouse Alexa647,2306,156.36700833026208,1328.7067395264116,250128_ARMC5mAC_TotalPolII
149,J12,460.4261296695716,340.50246688675145,476.8316716989767,1634.6016949152543,HCT116 OsTIRF74G,"EU 1 mM, 30 mins",10 µM 5PhIAA,48,Total Pol II F12,Goat anti-mouse Alexa647,4484,157.1109208660962,1547.0718879191547,250128_ARMC5mAC_TotalPolII
150,J13,541.8201489837539,399.5428366193528,552.8688515796715,1416.5063492063491,HCT116 OsTIRF74G ARMC5mAC Clone 5A1,"EU 1 mM, 30 mins",Vehicle,48,Total Pol II F12,Goat anti-mouse Alexa647,2520,160.6044299832846,1338.9123232323232,250128_ARMC5mAC_TotalPolII
151,J14,542.1085322239487,404.42978044787975,568.7023180327799,1392.7985148514852,HCT116 OsTIRF74G ARMC5mAC Clone 5F9,"EU 1 mM, 30 mins",Vehicle,48,Total Pol II F12,Goat anti-mouse Alexa647,2020,156.6560229105814,1316.9872549019608,250128_ARMC5mAC_TotalPolII
152,J15,435.54079866520345,336.33309432060014,452.3605047001821,1669.718045112782,HCT116 OsTIRF74G,"EU 1 mM, 30 mins",Vehicle,48,Total Pol II F12,Goat anti-mouse Alexa647,3990,153.2898598542977,1585.6238926853962,250128_ARMC5mAC_TotalPolII
153,J16,838.9224286768257,342.2345830738904,536.182756885841,1439.5727798213347,HCT116 OsTIRF74G ARMC5mAC Clone 5A1,"EU 1 mM, 30 mins",10 µM 5PhIAA,48,Total Pol II F12,Goat anti-mouse Alexa647,1903,161.7524894380592,1369.7156231714453,250128_ARMC5mAC_TotalPolII
154,J17,728.2842222060949,339.74089854077863,524.2414645226472,1446.5501858736059,HCT116 OsTIRF74G ARMC5mAC Clone 5F9,"EU 1 mM, 30 mins",10 µM 5PhIAA,48,Total Pol II F12,Goat anti-mouse Alexa647,2421,157.0528247555085,1315.9132093466858,250128_ARMC5mAC_TotalPolII
155,J18,381.8365858905041,332.7798628708874,430.11525968643014,1900.836629145117,HCT116 OsTIRF74G,"EU 1 mM, 30 mins",10 µM 5PhIAA,48,Total Pol II F12,Goat anti-mouse Alexa647,3287,153.911536187601,1871.2909987669543,250128_ARMC5mAC_TotalPolII
156,J19,523.5388083992102,394.36816411852016,548.1008241703938,1402.623263888889,HCT116 OsTIRF74G ARMC5mAC Clone 5A1,"EU 1 mM, 30 mins",Vehicle,48,Total Pol II F12,Goat anti-mouse Alexa647,1728,161.87208636426277,1326.7118644067796,250128_ARMC5mAC_TotalPolII
157,J20,497.85699794415405,400.47729577733116,548.9043402306768,1408.5579126007638,HCT116 OsTIRF74G ARMC5mAC Clone 5F9,"EU 1 mM, 30 mins",Vehicle,48,Total Pol II F12,Goat anti-mouse Alexa647,2357,157.67912338445873,1315.5848007414272,250128_ARMC5mAC_TotalPolII
158,J21,438.2941192834924,334.04286550645475,467.88916063573384,1658.7246460560532,HCT116 OsTIRF74G,"EU 1 mM, 30 mins",Vehicle,48,Total Pol II F12,Goat anti-mouse Alexa647,3461,154.10129592886548,1559.4631983446645,250128_ARMC5mAC_TotalPolII
159,J22,433.11653560863283,334.14366523892625,458.2150500606222,1636.2429107589658,HCT116 OsTIRF74G,"EU 1 mM, 30 mins",No addition,No addition,Total Pol II F12,Goat anti-mouse Alexa647,4796,156.36076736022494,1552.3414364640885,250128_ARMC5mAC_TotalPolII
160,K03,455.82205038292614,328.4186301635456,449.6540544667321,1630.246492985972,HCT116 OsTIRF74G,"EU 1 mM, 30 mins",No addition,No addition,Total Pol II F12,Goat anti-mouse Alexa647,3992,156.5060563465446,1557.3598189590143,250128_ARMC5mAC_TotalPolII
161,K04,819.8787631664429,333.88630802098874,547.5182663750913,1392.8722466960353,HCT116 OsTIRF74G ARMC5mAC Clone 5A1,"EU 1 mM, 30 mins",10 µM 5PhIAA,24,Total Pol II F12,Goat anti-mouse Alexa647,1362,164.42734042557677,1365.6721056721058,250128_ARMC5mAC_TotalPolII
162,K05,737.1095793296878,333.7590645896219,547.5747875441823,1389.7993645029505,HCT116 OsTIRF74G ARMC5mAC Clone 5F9,"EU 1 mM, 30 mins",10 µM 5PhIAA,24,Total Pol II F12,Goat anti-mouse Alexa647,2203,161.8810527203525,1327.0272865083375,250128_ARMC5mAC_TotalPolII
163,K06,454.5684966405047,329.968104204843,441.6226541058277,1636.7845589821004,HCT116 OsTIRF74G,"EU 1 mM, 30 mins",10 µM 5PhIAA,24,Total Pol II F12,Goat anti-mouse Alexa647,4637,159.89024608085398,1513.97657425317,250128_ARMC5mAC_TotalPolII
164,K07,626.8296823114414,348.5880983411901,556.1041274003736,1334.032217308907,HCT116 OsTIRF74G ARMC5mAC Clone 5A1,"EU 1 mM, 30 mins",Vehicle,24,Total Pol II F12,Goat anti-mouse Alexa647,1583,163.74913892605122,1265.5983827493262,250128_ARMC5mAC_TotalPolII
165,K08,514.6598051898948,414.17515647457776,543.5618039658269,1411.410105757932,HCT116 OsTIRF74G ARMC5mAC Clone 5F9,"EU 1 mM, 30 mins",Vehicle,24,Total Pol II F12,Goat anti-mouse Alexa647,2553,159.22215735390122,1295.5331040412725,250128_ARMC5mAC_TotalPolII
166,K09,455.3164818137036,334.37990518624895,469.86010417912195,1643.1829108391607,HCT116 OsTIRF74G,"EU 1 mM, 30 mins",Vehicle,24,Total Pol II F12,Goat anti-mouse Alexa647,4576,152.42551317975827,1537.1890833717182,250128_ARMC5mAC_TotalPolII
167,K10,773.7131792789127,339.3214016690894,536.4392969204916,1413.3968620212274,HCT116 OsTIRF74G ARMC5mAC Clone 5A1,"EU 1 mM, 30 mins",10 µM 5PhIAA,24,Total Pol II F12,Goat anti-mouse Alexa647,2167,163.23179544233884,1316.6511397423192,250128_ARMC5mAC_TotalPolII
168,K11,677.4944550492114,346.43907574946235,528.3332803850726,1449.9746609564597,HCT116 OsTIRF74G ARMC5mAC Clone 5F9,"EU 1 mM, 30 mins",10 µM 5PhIAA,24,Total Pol II F12,Goat anti-mouse Alexa647,2802,155.00533120027464,1336.766752105456,250128_ARMC5mAC_TotalPolII
169,K12,441.6792566075545,341.07871904867824,472.785266476763,1654.0590697674418,HCT116 OsTIRF74G,"EU 1 mM, 30 mins",10 µM 5PhIAA,24,Total Pol II F12,Goat anti-mouse Alexa647,4300,152.4898711128908,1559.5084496693607,250128_ARMC5mAC_TotalPolII
170,K13,550.4507490002575,424.10329751255676,571.2329413934784,1358.3248820754718,HCT116 OsTIRF74G ARMC5mAC Clone 5A1,"EU 1 mM, 30 mins",Vehicle,24,Total Pol II F12,Goat anti-mouse Alexa647,1696,160.44416752366084,1281.3722842043453,250128_ARMC5mAC_TotalPolII
171,K14,508.6699070680758,414.5379742299864,540.9875067753684,1397.9384761003312,HCT116 OsTIRF74G ARMC5mAC Clone 5F9,"EU 1 mM, 30 mins",Vehicle,24,Total Pol II F12,Goat anti-mouse Alexa647,2113,157.00564383670851,1288.1838516093835,250128_ARMC5mAC_TotalPolII
172,K15,428.86600976296074,337.8484931444288,457.8878524714932,1616.2339111849917,HCT116 OsTIRF74G,"EU 1 mM, 30 mins",Vehicle,24,Total Pol II F12,Goat anti-mouse Alexa647,4211,151.94243526301966,1512.1697451484686,250128_ARMC5mAC_TotalPolII
173,K16,723.1413971741707,344.54299168414633,540.7051668473568,1502.979020979021,HCT116 OsTIRF74G ARMC5mAC Clone 5A1,"EU 1 mM, 30 mins",10 µM 5PhIAA,24,Total Pol II F12,Goat anti-mouse Alexa647,2002,160.6552352357791,1427.0434782608695,250128_ARMC5mAC_TotalPolII
174,K17,653.5657449639542,342.16242998962593,542.7346096817031,1430.5273010920437,HCT116 OsTIRF74G ARMC5mAC Clone 5F9,"EU 1 mM, 30 mins",10 µM 5PhIAA,24,Total Pol II F12,Goat anti-mouse Alexa647,2564,158.07157130784458,1336.5188679245282,250128_ARMC5mAC_TotalPolII
175,K18,431.1489448502392,335.443989539171,453.5987336215339,1639.6987896780088,HCT116 OsTIRF74G,"EU 1 mM, 30 mins",10 µM 5PhIAA,24,Total Pol II F12,Goat anti-mouse Alexa647,4379,158.65617820297507,1533.451923076923,250128_ARMC5mAC_TotalPolII
176,K19,493.93326925842257,412.06613973058285,541.1193011680364,1418.6226030191758,HCT116 OsTIRF74G ARMC5mAC Clone 5A1,"EU 1 mM, 30 mins",Vehicle,24,Total Pol II F12,Goat anti-mouse Alexa647,2451,163.09359946294907,1320.9472507822977,250128_ARMC5mAC_TotalPolII
177,K20,506.0426996416533,424.08689202149174,551.102826363554,1364.5754005655042,HCT116 OsTIRF74G ARMC5mAC Clone 5F9,"EU 1 mM, 30 mins",Vehicle,24,Total Pol II F12,Goat anti-mouse Alexa647,2122,161.40527608960804,1243.3601236476043,250128_ARMC5mAC_TotalPolII
178,K21,449.78908837387644,335.2935694372523,474.33784303566875,1632.3508889634352,HCT116 OsTIRF74G,"EU 1 mM, 30 mins",Vehicle,24,Total Pol II F12,Goat anti-mouse Alexa647,2981,157.5358407048931,1507.3431205189484,250128_ARMC5mAC_TotalPolII
179,K22,402.21165835506974,331.8588664744214,440.8400992106972,1662.2315041101976,HCT116 OsTIRF74G,"EU 1 mM, 30 mins",No addition,No addition,Total Pol II F12,Goat anti-mouse Alexa647,4501,151.24877685531007,1594.4045475011255,250128_ARMC5mAC_TotalPolII
180,L03,458.0331902508544,328.8756332949728,462.79131033932015,1662.491715085001,HCT116 OsTIRF74G,"EU 1 mM, 30 mins",No addition,No addition,Total Pol II F12,Goat anti-mouse Alexa647,4647,156.6815697155849,1539.4150464919696,250128_ARMC5mAC_TotalPolII
181,L04,744.5711832584847,333.31480466612186,573.608211442451,1371.7154416722858,HCT116 OsTIRF74G ARMC5mAC Clone 5A1,"EU 1 mM, 30 mins",10 µM 5PhIAA,8,Total Pol II F12,Goat anti-mouse Alexa647,1483,167.41929639037585,1308.56,250128_ARMC5mAC_TotalPolII
182,L05,718.796120178438,335.3255361240895,547.3111587342167,1380.8473951129554,HCT116 OsTIRF74G ARMC5mAC Clone 5F9,"EU 1 mM, 30 mins",10 µM 5PhIAA,8,Total Pol II F12,Goat anti-mouse Alexa647,2169,168.27523538987762,1285.4601293103449,250128_ARMC5mAC_TotalPolII
183,L06,461.2356149921072,328.81255862321643,441.4554665996776,1659.3212318477717,HCT116 OsTIRF74G,"EU 1 mM, 30 mins",10 µM 5PhIAA,8,Total Pol II F12,Goat anti-mouse Alexa647,3994,158.8400890321814,1577.2019931939717,250128_ARMC5mAC_TotalPolII
184,L07,544.285992181856,407.8295616936734,521.0894636532918,1430.2526720820863,HCT116 OsTIRF74G ARMC5mAC Clone 5A1,"EU 1 mM, 30 mins",Vehicle,8,Total Pol II F12,Goat anti-mouse Alexa647,2339,162.09496024747523,1370.7303271441203,250128_ARMC5mAC_TotalPolII
185,L08,534.6320547395866,412.11817598190106,522.9685455897023,1404.581047381546,HCT116 OsTIRF74G ARMC5mAC Clone 5F9,"EU 1 mM, 30 mins",Vehicle,8,Total Pol II F12,Goat anti-mouse Alexa647,2005,157.39487281866434,1294.303937881309,250128_ARMC5mAC_TotalPolII
186,L09,476.12917696363223,333.0162074752742,471.0755643498146,1597.0221118012423,HCT116 OsTIRF74G,"EU 1 mM, 30 mins",Vehicle,8,Total Pol II F12,Goat anti-mouse Alexa647,4025,154.46394456201932,1486.6650683289379,250128_ARMC5mAC_TotalPolII
187,L10,764.3013375718341,340.0381343924112,554.8854734351991,1371.972566949706,HCT116 OsTIRF74G ARMC5mAC Clone 5A1,"EU 1 mM, 30 mins",10 µM 5PhIAA,8,Total Pol II F12,Goat anti-mouse Alexa647,1531,165.13939186504956,1282.091033538672,250128_ARMC5mAC_TotalPolII
188,L11,680.6957985851183,342.9098669941411,551.9580682979791,1361.6741095162147,HCT116 OsTIRF74G ARMC5mAC Clone 5F9,"EU 1 mM, 30 mins",10 µM 5PhIAA,8,Total Pol II F12,Goat anti-mouse Alexa647,1881,158.1700361483858,1268.1283547257876,250128_ARMC5mAC_TotalPolII
189,L12,457.58330632511695,338.02075887287106,467.1964539249145,1659.8191636665745,HCT116 OsTIRF74G,"EU 1 mM, 30 mins",10 µM 5PhIAA,8,Total Pol II F12,Goat anti-mouse Alexa647,3611,155.2070795154246,1570.9441201000834,250128_ARMC5mAC_TotalPolII
190,L13,537.7072690153518,416.58004516538097,553.5531951505034,1460.6836786255685,HCT116 OsTIRF74G ARMC5mAC Clone 5A1,"EU 1 mM, 30 mins",Vehicle,8,Total Pol II F12,Goat anti-mouse Alexa647,1979,162.02544065797665,1354.111607142857,250128_ARMC5mAC_TotalPolII
191,L14,546.590334406251,423.16423822146055,553.2473788766735,1390.4819347319346,HCT116 OsTIRF74G ARMC5mAC Clone 5F9,"EU 1 mM, 30 mins",Vehicle,8,Total Pol II F12,Goat anti-mouse Alexa647,1716,155.6598953653233,1304.9712609970675,250128_ARMC5mAC_TotalPolII
192,L15,435.7475092254615,335.6558369536152,475.57561718628665,1590.2785911309145,HCT116 OsTIRF74G,"EU 1 mM, 30 mins",Vehicle,8,Total Pol II F12,Goat anti-mouse Alexa647,4713,154.98159920124945,1497.3269433326311,250128_ARMC5mAC_TotalPolII
193,L16,707.1732445870625,341.65040405288187,556.732081354285,1399.567270730368,HCT116 OsTIRF74G ARMC5mAC Clone 5A1,"EU 1 mM, 30 mins",10 µM 5PhIAA,8,Total Pol II F12,Goat anti-mouse Alexa647,1821,164.25892592604455,1317.5032295948326,250128_ARMC5mAC_TotalPolII
194,L17,645.0772125857454,345.29376816433984,563.0676403848285,1406.4024096385542,HCT116 OsTIRF74G ARMC5mAC Clone 5F9,"EU 1 mM, 30 mins",10 µM 5PhIAA,8,Total Pol II F12,Goat anti-mouse Alexa647,2075,158.98999734635063,1319.3989283974672,250128_ARMC5mAC_TotalPolII
195,L18,457.18479045459037,338.46389647439685,464.0535329021844,1669.2748554913294,HCT116 OsTIRF74G,"EU 1 mM, 30 mins",10 µM 5PhIAA,8,Total Pol II F12,Goat anti-mouse Alexa647,3460,153.22969083694193,1554.6908773968623,250128_ARMC5mAC_TotalPolII
196,L19,509.7998890821919,415.3178684953806,559.3821898784215,1419.272838002436,HCT116 OsTIRF74G ARMC5mAC Clone 5A1,"EU 1 mM, 30 mins",Vehicle,8,Total Pol II F12,Goat anti-mouse Alexa647,1642,159.6518749347178,1340.75,250128_ARMC5mAC_TotalPolII
197,L20,509.24702162196945,418.6265253834214,555.4297719462245,1375.1762962962962,HCT116 OsTIRF74G ARMC5mAC Clone 5F9,"EU 1 mM, 30 mins",Vehicle,8,Total Pol II F12,Goat anti-mouse Alexa647,2025,160.4650418555311,1254.6467203682394,250128_ARMC5mAC_TotalPolII
198,L21,432.3481761763185,332.90872069181944,464.827274761278,1665.3793911007026,HCT116 OsTIRF74G,"EU 1 mM, 30 mins",Vehicle,8,Total Pol II F12,Goat anti-mouse Alexa647,3416,155.67314901479122,1558.6521739130435,250128_ARMC5mAC_TotalPolII
199,L22,429.1326881879742,330.8565580891089,448.83825655892343,1638.0036047497879,HCT116 OsTIRF74G,"EU 1 mM, 30 mins",No addition,No addition,Total Pol II F12,Goat anti-mouse Alexa647,4716,154.56682597867632,1545.7623655913978,250128_ARMC5mAC_TotalPolII
200,M03,470.4242262149923,331.90631083890395,453.195366645115,1676.919839205486,HCT116 OsTIRF74G,"EU 1 mM, 30 mins",No addition,No addition,Total Pol II F12,Goat anti-mouse Alexa647,4229,153.51286902519567,1563.8695949021392,250128_ARMC5mAC_TotalPolII
201,M04,695.727738383134,336.67385529694985,552.5280119450892,1358.4010695187167,HCT116 OsTIRF74G ARMC5mAC Clone 5A1,"EU 1 mM, 30 mins",10 µM 5PhIAA,2,Total Pol II F12,Goat anti-mouse Alexa647,1122,165.87069904008393,1296.2556634304208,250128_ARMC5mAC_TotalPolII
202,M05,623.627170803951,339.5677998631318,535.7512183798922,1439.117178158629,HCT116 OsTIRF74G ARMC5mAC Clone 5F9,"EU 1 mM, 30 mins",10 µM 5PhIAA,2,Total Pol II F12,Goat anti-mouse Alexa647,2509,157.4383980350646,1319.1416739319966,250128_ARMC5mAC_TotalPolII
203,M06,464.2790477188438,329.6557968929325,424.94220136242217,1686.5686382393399,HCT116 OsTIRF74G,"EU 1 mM, 30 mins",10 µM 5PhIAA,2,Total Pol II F12,Goat anti-mouse Alexa647,3635,155.06425474565413,1622.7083914134373,250128_ARMC5mAC_TotalPolII
204,M07,596.4837544806709,409.30264764839103,535.7362427144725,1421.9435637285985,HCT116 OsTIRF74G ARMC5mAC Clone 5A1,"EU 1 mM, 30 mins",Vehicle,2,Total Pol II F12,Goat anti-mouse Alexa647,1577,159.17826789849883,1332.074433656958,250128_ARMC5mAC_TotalPolII
205,M08,590.538030565986,412.8257565737504,521.1660953500917,1417.2310660877954,HCT116 OsTIRF74G ARMC5mAC Clone 5F9,"EU 1 mM, 30 mins",Vehicle,2,Total Pol II F12,Goat anti-mouse Alexa647,2073,156.97429554273506,1308.0279162512463,250128_ARMC5mAC_TotalPolII
206,M09,490.68923335395743,333.6773966787483,464.5671345749492,1712.4318514899853,HCT116 OsTIRF74G,"EU 1 mM, 30 mins",Vehicle,2,Total Pol II F12,Goat anti-mouse Alexa647,4094,151.75514114489982,1595.2516222062004,250128_ARMC5mAC_TotalPolII
207,M10,635.3925829232876,344.08166991819456,514.1704794198905,1359.589638718473,HCT116 OsTIRF74G ARMC5mAC Clone 5A1,"EU 1 mM, 30 mins",10 µM 5PhIAA,2,Total Pol II F12,Goat anti-mouse Alexa647,1467,157.71085382366854,1300.7855641205326,250128_ARMC5mAC_TotalPolII
208,M11,644.1660923026631,350.23417876003055,548.782093574422,1448.2363199037884,HCT116 OsTIRF74G ARMC5mAC Clone 5F9,"EU 1 mM, 30 mins",10 µM 5PhIAA,2,Total Pol II F12,Goat anti-mouse Alexa647,1663,154.28179364034895,1299.1969309462916,250128_ARMC5mAC_TotalPolII
209,M12,466.3541560284223,341.90611517249135,409.2046441823263,1736.0992496589358,HCT116 OsTIRF74G,"EU 1 mM, 30 mins",10 µM 5PhIAA,2,Total Pol II F12,Goat anti-mouse Alexa647,2932,149.49859017742912,1624.954811443433,250128_ARMC5mAC_TotalPolII
210,M13,606.001661191945,409.99346546349835,583.2933373553349,1343.5408759124089,HCT116 OsTIRF74G ARMC5mAC Clone 5A1,"EU 1 mM, 30 mins",Vehicle,2,Total Pol II F12,Goat anti-mouse Alexa647,1370,156.44802826108648,1296.4360679970437,250128_ARMC5mAC_TotalPolII
211,M14,543.7581067945787,422.25196535127776,510.57945125290075,1403.6443176414646,HCT116 OsTIRF74G ARMC5mAC Clone 5F9,"EU 1 mM, 30 mins",Vehicle,2,Total Pol II F12,Goat anti-mouse Alexa647,2103,151.92121251882241,1294.7066961815162,250128_ARMC5mAC_TotalPolII
212,M15,475.15803006262485,340.95642142344855,481.97604976926084,1603.275117836765,HCT116 OsTIRF74G,"EU 1 mM, 30 mins",Vehicle,2,Total Pol II F12,Goat anti-mouse Alexa647,4031,149.69526489273008,1502.6200103680665,250128_ARMC5mAC_TotalPolII
213,M16,641.7087470723021,352.71719024511606,525.6842400077282,1404.3553664921467,HCT116 OsTIRF74G ARMC5mAC Clone 5A1,"EU 1 mM, 30 mins",10 µM 5PhIAA,2,Total Pol II F12,Goat anti-mouse Alexa647,1528,158.8511903536609,1331.8665401644528,250128_ARMC5mAC_TotalPolII
214,M17,581.9813087179544,346.51333408769733,557.2256648360469,1410.6490958060792,HCT116 OsTIRF74G ARMC5mAC Clone 5F9,"EU 1 mM, 30 mins",10 µM 5PhIAA,2,Total Pol II F12,Goat anti-mouse Alexa647,2599,156.97846136119858,1330.3493816254418,250128_ARMC5mAC_TotalPolII
215,M18,448.774327693212,340.95217603711126,441.0477563215383,1606.5697529323684,HCT116 OsTIRF74G,"EU 1 mM, 30 mins",10 µM 5PhIAA,2,Total Pol II F12,Goat anti-mouse Alexa647,4007,152.05441651299853,1494.4164171656687,250128_ARMC5mAC_TotalPolII
216,M19,559.6749772978437,423.13887823846176,566.3408415472228,1377.6657159155734,HCT116 OsTIRF74G ARMC5mAC Clone 5A1,"EU 1 mM, 30 mins",Vehicle,2,Total Pol II F12,Goat anti-mouse Alexa647,1753,158.04013938729335,1293.8984651711924,250128_ARMC5mAC_TotalPolII
217,M20,511.59374715709686,418.4282922734126,534.7772874933162,1399.4273166447078,HCT116 OsTIRF74G ARMC5mAC Clone 5F9,"EU 1 mM, 30 mins",Vehicle,2,Total Pol II F12,Goat anti-mouse Alexa647,2277,153.7426712452018,1300.9551312649164,250128_ARMC5mAC_TotalPolII
218,M21,463.00107203050425,337.5918314267187,471.59763896034735,1680.7778606038016,HCT116 OsTIRF74G,"EU 1 mM, 30 mins",Vehicle,2,Total Pol II F12,Goat anti-mouse Alexa647,2683,152.52770150320023,1547.5549410029498,250128_ARMC5mAC_TotalPolII
219,M22,409.9378891700837,335.6539216622558,441.88481970006535,1693.1517904863708,HCT116 OsTIRF74G,"EU 1 mM, 30 mins",No addition,No addition,Total Pol II F12,Goat anti-mouse Alexa647,3742,151.6067482636132,1602.1834981780323,250128_ARMC5mAC_TotalPolII
220,N03,433.75954503857616,329.34446911471196,451.20369856981006,1721.5317589576548,HCT116 OsTIRF74G,No addition,No addition,No addition,Total Pol II F12,Goat anti-mouse Alexa647,3684,132.16520310944418,1615.6054677030286,250128_ARMC5mAC_TotalPolII
221,N04,173.1120445464974,330.25543516668597,457.6381013146683,1635.236976744186,HCT116 OsTIRF74G,No addition,No addition,No addition,No primary,Goat anti-mouse Alexa647,4300,131.16183450190906,1562.6811842427207,250128_ARMC5mAC_TotalPolII
222,N05,435.5161684886319,325.1620656724176,420.28207911822136,1676.5338530066815,HCT116 OsTIRF74G,No addition,No addition,No addition,Total Pol II F12,Goat anti-mouse Alexa647,4490,130.65641386657674,1592.8959591267999,250128_ARMC5mAC_TotalPolII
223,N06,171.52094179457657,324.0517518155139,437.0119931795998,1724.8719619143071,HCT116 OsTIRF74G,No addition,No addition,No addition,No primary,Goat anti-mouse Alexa647,3991,130.54622552375912,1616.5898226676948,250128_ARMC5mAC_TotalPolII
224,N07,453.1749147955503,327.82591068675066,441.03089127579346,1717.5111571198527,HCT116 OsTIRF74G,No addition,No addition,No addition,Total Pol II F12,Goat anti-mouse Alexa647,4347,130.89937708748695,1641.69654199012,250128_ARMC5mAC_TotalPolII
225,N08,171.27758594228575,327.503359399812,437.07425366247014,1673.989832970225,HCT116 OsTIRF74G,No addition,No addition,No addition,No primary,Goat anti-mouse Alexa647,4131,131.10348198407118,1571.4882268140318,250128_ARMC5mAC_TotalPolII
226,N09,447.31856664680356,331.2264836317242,407.3678020120709,1731.9701308318934,HCT116 OsTIRF74G,No addition,No addition,No addition,Total Pol II F12,Goat anti-mouse Alexa647,4051,130.8020511051455,1623.9673063255152,250128_ARMC5mAC_TotalPolII
227,N10,170.65988206712908,331.39445601564086,420.77371546003695,1736.9189258972374,HCT116 OsTIRF74G,No addition,No addition,No addition,No primary,Goat anti-mouse Alexa647,3873,130.77515996284333,1630.72619361646,250128_ARMC5mAC_TotalPolII
228,N11,434.9956595176121,335.7384183949892,427.11950074952534,1710.355898945303,HCT116 OsTIRF74G,No addition,No addition,No addition,Total Pol II F12,Goat anti-mouse Alexa647,4077,131.32491355289423,1595.0513843266071,250128_ARMC5mAC_TotalPolII
229,N12,171.44017664301495,338.2414917880528,424.58810097293014,1730.0430166076776,HCT116 OsTIRF74G,No addition,No addition,No addition,No primary,Goat anti-mouse Alexa647,3673,130.4689616730974,1615.8968707482993,250128_ARMC5mAC_TotalPolII
230,N13,459.33949184086464,341.08719131126486,446.7347309029026,1689.955990842025,HCT116 OsTIRF74G,No addition,No addition,No addition,Total Pol II F12,Goat anti-mouse Alexa647,3931,130.94239750680416,1607.9954186815983,250128_ARMC5mAC_TotalPolII
231,N14,175.98398634153494,339.79590956424744,462.6913709024719,1677.887317412474,HCT116 OsTIRF74G,No addition,No addition,No addition,No primary,Goat anti-mouse Alexa647,4313,131.67243514579798,1592.6372641509433,250128_ARMC5mAC_TotalPolII
232,N15,483.24018348261404,339.89714636052344,470.91142791662367,1703.8372582001682,HCT116 OsTIRF74G,No addition,No addition,No addition,Total Pol II F12,Goat anti-mouse Alexa647,2378,132.11861564520106,1607.8494714587737,250128_ARMC5mAC_TotalPolII
233,N16,177.18442624858034,341.0090196253975,477.55262115772734,1726.8419921175207,HCT116 OsTIRF74G,No addition,No addition,No addition,No primary,Goat anti-mouse Alexa647,2791,131.9536721682684,1623.3832495812396,250128_ARMC5mAC_TotalPolII
234,N17,480.9792342432633,341.85210183091255,497.4286064008185,1681.5329776915617,HCT116 OsTIRF74G,No addition,No addition,No addition,Total Pol II F12,Goat anti-mouse Alexa647,2062,132.73944624592747,1571.5053314789059,250128_ARMC5mAC_TotalPolII
235,N18,178.0498219581411,342.1794933220077,486.6685114357734,1704.3884396525907,HCT116 OsTIRF74G,No addition,No addition,No addition,No primary,Goat anti-mouse Alexa647,3339,131.9504733118765,1621.9086826347304,250128_ARMC5mAC_TotalPolII
236,N19,468.52959273081564,337.6608454713099,500.68752195445893,1663.9840142095916,HCT116 OsTIRF74G,No addition,No addition,No addition,Total Pol II F12,Goat anti-mouse Alexa647,2815,133.07557645076326,1563.6778846153845,250128_ARMC5mAC_TotalPolII
237,N20,177.91145773093237,340.91301527299396,490.2609684942422,1695.2767160161507,HCT116 OsTIRF74G,No addition,No addition,No addition,No primary,Goat anti-mouse Alexa647,3715,132.28664862753243,1589.0364229410166,250128_ARMC5mAC_TotalPolII
238,N21,447.18425869709466,338.1721874908502,457.9975000101515,1738.2981766178048,HCT116 OsTIRF74G,No addition,No addition,No addition,Total Pol II F12,Goat anti-mouse Alexa647,2797,131.72657752477542,1624.4440028901734,250128_ARMC5mAC_TotalPolII
239,N22,180.36167061714787,350.4894649081614,462.090804477606,1734.3210168489506,HCT116 OsTIRF74G,No addition,No addition,No addition,No primary,Goat anti-mouse Alexa647,3383,131.87252586412475,1639.265763111373,250128_ARMC5mAC_TotalPolII
