WELL,CELL,SIRNA,PRIMARY_1,PRIMARY_2,SECONDARY_1,SECONDARY_2
C03,HCT116,No transfection,Total Pol II F12,CDK9,Goat anti-mouse Alexa647,Goat anti-rabbit Alexa488+
C04,HCT116,No transfection,Total Pol II F12,CDK9,Goat anti-mouse Alexa647,Goat anti-rabbit Alexa488+
C05,HCT116,No transfection,Total Pol II F12,CDK9,Goat anti-mouse Alexa647,Goat anti-rabbit Alexa488+
C06,HCT116,No transfection,Total Pol II F12,CDK9,Goat anti-mouse Alexa647,Goat anti-rabbit Alexa488+
C07,HCT116,No transfection,Total Pol II F12,CDK9,Goat anti-mouse Alexa647,Goat anti-rabbit Alexa488+
C08,HCT116,No transfection,Total Pol II F12,CDK9,Goat anti-mouse Alexa647,Goat anti-rabbit Alexa488+
C09,HCT116,No transfection,Total Pol II F12,CDK9,Goat anti-mouse Alexa647,Goat anti-rabbit Alexa488+
C10,HCT116,No transfection,Total Pol II F12,CDK9,Goat anti-mouse Alexa647,Goat anti-rabbit Alexa488+
C11,HCT116,No transfection,Total Pol II F12,CDK9,Goat anti-mouse Alexa647,Goat anti-rabbit Alexa488+
C12,HCT116,No transfection,Total Pol II F12,CDK9,Goat anti-mouse Alexa647,Goat anti-rabbit Alexa488+
C13,HCT116,No transfection,Total Pol II F12,CDK9,Goat anti-mouse Alexa647,Goat anti-rabbit Alexa488+
C14,HCT116,No transfection,Total Pol II F12,CDK9,Goat anti-mouse Alexa647,Goat anti-rabbit Alexa488+
C15,HCT116,No transfection,Total Pol II F12,CDK9,Goat anti-mouse Alexa647,Goat anti-rabbit Alexa488+
C16,HCT116,No transfection,Total Pol II F12,CDK9,Goat anti-mouse Alexa647,Goat anti-rabbit Alexa488+
C17,HCT116,No transfection,Total Pol II F12,CDK9,Goat anti-mouse Alexa647,Goat anti-rabbit Alexa488+
C18,HCT116,No transfection,Total Pol II F12,CDK9,Goat anti-mouse Alexa647,Goat anti-rabbit Alexa488+
C19,HCT116,No transfection,Total Pol II F12,CDK9,Goat anti-mouse Alexa647,Goat anti-rabbit Alexa488+
C20,HCT116,No transfection,Total Pol II F12,CDK9,Goat anti-mouse Alexa647,Goat anti-rabbit Alexa488+
C21,HCT116,No transfection,Total Pol II F12,CDK9,Goat anti-mouse Alexa647,Goat anti-rabbit Alexa488+
C22,HCT116,No transfection,Total Pol II F12,CDK9,Goat anti-mouse Alexa647,Goat anti-rabbit Alexa488+
D03,HCT116,HEXIM1 pool,Total Pol II F12,CDK9,Goat anti-mouse Alexa647,Goat anti-rabbit Alexa488+
D04,HCT116,HEXIM2 pool,Total Pol II F12,CDK9,Goat anti-mouse Alexa647,Goat anti-rabbit Alexa488+
D05,HCT116,LARP7 pool,Total Pol II F12,CDK9,Goat anti-mouse Alexa647,Goat anti-rabbit Alexa488+
D06,HCT116,HEXIM1 pool + HEXIM2 pool,Total Pol II F12,CDK9,Goat anti-mouse Alexa647,Goat anti-rabbit Alexa488+
D07,HCT116,HEXIM2 pool + LARP7 pool,Total Pol II F12,CDK9,Goat anti-mouse Alexa647,Goat anti-rabbit Alexa488+
D08,HCT116,HEXIM1 pool + LARP7 pool,Total Pol II F12,CDK9,Goat anti-mouse Alexa647,Goat anti-rabbit Alexa488+
D09,HCT116,INTS8 pool,Total Pol II F12,CDK9,Goat anti-mouse Alexa647,Goat anti-rabbit Alexa488+
D10,HCT116,SPT5 pool,Total Pol II F12,CDK9,Goat anti-mouse Alexa647,Goat anti-rabbit Alexa488+
D11,HCT116,POLR2B,Total Pol II F12,CDK9,Goat anti-mouse Alexa647,Goat anti-rabbit Alexa488+
D12,HCT116,Scrambled,Total Pol II F12,CDK9,Goat anti-mouse Alexa647,Goat anti-rabbit Alexa488+
D13,HCT116,HEXIM1 #1,Total Pol II F12,CDK9,Goat anti-mouse Alexa647,Goat anti-rabbit Alexa488+
D14,HCT116,HEXIM1 #2,Total Pol II F12,CDK9,Goat anti-mouse Alexa647,Goat anti-rabbit Alexa488+
D15,HCT116,HEXIM1 #3,Total Pol II F12,CDK9,Goat anti-mouse Alexa647,Goat anti-rabbit Alexa488+
D16,HCT116,HEXIM2 #1,Total Pol II F12,CDK9,Goat anti-mouse Alexa647,Goat anti-rabbit Alexa488+
D17,HCT116,HEXIM2 #2,Total Pol II F12,CDK9,Goat anti-mouse Alexa647,Goat anti-rabbit Alexa488+
D18,HCT116,HEXIM2 #3,Total Pol II F12,CDK9,Goat anti-mouse Alexa647,Goat anti-rabbit Alexa488+
D19,HCT116,LARP7 #1,Total Pol II F12,CDK9,Goat anti-mouse Alexa647,Goat anti-rabbit Alexa488+
D20,HCT116,LARP7 #2,Total Pol II F12,CDK9,Goat anti-mouse Alexa647,Goat anti-rabbit Alexa488+
D21,HCT116,LARP7 #3,Total Pol II F12,CDK9,Goat anti-mouse Alexa647,Goat anti-rabbit Alexa488+
D22,HCT116,No transfection,Total Pol II F12,CDK9,Goat anti-mouse Alexa647,Goat anti-rabbit Alexa488+
E03,HCT116,No transfection,Total Pol II F12,CDK9,Goat anti-mouse Alexa647,Goat anti-rabbit Alexa488+
E04,HCT116,HEXIM1 pool,Total Pol II F12,CDK9,Goat anti-mouse Alexa647,Goat anti-rabbit Alexa488+
E05,HCT116,HEXIM2 pool,Total Pol II F12,CDK9,Goat anti-mouse Alexa647,Goat anti-rabbit Alexa488+
E06,HCT116,LARP7 pool,Total Pol II F12,CDK9,Goat anti-mouse Alexa647,Goat anti-rabbit Alexa488+
E07,HCT116,HEXIM1 pool + HEXIM2 pool,Total Pol II F12,CDK9,Goat anti-mouse Alexa647,Goat anti-rabbit Alexa488+
E08,HCT116,HEXIM2 pool + LARP7 pool,Total Pol II F12,CDK9,Goat anti-mouse Alexa647,Goat anti-rabbit Alexa488+
E09,HCT116,HEXIM1 pool + LARP7 pool,Total Pol II F12,CDK9,Goat anti-mouse Alexa647,Goat anti-rabbit Alexa488+
E10,HCT116,INTS8 pool,Total Pol II F12,CDK9,Goat anti-mouse Alexa647,Goat anti-rabbit Alexa488+
E11,HCT116,SPT5 pool,Total Pol II F12,CDK9,Goat anti-mouse Alexa647,Goat anti-rabbit Alexa488+
E12,HCT116,POLR2B,Total Pol II F12,CDK9,Goat anti-mouse Alexa647,Goat anti-rabbit Alexa488+
E13,HCT116,Scrambled,Total Pol II F12,CDK9,Goat anti-mouse Alexa647,Goat anti-rabbit Alexa488+
E14,HCT116,HEXIM1 #1,Total Pol II F12,CDK9,Goat anti-mouse Alexa647,Goat anti-rabbit Alexa488+
E15,HCT116,HEXIM1 #2,Total Pol II F12,CDK9,Goat anti-mouse Alexa647,Goat anti-rabbit Alexa488+
E16,HCT116,HEXIM1 #3,Total Pol II F12,CDK9,Goat anti-mouse Alexa647,Goat anti-rabbit Alexa488+
E17,HCT116,HEXIM2 #1,Total Pol II F12,CDK9,Goat anti-mouse Alexa647,Goat anti-rabbit Alexa488+
E18,HCT116,HEXIM2 #2,Total Pol II F12,CDK9,Goat anti-mouse Alexa647,Goat anti-rabbit Alexa488+
E19,HCT116,HEXIM2 #3,Total Pol II F12,CDK9,Goat anti-mouse Alexa647,Goat anti-rabbit Alexa488+
E20,HCT116,LARP7 #1,Total Pol II F12,CDK9,Goat anti-mouse Alexa647,Goat anti-rabbit Alexa488+
E21,HCT116,LARP7 #2,Total Pol II F12,CDK9,Goat anti-mouse Alexa647,Goat anti-rabbit Alexa488+
E22,HCT116,LARP7 #3,Total Pol II F12,CDK9,Goat anti-mouse Alexa647,Goat anti-rabbit Alexa488+
F03,HCT116,LARP7 #3,Total Pol II F12,CDK9,Goat anti-mouse Alexa647,Goat anti-rabbit Alexa488+
F04,HCT116,No transfection,Total Pol II F12,CDK9,Goat anti-mouse Alexa647,Goat anti-rabbit Alexa488+
F05,HCT116,HEXIM1 pool,Total Pol II F12,CDK9,Goat anti-mouse Alexa647,Goat anti-rabbit Alexa488+
F06,HCT116,HEXIM2 pool,Total Pol II F12,CDK9,Goat anti-mouse Alexa647,Goat anti-rabbit Alexa488+
F07,HCT116,LARP7 pool,Total Pol II F12,CDK9,Goat anti-mouse Alexa647,Goat anti-rabbit Alexa488+
F08,HCT116,HEXIM1 pool + HEXIM2 pool,Total Pol II F12,CDK9,Goat anti-mouse Alexa647,Goat anti-rabbit Alexa488+
F09,HCT116,HEXIM2 pool + LARP7 pool,Total Pol II F12,CDK9,Goat anti-mouse Alexa647,Goat anti-rabbit Alexa488+
F10,HCT116,HEXIM1 pool + LARP7 pool,Total Pol II F12,CDK9,Goat anti-mouse Alexa647,Goat anti-rabbit Alexa488+
F11,HCT116,INTS8 pool,Total Pol II F12,CDK9,Goat anti-mouse Alexa647,Goat anti-rabbit Alexa488+
F12,HCT116,SPT5 pool,Total Pol II F12,CDK9,Goat anti-mouse Alexa647,Goat anti-rabbit Alexa488+
F13,HCT116,POLR2B,Total Pol II F12,CDK9,Goat anti-mouse Alexa647,Goat anti-rabbit Alexa488+
F14,HCT116,Scrambled,Total Pol II F12,CDK9,Goat anti-mouse Alexa647,Goat anti-rabbit Alexa488+
F15,HCT116,HEXIM1 #1,Total Pol II F12,CDK9,Goat anti-mouse Alexa647,Goat anti-rabbit Alexa488+
F16,HCT116,HEXIM1 #2,Total Pol II F12,CDK9,Goat anti-mouse Alexa647,Goat anti-rabbit Alexa488+
F17,HCT116,HEXIM1 #3,Total Pol II F12,CDK9,Goat anti-mouse Alexa647,Goat anti-rabbit Alexa488+
F18,HCT116,HEXIM2 #1,Total Pol II F12,CDK9,Goat anti-mouse Alexa647,Goat anti-rabbit Alexa488+
F19,HCT116,HEXIM2 #2,Total Pol II F12,CDK9,Goat anti-mouse Alexa647,Goat anti-rabbit Alexa488+
F20,HCT116,HEXIM2 #3,Total Pol II F12,CDK9,Goat anti-mouse Alexa647,Goat anti-rabbit Alexa488+
F21,HCT116,LARP7 #1,Total Pol II F12,CDK9,Goat anti-mouse Alexa647,Goat anti-rabbit Alexa488+
F22,HCT116,LARP7 #2,Total Pol II F12,CDK9,Goat anti-mouse Alexa647,Goat anti-rabbit Alexa488+
G03,HCT116,LARP7 #2,Total Pol II F12,CDK9,Goat anti-mouse Alexa647,Goat anti-rabbit Alexa488+
G04,HCT116,LARP7 #3,Total Pol II F12,CDK9,Goat anti-mouse Alexa647,Goat anti-rabbit Alexa488+
G05,HCT116,No transfection,Total Pol II F12,CDK9,Goat anti-mouse Alexa647,Goat anti-rabbit Alexa488+
G06,HCT116,HEXIM1 pool,Total Pol II F12,CDK9,Goat anti-mouse Alexa647,Goat anti-rabbit Alexa488+
G07,HCT116,HEXIM2 pool,Total Pol II F12,CDK9,Goat anti-mouse Alexa647,Goat anti-rabbit Alexa488+
G08,HCT116,LARP7 pool,Total Pol II F12,CDK9,Goat anti-mouse Alexa647,Goat anti-rabbit Alexa488+
G09,HCT116,HEXIM1 pool + HEXIM2 pool,Total Pol II F12,CDK9,Goat anti-mouse Alexa647,Goat anti-rabbit Alexa488+
G10,HCT116,HEXIM2 pool + LARP7 pool,Total Pol II F12,CDK9,Goat anti-mouse Alexa647,Goat anti-rabbit Alexa488+
G11,HCT116,HEXIM1 pool + LARP7 pool,Total Pol II F12,CDK9,Goat anti-mouse Alexa647,Goat anti-rabbit Alexa488+
G12,HCT116,INTS8 pool,Total Pol II F12,CDK9,Goat anti-mouse Alexa647,Goat anti-rabbit Alexa488+
G13,HCT116,SPT5 pool,Total Pol II F12,CDK9,Goat anti-mouse Alexa647,Goat anti-rabbit Alexa488+
G14,HCT116,POLR2B,Total Pol II F12,CDK9,Goat anti-mouse Alexa647,Goat anti-rabbit Alexa488+
G15,HCT116,Scrambled,Total Pol II F12,CDK9,Goat anti-mouse Alexa647,Goat anti-rabbit Alexa488+
G16,HCT116,HEXIM1 #1,Total Pol II F12,CDK9,Goat anti-mouse Alexa647,Goat anti-rabbit Alexa488+
G17,HCT116,HEXIM1 #2,Total Pol II F12,CDK9,Goat anti-mouse Alexa647,Goat anti-rabbit Alexa488+
G18,HCT116,HEXIM1 #3,Total Pol II F12,CDK9,Goat anti-mouse Alexa647,Goat anti-rabbit Alexa488+
G19,HCT116,HEXIM2 #1,Total Pol II F12,CDK9,Goat anti-mouse Alexa647,Goat anti-rabbit Alexa488+
G20,HCT116,HEXIM2 #2,Total Pol II F12,CDK9,Goat anti-mouse Alexa647,Goat anti-rabbit Alexa488+
G21,HCT116,HEXIM2 #3,Total Pol II F12,CDK9,Goat anti-mouse Alexa647,Goat anti-rabbit Alexa488+
G22,HCT116,LARP7 #1,Total Pol II F12,CDK9,Goat anti-mouse Alexa647,Goat anti-rabbit Alexa488+
H03,HCT116,No transfection,Total Pol II F12,CDK9,Goat anti-mouse Alexa647,Goat anti-rabbit Alexa488+
H04,HCT116,No transfection,Total Pol II F12,CDK9,Goat anti-mouse Alexa647,Goat anti-rabbit Alexa488+
H05,HCT116,No transfection,Total Pol II F12,CDK9,Goat anti-mouse Alexa647,Goat anti-rabbit Alexa488+
H06,HCT116,No transfection,Total Pol II F12,CDK9,Goat anti-mouse Alexa647,Goat anti-rabbit Alexa488+
H07,HCT116,No transfection,Total Pol II F12,CDK9,Goat anti-mouse Alexa647,Goat anti-rabbit Alexa488+
H08,HCT116,No transfection,Total Pol II F12,CDK9,Goat anti-mouse Alexa647,Goat anti-rabbit Alexa488+
H09,HCT116,No transfection,Total Pol II F12,CDK9,Goat anti-mouse Alexa647,Goat anti-rabbit Alexa488+
H10,HCT116,No transfection,Total Pol II F12,CDK9,Goat anti-mouse Alexa647,Goat anti-rabbit Alexa488+
H11,HCT116,No transfection,Total Pol II F12,CDK9,Goat anti-mouse Alexa647,Goat anti-rabbit Alexa488+
H12,HCT116,No transfection,Total Pol II F12,CDK9,Goat anti-mouse Alexa647,Goat anti-rabbit Alexa488+
H13,HCT116,No transfection,Total Pol II F12,CDK9,Goat anti-mouse Alexa647,Goat anti-rabbit Alexa488+
H14,HCT116,No transfection,Total Pol II F12,CDK9,Goat anti-mouse Alexa647,Goat anti-rabbit Alexa488+
H15,HCT116,No transfection,Total Pol II F12,CDK9,Goat anti-mouse Alexa647,Goat anti-rabbit Alexa488+
H16,HCT116,No transfection,Total Pol II F12,CDK9,Goat anti-mouse Alexa647,Goat anti-rabbit Alexa488+
H17,HCT116,No transfection,Total Pol II F12,CDK9,Goat anti-mouse Alexa647,Goat anti-rabbit Alexa488+
H18,HCT116,No transfection,Total Pol II F12,CDK9,Goat anti-mouse Alexa647,Goat anti-rabbit Alexa488+
H19,HCT116,No transfection,Total Pol II F12,No primary,Goat anti-mouse Alexa647,Goat anti-rabbit Alexa488+
H20,HCT116,No transfection,No primary,CDK9,Goat anti-mouse Alexa647,Goat anti-rabbit Alexa488+
H21,HCT116,No transfection,Total Pol II F12,No primary,Goat anti-mouse Alexa647,Goat anti-rabbit Alexa488+
H22,HCT116,No transfection,No primary,CDK9,Goat anti-mouse Alexa647,Goat anti-rabbit Alexa488+
I03,HCT116,No transfection,pSer2 3E10,HEXIM1,Goat anti-rat Alexa647,Goat anti-rabbit Alexa488+
I04,HCT116,No transfection,pSer2 3E10,HEXIM1,Goat anti-rat Alexa647,Goat anti-rabbit Alexa488+
I05,HCT116,No transfection,pSer2 3E10,HEXIM1,Goat anti-rat Alexa647,Goat anti-rabbit Alexa488+
I06,HCT116,No transfection,pSer2 3E10,HEXIM1,Goat anti-rat Alexa647,Goat anti-rabbit Alexa488+
I07,HCT116,No transfection,pSer2 3E10,HEXIM1,Goat anti-rat Alexa647,Goat anti-rabbit Alexa488+
I08,HCT116,No transfection,pSer2 3E10,HEXIM1,Goat anti-rat Alexa647,Goat anti-rabbit Alexa488+
I09,HCT116,No transfection,pSer2 3E10,HEXIM1,Goat anti-rat Alexa647,Goat anti-rabbit Alexa488+
I10,HCT116,No transfection,pSer2 3E10,HEXIM1,Goat anti-rat Alexa647,Goat anti-rabbit Alexa488+
I11,HCT116,No transfection,pSer2 3E10,HEXIM1,Goat anti-rat Alexa647,Goat anti-rabbit Alexa488+
I12,HCT116,No transfection,pSer2 3E10,HEXIM1,Goat anti-rat Alexa647,Goat anti-rabbit Alexa488+
I13,HCT116,No transfection,pSer2 3E10,HEXIM1,Goat anti-rat Alexa647,Goat anti-rabbit Alexa488+
I14,HCT116,No transfection,pSer2 3E10,HEXIM1,Goat anti-rat Alexa647,Goat anti-rabbit Alexa488+
I15,HCT116,No transfection,pSer2 3E10,HEXIM1,Goat anti-rat Alexa647,Goat anti-rabbit Alexa488+
I16,HCT116,No transfection,pSer2 3E10,HEXIM1,Goat anti-rat Alexa647,Goat anti-rabbit Alexa488+
I17,HCT116,No transfection,pSer2 3E10,HEXIM1,Goat anti-rat Alexa647,Goat anti-rabbit Alexa488+
I18,HCT116,No transfection,pSer2 3E10,HEXIM1,Goat anti-rat Alexa647,Goat anti-rabbit Alexa488+
I19,HCT116,No transfection,pSer2 3E10,HEXIM1,Goat anti-rat Alexa647,Goat anti-rabbit Alexa488+
I20,HCT116,No transfection,pSer2 3E10,HEXIM1,Goat anti-rat Alexa647,Goat anti-rabbit Alexa488+
I21,HCT116,No transfection,pSer2 3E10,HEXIM1,Goat anti-rat Alexa647,Goat anti-rabbit Alexa488+
I22,HCT116,No transfection,pSer2 3E10,HEXIM1,Goat anti-rat Alexa647,Goat anti-rabbit Alexa488+
J03,HCT116,HEXIM1 pool,pSer2 3E10,HEXIM1,Goat anti-rat Alexa647,Goat anti-rabbit Alexa488+
J04,HCT116,HEXIM2 pool,pSer2 3E10,HEXIM1,Goat anti-rat Alexa647,Goat anti-rabbit Alexa488+
J05,HCT116,LARP7 pool,pSer2 3E10,HEXIM1,Goat anti-rat Alexa647,Goat anti-rabbit Alexa488+
J06,HCT116,HEXIM1 pool + HEXIM2 pool,pSer2 3E10,HEXIM1,Goat anti-rat Alexa647,Goat anti-rabbit Alexa488+
J07,HCT116,HEXIM2 pool + LARP7 pool,pSer2 3E10,HEXIM1,Goat anti-rat Alexa647,Goat anti-rabbit Alexa488+
J08,HCT116,HEXIM1 pool + LARP7 pool,pSer2 3E10,HEXIM1,Goat anti-rat Alexa647,Goat anti-rabbit Alexa488+
J09,HCT116,INTS8 pool,pSer2 3E10,HEXIM1,Goat anti-rat Alexa647,Goat anti-rabbit Alexa488+
J10,HCT116,SPT5 pool,pSer2 3E10,HEXIM1,Goat anti-rat Alexa647,Goat anti-rabbit Alexa488+
J11,HCT116,POLR2B,pSer2 3E10,HEXIM1,Goat anti-rat Alexa647,Goat anti-rabbit Alexa488+
J12,HCT116,Scrambled,pSer2 3E10,HEXIM1,Goat anti-rat Alexa647,Goat anti-rabbit Alexa488+
J13,HCT116,HEXIM1 #1,pSer2 3E10,HEXIM1,Goat anti-rat Alexa647,Goat anti-rabbit Alexa488+
J14,HCT116,HEXIM1 #2,pSer2 3E10,HEXIM1,Goat anti-rat Alexa647,Goat anti-rabbit Alexa488+
J15,HCT116,HEXIM1 #3,pSer2 3E10,HEXIM1,Goat anti-rat Alexa647,Goat anti-rabbit Alexa488+
J16,HCT116,HEXIM2 #1,pSer2 3E10,HEXIM1,Goat anti-rat Alexa647,Goat anti-rabbit Alexa488+
J17,HCT116,HEXIM2 #2,pSer2 3E10,HEXIM1,Goat anti-rat Alexa647,Goat anti-rabbit Alexa488+
J18,HCT116,HEXIM2 #3,pSer2 3E10,HEXIM1,Goat anti-rat Alexa647,Goat anti-rabbit Alexa488+
J19,HCT116,LARP7 #1,pSer2 3E10,HEXIM1,Goat anti-rat Alexa647,Goat anti-rabbit Alexa488+
J20,HCT116,LARP7 #2,pSer2 3E10,HEXIM1,Goat anti-rat Alexa647,Goat anti-rabbit Alexa488+
J21,HCT116,LARP7 #3,pSer2 3E10,HEXIM1,Goat anti-rat Alexa647,Goat anti-rabbit Alexa488+
J22,HCT116,No transfection,pSer2 3E10,HEXIM1,Goat anti-rat Alexa647,Goat anti-rabbit Alexa488+
K03,HCT116,No transfection,pSer2 3E10,HEXIM1,Goat anti-rat Alexa647,Goat anti-rabbit Alexa488+
K04,HCT116,HEXIM1 pool,pSer2 3E10,HEXIM1,Goat anti-rat Alexa647,Goat anti-rabbit Alexa488+
K05,HCT116,HEXIM2 pool,pSer2 3E10,HEXIM1,Goat anti-rat Alexa647,Goat anti-rabbit Alexa488+
K06,HCT116,LARP7 pool,pSer2 3E10,HEXIM1,Goat anti-rat Alexa647,Goat anti-rabbit Alexa488+
K07,HCT116,HEXIM1 pool + HEXIM2 pool,pSer2 3E10,HEXIM1,Goat anti-rat Alexa647,Goat anti-rabbit Alexa488+
K08,HCT116,HEXIM2 pool + LARP7 pool,pSer2 3E10,HEXIM1,Goat anti-rat Alexa647,Goat anti-rabbit Alexa488+
K09,HCT116,HEXIM1 pool + LARP7 pool,pSer2 3E10,HEXIM1,Goat anti-rat Alexa647,Goat anti-rabbit Alexa488+
K10,HCT116,INTS8 pool,pSer2 3E10,HEXIM1,Goat anti-rat Alexa647,Goat anti-rabbit Alexa488+
K11,HCT116,SPT5 pool,pSer2 3E10,HEXIM1,Goat anti-rat Alexa647,Goat anti-rabbit Alexa488+
K12,HCT116,POLR2B,pSer2 3E10,HEXIM1,Goat anti-rat Alexa647,Goat anti-rabbit Alexa488+
K13,HCT116,Scrambled,pSer2 3E10,HEXIM1,Goat anti-rat Alexa647,Goat anti-rabbit Alexa488+
K14,HCT116,HEXIM1 #1,pSer2 3E10,HEXIM1,Goat anti-rat Alexa647,Goat anti-rabbit Alexa488+
K15,HCT116,HEXIM1 #2,pSer2 3E10,HEXIM1,Goat anti-rat Alexa647,Goat anti-rabbit Alexa488+
K16,HCT116,HEXIM1 #3,pSer2 3E10,HEXIM1,Goat anti-rat Alexa647,Goat anti-rabbit Alexa488+
K17,HCT116,HEXIM2 #1,pSer2 3E10,HEXIM1,Goat anti-rat Alexa647,Goat anti-rabbit Alexa488+
K18,HCT116,HEXIM2 #2,pSer2 3E10,HEXIM1,Goat anti-rat Alexa647,Goat anti-rabbit Alexa488+
K19,HCT116,HEXIM2 #3,pSer2 3E10,HEXIM1,Goat anti-rat Alexa647,Goat anti-rabbit Alexa488+
K20,HCT116,LARP7 #1,pSer2 3E10,HEXIM1,Goat anti-rat Alexa647,Goat anti-rabbit Alexa488+
K21,HCT116,LARP7 #2,pSer2 3E10,HEXIM1,Goat anti-rat Alexa647,Goat anti-rabbit Alexa488+
K22,HCT116,LARP7 #3,pSer2 3E10,HEXIM1,Goat anti-rat Alexa647,Goat anti-rabbit Alexa488+
L03,HCT116,LARP7 #3,pSer2 3E10,HEXIM1,Goat anti-rat Alexa647,Goat anti-rabbit Alexa488+
L04,HCT116,No transfection,pSer2 3E10,HEXIM1,Goat anti-rat Alexa647,Goat anti-rabbit Alexa488+
L05,HCT116,HEXIM1 pool,pSer2 3E10,HEXIM1,Goat anti-rat Alexa647,Goat anti-rabbit Alexa488+
L06,HCT116,HEXIM2 pool,pSer2 3E10,HEXIM1,Goat anti-rat Alexa647,Goat anti-rabbit Alexa488+
L07,HCT116,LARP7 pool,pSer2 3E10,HEXIM1,Goat anti-rat Alexa647,Goat anti-rabbit Alexa488+
L08,HCT116,HEXIM1 pool + HEXIM2 pool,pSer2 3E10,HEXIM1,Goat anti-rat Alexa647,Goat anti-rabbit Alexa488+
L09,HCT116,HEXIM2 pool + LARP7 pool,pSer2 3E10,HEXIM1,Goat anti-rat Alexa647,Goat anti-rabbit Alexa488+
L10,HCT116,HEXIM1 pool + LARP7 pool,pSer2 3E10,HEXIM1,Goat anti-rat Alexa647,Goat anti-rabbit Alexa488+
L11,HCT116,INTS8 pool,pSer2 3E10,HEXIM1,Goat anti-rat Alexa647,Goat anti-rabbit Alexa488+
L12,HCT116,SPT5 pool,pSer2 3E10,HEXIM1,Goat anti-rat Alexa647,Goat anti-rabbit Alexa488+
L13,HCT116,POLR2B,pSer2 3E10,HEXIM1,Goat anti-rat Alexa647,Goat anti-rabbit Alexa488+
L14,HCT116,Scrambled,pSer2 3E10,HEXIM1,Goat anti-rat Alexa647,Goat anti-rabbit Alexa488+
L15,HCT116,HEXIM1 #1,pSer2 3E10,HEXIM1,Goat anti-rat Alexa647,Goat anti-rabbit Alexa488+
L16,HCT116,HEXIM1 #2,pSer2 3E10,HEXIM1,Goat anti-rat Alexa647,Goat anti-rabbit Alexa488+
L17,HCT116,HEXIM1 #3,pSer2 3E10,HEXIM1,Goat anti-rat Alexa647,Goat anti-rabbit Alexa488+
L18,HCT116,HEXIM2 #1,pSer2 3E10,HEXIM1,Goat anti-rat Alexa647,Goat anti-rabbit Alexa488+
L19,HCT116,HEXIM2 #2,pSer2 3E10,HEXIM1,Goat anti-rat Alexa647,Goat anti-rabbit Alexa488+
L20,HCT116,HEXIM2 #3,pSer2 3E10,HEXIM1,Goat anti-rat Alexa647,Goat anti-rabbit Alexa488+
L21,HCT116,LARP7 #1,pSer2 3E10,HEXIM1,Goat anti-rat Alexa647,Goat anti-rabbit Alexa488+
L22,HCT116,LARP7 #2,pSer2 3E10,HEXIM1,Goat anti-rat Alexa647,Goat anti-rabbit Alexa488+
M03,HCT116,LARP7 #2,pSer2 3E10,HEXIM1,Goat anti-rat Alexa647,Goat anti-rabbit Alexa488+
M04,HCT116,LARP7 #3,pSer2 3E10,HEXIM1,Goat anti-rat Alexa647,Goat anti-rabbit Alexa488+
M05,HCT116,No transfection,pSer2 3E10,HEXIM1,Goat anti-rat Alexa647,Goat anti-rabbit Alexa488+
M06,HCT116,HEXIM1 pool,pSer2 3E10,HEXIM1,Goat anti-rat Alexa647,Goat anti-rabbit Alexa488+
M07,HCT116,HEXIM2 pool,pSer2 3E10,HEXIM1,Goat anti-rat Alexa647,Goat anti-rabbit Alexa488+
M08,HCT116,LARP7 pool,pSer2 3E10,HEXIM1,Goat anti-rat Alexa647,Goat anti-rabbit Alexa488+
M09,HCT116,HEXIM1 pool + HEXIM2 pool,pSer2 3E10,HEXIM1,Goat anti-rat Alexa647,Goat anti-rabbit Alexa488+
M10,HCT116,HEXIM2 pool + LARP7 pool,pSer2 3E10,HEXIM1,Goat anti-rat Alexa647,Goat anti-rabbit Alexa488+
M11,HCT116,HEXIM1 pool + LARP7 pool,pSer2 3E10,HEXIM1,Goat anti-rat Alexa647,Goat anti-rabbit Alexa488+
M12,HCT116,INTS8 pool,pSer2 3E10,HEXIM1,Goat anti-rat Alexa647,Goat anti-rabbit Alexa488+
M13,HCT116,SPT5 pool,pSer2 3E10,HEXIM1,Goat anti-rat Alexa647,Goat anti-rabbit Alexa488+
M14,HCT116,POLR2B,pSer2 3E10,HEXIM1,Goat anti-rat Alexa647,Goat anti-rabbit Alexa488+
M15,HCT116,Scrambled,pSer2 3E10,HEXIM1,Goat anti-rat Alexa647,Goat anti-rabbit Alexa488+
M16,HCT116,HEXIM1 #1,pSer2 3E10,HEXIM1,Goat anti-rat Alexa647,Goat anti-rabbit Alexa488+
M17,HCT116,HEXIM1 #2,pSer2 3E10,HEXIM1,Goat anti-rat Alexa647,Goat anti-rabbit Alexa488+
M18,HCT116,HEXIM1 #3,pSer2 3E10,HEXIM1,Goat anti-rat Alexa647,Goat anti-rabbit Alexa488+
M19,HCT116,HEXIM2 #1,pSer2 3E10,HEXIM1,Goat anti-rat Alexa647,Goat anti-rabbit Alexa488+
M20,HCT116,HEXIM2 #2,pSer2 3E10,HEXIM1,Goat anti-rat Alexa647,Goat anti-rabbit Alexa488+
M21,HCT116,HEXIM2 #3,pSer2 3E10,HEXIM1,Goat anti-rat Alexa647,Goat anti-rabbit Alexa488+
M22,HCT116,LARP7 #1,pSer2 3E10,HEXIM1,Goat anti-rat Alexa647,Goat anti-rabbit Alexa488+
N03,HCT116,No transfection,pSer2 3E10,HEXIM1,Goat anti-rat Alexa647,Goat anti-rabbit Alexa488+
N04,HCT116,No transfection,pSer2 3E10,HEXIM1,Goat anti-rat Alexa647,Goat anti-rabbit Alexa488+
N05,HCT116,No transfection,pSer2 3E10,HEXIM1,Goat anti-rat Alexa647,Goat anti-rabbit Alexa488+
N06,HCT116,No transfection,pSer2 3E10,HEXIM1,Goat anti-rat Alexa647,Goat anti-rabbit Alexa488+
N07,HCT116,No transfection,pSer2 3E10,HEXIM1,Goat anti-rat Alexa647,Goat anti-rabbit Alexa488+
N08,HCT116,No transfection,pSer2 3E10,HEXIM1,Goat anti-rat Alexa647,Goat anti-rabbit Alexa488+
N09,HCT116,No transfection,pSer2 3E10,HEXIM1,Goat anti-rat Alexa647,Goat anti-rabbit Alexa488+
N10,HCT116,No transfection,pSer2 3E10,HEXIM1,Goat anti-rat Alexa647,Goat anti-rabbit Alexa488+
N11,HCT116,No transfection,pSer2 3E10,HEXIM1,Goat anti-rat Alexa647,Goat anti-rabbit Alexa488+
N12,HCT116,No transfection,pSer2 3E10,HEXIM1,Goat anti-rat Alexa647,Goat anti-rabbit Alexa488+
N13,HCT116,No transfection,pSer2 3E10,HEXIM1,Goat anti-rat Alexa647,Goat anti-rabbit Alexa488+
N14,HCT116,No transfection,pSer2 3E10,HEXIM1,Goat anti-rat Alexa647,Goat anti-rabbit Alexa488+
N15,HCT116,No transfection,pSer2 3E10,HEXIM1,Goat anti-rat Alexa647,Goat anti-rabbit Alexa488+
N16,HCT116,No transfection,pSer2 3E10,HEXIM1,Goat anti-rat Alexa647,Goat anti-rabbit Alexa488+
N17,HCT116,No transfection,pSer2 3E10,HEXIM1,Goat anti-rat Alexa647,Goat anti-rabbit Alexa488+
N18,HCT116,No transfection,No primary,HEXIM1,Goat anti-rat Alexa647,Goat anti-rabbit Alexa488+
N19,HCT116,No transfection,pSer2 3E10,No primary,Goat anti-rat Alexa647,Goat anti-rabbit Alexa488+
N20,HCT116,No transfection,pSer2 3E10,HEXIM1,Goat anti-rat Alexa647,Goat anti-rabbit Alexa488+
N21,HCT116,No transfection,pSer2 3E10,No primary,Goat anti-rat Alexa647,Goat anti-rabbit Alexa488+
N22,HCT116,No transfection,No primary,HEXIM1,Goat anti-rat Alexa647,Goat anti-rabbit Alexa488+