WELL,CELL,EU,DRUG,DRUG TIME MINUTES,PRIMARY,SECONDARY
C03,HCT116 OsTIRF74G,No addition,No addition,No addition,Total Pol II F12,Goat anti-mouse Alexa647
C04,HCT116 OsTIRF74G,No addition,No addition,No addition,Total Pol II F12,Goat anti-mouse Alexa647
C05,HCT116 OsTIRF74G,No addition,No addition,No addition,Total Pol II F12,Goat anti-mouse Alexa647
C06,HCT116 OsTIRF74G,No addition,No addition,No addition,Total Pol II F12,Goat anti-mouse Alexa647
C07,HCT116 OsTIRF74G,No addition,No addition,No addition,Total Pol II F12,Goat anti-mouse Alexa647
C08,HCT116 OsTIRF74G,No addition,No addition,No addition,pSer2 3E10,Goat anti-rat Alexa647
C09,HCT116 OsTIRF74G,No addition,No addition,No addition,pSer2 3E10,Goat anti-rat Alexa647
C10,HCT116 OsTIRF74G,No addition,No addition,No addition,pSer2 3E10,Goat anti-rat Alexa647
C11,HCT116 OsTIRF74G,No addition,No addition,No addition,pSer2 3E10,Goat anti-rat Alexa647
C12,HCT116 OsTIRF74G,No addition,No addition,No addition,Total Pol II F12,Goat anti-mouse Alexa647
C13,HCT116 OsTIRF74G,No addition,No addition,No addition,pSer2 3E10,Goat anti-rat Alexa647
C14,HCT116 OsTIRF74G,"EU 1 mM, 30 mins",No addition,No addition,No primary,No secondary
C15,HCT116 OsTIRF74G,"EU 1 mM, 30 mins",No addition,No addition,No primary,No secondary
C16,HCT116 OsTIRF74G,"EU 1 mM, 30 mins",No addition,No addition,No primary,No secondary
C17,HCT116 OsTIRF74G,"EU 1 mM, 30 mins",No addition,No addition,No primary,No secondary
C18,HCT116 OsTIRF74G,"EU 1 mM, 30 mins",No addition,No addition,No primary,No secondary
C19,HCT116 OsTIRF74G,"EU 1 mM, 30 mins",No addition,No addition,No primary,No secondary
C20,HCT116 OsTIRF74G,"EU 1 mM, 30 mins",No addition,No addition,No primary,No secondary
C21,HCT116 OsTIRF74G,"EU 1 mM, 30 mins",No addition,No addition,No primary,No secondary
C22,HCT116 OsTIRF74G mAC-POLR2A-delHyg Clone 5,"EU 1 mM, 30 mins",No addition,No addition,No primary,No secondary
D03,HCT116 OsTIRF74G,No addition,No addition,No addition,pSer2 3E10,Goat anti-rat Alexa647
D04,HCT116 mChPOLR2A Clone 2,No addition,10 µM 5PhIAA,120,Total Pol II F12,Goat anti-mouse Alexa647
D05,HCT116 mChPOLR2A Clone 2,No addition,10 µM 5PhIAA,120,Total Pol II F12,Goat anti-mouse Alexa647
D06,HCT116 mChPOLR2A Clone 2,No addition,10 µM 5PhIAA,120,Total Pol II F12,Goat anti-mouse Alexa647
D07,HCT116 mChPOLR2A Clone 2,No addition,10 µM 5PhIAA,120,Total Pol II F12,Goat anti-mouse Alexa647
D08,HCT116 mChPOLR2A Clone 2,No addition,10 µM 5PhIAA,120,pSer2 3E10,Goat anti-rat Alexa647
D09,HCT116 mChPOLR2A Clone 2,No addition,10 µM 5PhIAA,120,pSer2 3E10,Goat anti-rat Alexa647
D10,HCT116 mChPOLR2A Clone 2,No addition,10 µM 5PhIAA,120,pSer2 3E10,Goat anti-rat Alexa647
D11,HCT116 mChPOLR2A Clone 2,No addition,10 µM 5PhIAA,120,pSer2 3E10,Goat anti-rat Alexa647
D12,HCT116 mChPOLR2A Clone 2,No addition,Vehicle,120,Total Pol II F12,Goat anti-mouse Alexa647
D13,HCT116 mChPOLR2A Clone 2,No addition,Vehicle,120,pSer2 3E10,Goat anti-rat Alexa647
D14,HCT116 mChPOLR2A Clone 2,"EU 1 mM, 30 mins",Vehicle,120,No primary,No secondary
D15,HCT116 mChPOLR2A Clone 2,"EU 1 mM, 30 mins",10 µM 5PhIAA,120,No primary,No secondary
D16,HCT116 mChPOLR2A Clone 2,"EU 1 mM, 30 mins",Vehicle,120,No primary,No secondary
D17,HCT116 mChPOLR2A Clone 2,"EU 1 mM, 30 mins",10 µM 5PhIAA,120,No primary,No secondary
D18,HCT116 mChPOLR2A Clone 2,"EU 1 mM, 30 mins",Vehicle,120,No primary,No secondary
D19,HCT116 mChPOLR2A Clone 2,"EU 1 mM, 30 mins",10 µM 5PhIAA,120,No primary,No secondary
D20,HCT116 mChPOLR2A Clone 2,"EU 1 mM, 30 mins",Vehicle,120,No primary,No secondary
D21,HCT116 mChPOLR2A Clone 2,"EU 1 mM, 30 mins",10 µM 5PhIAA,120,No primary,No secondary
D22,HCT116 mChPOLR2A Clone 2,"EU 1 mM, 30 mins",Vehicle,120,No primary,No secondary
E03,HCT116 OsTIRF74G,No addition,No addition,No addition,Total Pol II F12,Goat anti-mouse Alexa647
E04,HCT116 OsTIRF74G mAC-POLR2A-delHyg Clone 5,No addition,10 µM 5PhIAA,120,Total Pol II F12,Goat anti-mouse Alexa647
E05,HCT116 OsTIRF74G mAC-POLR2A-delHyg Clone 5,No addition,10 µM 5PhIAA,120,Total Pol II F12,Goat anti-mouse Alexa647
E06,HCT116 OsTIRF74G mAC-POLR2A-delHyg Clone 5,No addition,10 µM 5PhIAA,120,Total Pol II F12,Goat anti-mouse Alexa647
E07,HCT116 OsTIRF74G mAC-POLR2A-delHyg Clone 5,No addition,10 µM 5PhIAA,120,Total Pol II F12,Goat anti-mouse Alexa647
E08,HCT116 OsTIRF74G mAC-POLR2A-delHyg Clone 5,No addition,10 µM 5PhIAA,120,pSer2 3E10,Goat anti-rat Alexa647
E09,HCT116 OsTIRF74G mAC-POLR2A-delHyg Clone 5,No addition,10 µM 5PhIAA,120,pSer2 3E10,Goat anti-rat Alexa647
E10,HCT116 OsTIRF74G mAC-POLR2A-delHyg Clone 5,No addition,10 µM 5PhIAA,120,pSer2 3E10,Goat anti-rat Alexa647
E11,HCT116 OsTIRF74G mAC-POLR2A-delHyg Clone 5,No addition,10 µM 5PhIAA,120,pSer2 3E10,Goat anti-rat Alexa647
E12,HCT116 OsTIRF74G mAC-POLR2A-delHyg Clone 5,No addition,Vehicle,120,Total Pol II F12,Goat anti-mouse Alexa647
E13,HCT116 OsTIRF74G mAC-POLR2A-delHyg Clone 5,No addition,Vehicle,120,pSer2 3E10,Goat anti-rat Alexa647
E14,HCT116 OsTIRF74G mAC-POLR2A-delHyg Clone 5,"EU 1 mM, 30 mins",Vehicle,120,No primary,No secondary
E15,HCT116 OsTIRF74G mAC-POLR2A-delHyg Clone 5,"EU 1 mM, 30 mins",10 µM 5PhIAA,120,No primary,No secondary
E16,HCT116 OsTIRF74G mAC-POLR2A-delHyg Clone 5,"EU 1 mM, 30 mins",Vehicle,120,No primary,No secondary
E17,HCT116 OsTIRF74G mAC-POLR2A-delHyg Clone 5,"EU 1 mM, 30 mins",10 µM 5PhIAA,120,No primary,No secondary
E18,HCT116 OsTIRF74G mAC-POLR2A-delHyg Clone 5,"EU 1 mM, 30 mins",Vehicle,120,No primary,No secondary
E19,HCT116 OsTIRF74G mAC-POLR2A-delHyg Clone 5,"EU 1 mM, 30 mins",10 µM 5PhIAA,120,No primary,No secondary
E20,HCT116 OsTIRF74G mAC-POLR2A-delHyg Clone 5,"EU 1 mM, 30 mins",Vehicle,120,No primary,No secondary
E21,HCT116 OsTIRF74G mAC-POLR2A-delHyg Clone 5,"EU 1 mM, 30 mins",10 µM 5PhIAA,120,No primary,No secondary
E22,HCT116 OsTIRF74G mAC-POLR2A-delHyg Clone 5,"EU 1 mM, 30 mins",Vehicle,120,No primary,No secondary
F03,HCT116 OsTIRF74G,No addition,No addition,No addition,pSer2 3E10,Goat anti-rat Alexa647
F04,HCT116 OsTIRF74G mAC/mCh-POLR2A Clone 1,No addition,Vehicle,30,Total Pol II F12,Goat anti-mouse Alexa647
F05,HCT116 OsTIRF74G mAC/mCh-POLR2A Clone 1,No addition,10 µM 5PhIAA,30,Total Pol II F12,Goat anti-mouse Alexa647
F06,HCT116 OsTIRF74G mAC/mCh-POLR2A Clone 1,No addition,Vehicle,30,Total Pol II F12,Goat anti-mouse Alexa647
F07,HCT116 OsTIRF74G mAC/mCh-POLR2A Clone 1,No addition,10 µM 5PhIAA,30,Total Pol II F12,Goat anti-mouse Alexa647
F08,HCT116 OsTIRF74G mAC/mCh-POLR2A Clone 1,No addition,Vehicle,30,pSer2 3E10,Goat anti-rat Alexa647
F09,HCT116 OsTIRF74G mAC/mCh-POLR2A Clone 1,No addition,10 µM 5PhIAA,30,pSer2 3E10,Goat anti-rat Alexa647
F10,HCT116 OsTIRF74G mAC/mCh-POLR2A Clone 1,No addition,Vehicle,30,pSer2 3E10,Goat anti-rat Alexa647
F11,HCT116 OsTIRF74G mAC/mCh-POLR2A Clone 1,No addition,10 µM 5PhIAA,30,pSer2 3E10,Goat anti-rat Alexa647
F12,HCT116 mChPOLR2A Clone 2,No addition,Vehicle,120,Total Pol II F12,Goat anti-mouse Alexa647
F13,HCT116 mChPOLR2A Clone 2,No addition,Vehicle,120,pSer2 3E10,Goat anti-rat Alexa647
F14,HCT116 OsTIRF74G mAC/mCh-POLR2A Clone 1,"EU 1 mM, 30 mins",Vehicle,30,No primary,No secondary
F15,HCT116 OsTIRF74G mAC/mCh-POLR2A Clone 1,"EU 1 mM, 30 mins",10 µM 5PhIAA,30,No primary,No secondary
F16,HCT116 OsTIRF74G mAC/mCh-POLR2A Clone 1,"EU 1 mM, 30 mins",Vehicle,30,No primary,No secondary
F17,HCT116 OsTIRF74G mAC/mCh-POLR2A Clone 1,"EU 1 mM, 30 mins",10 µM 5PhIAA,30,No primary,No secondary
F18,HCT116 OsTIRF74G mAC/mCh-POLR2A Clone 1,"EU 1 mM, 30 mins",Vehicle,30,No primary,No secondary
F19,HCT116 OsTIRF74G mAC/mCh-POLR2A Clone 1,"EU 1 mM, 30 mins",10 µM 5PhIAA,30,No primary,No secondary
F20,HCT116 OsTIRF74G mAC/mCh-POLR2A Clone 1,"EU 1 mM, 30 mins",Vehicle,30,No primary,No secondary
F21,HCT116 OsTIRF74G mAC/mCh-POLR2A Clone 1,"EU 1 mM, 30 mins",10 µM 5PhIAA,30,No primary,No secondary
F22,HCT116 mChPOLR2A Clone 2,"EU 1 mM, 30 mins",Vehicle,120,No primary,No secondary
G03,HCT116 OsTIRF74G,No addition,No addition,No addition,Total Pol II F12,Goat anti-mouse Alexa647
G04,HCT116 OsTIRF74G mAC/mCh-POLR2A Clone 1,No addition,Vehicle,60,Total Pol II F12,Goat anti-mouse Alexa647
G05,HCT116 OsTIRF74G mAC/mCh-POLR2A Clone 1,No addition,10 µM 5PhIAA,60,Total Pol II F12,Goat anti-mouse Alexa647
G06,HCT116 OsTIRF74G mAC/mCh-POLR2A Clone 1,No addition,Vehicle,60,Total Pol II F12,Goat anti-mouse Alexa647
G07,HCT116 OsTIRF74G mAC/mCh-POLR2A Clone 1,No addition,10 µM 5PhIAA,60,Total Pol II F12,Goat anti-mouse Alexa647
G08,HCT116 OsTIRF74G mAC/mCh-POLR2A Clone 1,No addition,Vehicle,60,pSer2 3E10,Goat anti-rat Alexa647
G09,HCT116 OsTIRF74G mAC/mCh-POLR2A Clone 1,No addition,10 µM 5PhIAA,60,pSer2 3E10,Goat anti-rat Alexa647
G10,HCT116 OsTIRF74G mAC/mCh-POLR2A Clone 1,No addition,Vehicle,60,pSer2 3E10,Goat anti-rat Alexa647
G11,HCT116 OsTIRF74G mAC/mCh-POLR2A Clone 1,No addition,10 µM 5PhIAA,60,pSer2 3E10,Goat anti-rat Alexa647
G12,HCT116 OsTIRF74G mAC-POLR2A-delHyg Clone 5,No addition,Vehicle,120,Total Pol II F12,Goat anti-mouse Alexa647
G13,HCT116 OsTIRF74G mAC-POLR2A-delHyg Clone 5,No addition,Vehicle,120,pSer2 3E10,Goat anti-rat Alexa647
G14,HCT116 OsTIRF74G mAC/mCh-POLR2A Clone 1,"EU 1 mM, 30 mins",Vehicle,60,No primary,No secondary
G15,HCT116 OsTIRF74G mAC/mCh-POLR2A Clone 1,"EU 1 mM, 30 mins",10 µM 5PhIAA,60,No primary,No secondary
G16,HCT116 OsTIRF74G mAC/mCh-POLR2A Clone 1,"EU 1 mM, 30 mins",Vehicle,60,No primary,No secondary
G17,HCT116 OsTIRF74G mAC/mCh-POLR2A Clone 1,"EU 1 mM, 30 mins",10 µM 5PhIAA,60,No primary,No secondary
G18,HCT116 OsTIRF74G mAC/mCh-POLR2A Clone 1,"EU 1 mM, 30 mins",Vehicle,60,No primary,No secondary
G19,HCT116 OsTIRF74G mAC/mCh-POLR2A Clone 1,"EU 1 mM, 30 mins",10 µM 5PhIAA,60,No primary,No secondary
G20,HCT116 OsTIRF74G mAC/mCh-POLR2A Clone 1,"EU 1 mM, 30 mins",Vehicle,60,No primary,No secondary
G21,HCT116 OsTIRF74G mAC/mCh-POLR2A Clone 1,"EU 1 mM, 30 mins",10 µM 5PhIAA,60,No primary,No secondary
G22,HCT116 OsTIRF74G mAC-POLR2A-delHyg Clone 5,"EU 1 mM, 30 mins",Vehicle,120,No primary,No secondary
H03,HCT116 OsTIRF74G,No addition,No addition,No addition,pSer2 3E10,Goat anti-rat Alexa647
H04,HCT116 OsTIRF74G mAC/mCh-POLR2A Clone 1,No addition,Vehicle,90,Total Pol II F12,Goat anti-mouse Alexa647
H05,HCT116 OsTIRF74G mAC/mCh-POLR2A Clone 1,No addition,10 µM 5PhIAA,90,Total Pol II F12,Goat anti-mouse Alexa647
H06,HCT116 OsTIRF74G mAC/mCh-POLR2A Clone 1,No addition,Vehicle,90,Total Pol II F12,Goat anti-mouse Alexa647
H07,HCT116 OsTIRF74G mAC/mCh-POLR2A Clone 1,No addition,10 µM 5PhIAA,90,Total Pol II F12,Goat anti-mouse Alexa647
H08,HCT116 OsTIRF74G mAC/mCh-POLR2A Clone 1,No addition,Vehicle,90,pSer2 3E10,Goat anti-rat Alexa647
H09,HCT116 OsTIRF74G mAC/mCh-POLR2A Clone 1,No addition,10 µM 5PhIAA,90,pSer2 3E10,Goat anti-rat Alexa647
H10,HCT116 OsTIRF74G mAC/mCh-POLR2A Clone 1,No addition,Vehicle,90,pSer2 3E10,Goat anti-rat Alexa647
H11,HCT116 OsTIRF74G mAC/mCh-POLR2A Clone 1,No addition,10 µM 5PhIAA,90,pSer2 3E10,Goat anti-rat Alexa647
H12,HCT116 mChPOLR2A Clone 2,No addition,Vehicle,120,Total Pol II F12,Goat anti-mouse Alexa647
H13,HCT116 mChPOLR2A Clone 2,No addition,Vehicle,120,pSer2 3E10,Goat anti-rat Alexa647
H14,HCT116 OsTIRF74G mAC/mCh-POLR2A Clone 1,"EU 1 mM, 30 mins",Vehicle,90,No primary,No secondary
H15,HCT116 OsTIRF74G mAC/mCh-POLR2A Clone 1,"EU 1 mM, 30 mins",10 µM 5PhIAA,90,No primary,No secondary
H16,HCT116 OsTIRF74G mAC/mCh-POLR2A Clone 1,"EU 1 mM, 30 mins",Vehicle,90,No primary,No secondary
H17,HCT116 OsTIRF74G mAC/mCh-POLR2A Clone 1,"EU 1 mM, 30 mins",10 µM 5PhIAA,90,No primary,No secondary
H18,HCT116 OsTIRF74G mAC/mCh-POLR2A Clone 1,"EU 1 mM, 30 mins",Vehicle,90,No primary,No secondary
H19,HCT116 OsTIRF74G mAC/mCh-POLR2A Clone 1,"EU 1 mM, 30 mins",10 µM 5PhIAA,90,No primary,No secondary
H20,HCT116 OsTIRF74G mAC/mCh-POLR2A Clone 1,"EU 1 mM, 30 mins",Vehicle,90,No primary,No secondary
H21,HCT116 OsTIRF74G mAC/mCh-POLR2A Clone 1,"EU 1 mM, 30 mins",10 µM 5PhIAA,90,No primary,No secondary
H22,HCT116 mChPOLR2A Clone 2,"EU 1 mM, 30 mins",Vehicle,120,No primary,No secondary
I03,HCT116 OsTIRF74G,No addition,No addition,No addition,Total Pol II F12,Goat anti-mouse Alexa647
I04,HCT116 OsTIRF74G mAC/mCh-POLR2A Clone 1,No addition,Vehicle,120,Total Pol II F12,Goat anti-mouse Alexa647
I05,HCT116 OsTIRF74G mAC/mCh-POLR2A Clone 1,No addition,10 µM 5PhIAA,120,Total Pol II F12,Goat anti-mouse Alexa647
I06,HCT116 OsTIRF74G mAC/mCh-POLR2A Clone 1,No addition,Vehicle,120,Total Pol II F12,Goat anti-mouse Alexa647
I07,HCT116 OsTIRF74G mAC/mCh-POLR2A Clone 1,No addition,10 µM 5PhIAA,120,Total Pol II F12,Goat anti-mouse Alexa647
I08,HCT116 OsTIRF74G mAC/mCh-POLR2A Clone 1,No addition,Vehicle,120,pSer2 3E10,Goat anti-rat Alexa647
I09,HCT116 OsTIRF74G mAC/mCh-POLR2A Clone 1,No addition,10 µM 5PhIAA,120,pSer2 3E10,Goat anti-rat Alexa647
I10,HCT116 OsTIRF74G mAC/mCh-POLR2A Clone 1,No addition,Vehicle,120,pSer2 3E10,Goat anti-rat Alexa647
I11,HCT116 OsTIRF74G mAC/mCh-POLR2A Clone 1,No addition,10 µM 5PhIAA,120,pSer2 3E10,Goat anti-rat Alexa647
I12,HCT116 OsTIRF74G mAC-POLR2A-delHyg Clone 5,No addition,Vehicle,120,Total Pol II F12,Goat anti-mouse Alexa647
I13,HCT116 OsTIRF74G mAC-POLR2A-delHyg Clone 5,No addition,Vehicle,120,pSer2 3E10,Goat anti-rat Alexa647
I14,HCT116 OsTIRF74G mAC/mCh-POLR2A Clone 1,"EU 1 mM, 30 mins",Vehicle,120,No primary,No secondary
I15,HCT116 OsTIRF74G mAC/mCh-POLR2A Clone 1,"EU 1 mM, 30 mins",10 µM 5PhIAA,120,No primary,No secondary
I16,HCT116 OsTIRF74G mAC/mCh-POLR2A Clone 1,"EU 1 mM, 30 mins",Vehicle,120,No primary,No secondary
I17,HCT116 OsTIRF74G mAC/mCh-POLR2A Clone 1,"EU 1 mM, 30 mins",10 µM 5PhIAA,120,No primary,No secondary
I18,HCT116 OsTIRF74G mAC/mCh-POLR2A Clone 1,"EU 1 mM, 30 mins",Vehicle,120,No primary,No secondary
I19,HCT116 OsTIRF74G mAC/mCh-POLR2A Clone 1,"EU 1 mM, 30 mins",10 µM 5PhIAA,120,No primary,No secondary
I20,HCT116 OsTIRF74G mAC/mCh-POLR2A Clone 1,"EU 1 mM, 30 mins",Vehicle,120,No primary,No secondary
I21,HCT116 OsTIRF74G mAC/mCh-POLR2A Clone 1,"EU 1 mM, 30 mins",10 µM 5PhIAA,120,No primary,No secondary
I22,HCT116 OsTIRF74G mAC-POLR2A-delHyg Clone 5,"EU 1 mM, 30 mins",10 µM 5PhIAA,120,No primary,No secondary
J03,HCT116 OsTIRF74G,No addition,No addition,No addition,pSer2 3E10,Goat anti-rat Alexa647
J04,HCT116 OsTIRF74G mAC/mCh-POLR2A Clone 1,No addition,Vehicle,30,Total Pol II F12,Goat anti-mouse Alexa647
J05,HCT116 OsTIRF74G mAC/mCh-POLR2A Clone 1,No addition,10 µM 5PhIAA,30,Total Pol II F12,Goat anti-mouse Alexa647
J06,HCT116 OsTIRF74G mAC/mCh-POLR2A Clone 1,No addition,Vehicle,30,Total Pol II F12,Goat anti-mouse Alexa647
J07,HCT116 OsTIRF74G mAC/mCh-POLR2A Clone 1,No addition,10 µM 5PhIAA,30,Total Pol II F12,Goat anti-mouse Alexa647
J08,HCT116 OsTIRF74G mAC/mCh-POLR2A Clone 1,No addition,Vehicle,30,pSer2 3E10,Goat anti-rat Alexa647
J09,HCT116 OsTIRF74G mAC/mCh-POLR2A Clone 1,No addition,10 µM 5PhIAA,30,pSer2 3E10,Goat anti-rat Alexa647
J10,HCT116 OsTIRF74G mAC/mCh-POLR2A Clone 1,No addition,Vehicle,30,pSer2 3E10,Goat anti-rat Alexa647
J11,HCT116 OsTIRF74G mAC/mCh-POLR2A Clone 1,No addition,10 µM 5PhIAA,30,pSer2 3E10,Goat anti-rat Alexa647
J12,HCT116 mChPOLR2A Clone 2,No addition,Vehicle,120,Total Pol II F12,Goat anti-mouse Alexa647
J13,HCT116 mChPOLR2A Clone 2,No addition,Vehicle,120,pSer2 3E10,Goat anti-rat Alexa647
J14,HCT116 OsTIRF74G mAC/mCh-POLR2A Clone 1,"EU 1 mM, 30 mins",Vehicle,30,No primary,No secondary
J15,HCT116 OsTIRF74G mAC/mCh-POLR2A Clone 1,"EU 1 mM, 30 mins",10 µM 5PhIAA,30,No primary,No secondary
J16,HCT116 OsTIRF74G mAC/mCh-POLR2A Clone 1,"EU 1 mM, 30 mins",Vehicle,30,No primary,No secondary
J17,HCT116 OsTIRF74G mAC/mCh-POLR2A Clone 1,"EU 1 mM, 30 mins",10 µM 5PhIAA,30,No primary,No secondary
J18,HCT116 OsTIRF74G mAC/mCh-POLR2A Clone 1,"EU 1 mM, 30 mins",Vehicle,30,No primary,No secondary
J19,HCT116 OsTIRF74G mAC/mCh-POLR2A Clone 1,"EU 1 mM, 30 mins",10 µM 5PhIAA,30,No primary,No secondary
J20,HCT116 OsTIRF74G mAC/mCh-POLR2A Clone 1,"EU 1 mM, 30 mins",Vehicle,30,No primary,No secondary
J21,HCT116 OsTIRF74G mAC/mCh-POLR2A Clone 1,"EU 1 mM, 30 mins",10 µM 5PhIAA,30,No primary,No secondary
J22,HCT116 mChPOLR2A Clone 2,"EU 1 mM, 30 mins",10 µM 5PhIAA,120,No primary,No secondary
K03,HCT116 OsTIRF74G,No addition,No addition,No addition,Total Pol II F12,Goat anti-mouse Alexa647
K04,HCT116 OsTIRF74G mAC/mCh-POLR2A Clone 1,No addition,Vehicle,60,Total Pol II F12,Goat anti-mouse Alexa647
K05,HCT116 OsTIRF74G mAC/mCh-POLR2A Clone 1,No addition,10 µM 5PhIAA,60,Total Pol II F12,Goat anti-mouse Alexa647
K06,HCT116 OsTIRF74G mAC/mCh-POLR2A Clone 1,No addition,Vehicle,60,Total Pol II F12,Goat anti-mouse Alexa647
K07,HCT116 OsTIRF74G mAC/mCh-POLR2A Clone 1,No addition,10 µM 5PhIAA,60,Total Pol II F12,Goat anti-mouse Alexa647
K08,HCT116 OsTIRF74G mAC/mCh-POLR2A Clone 1,No addition,Vehicle,60,pSer2 3E10,Goat anti-rat Alexa647
K09,HCT116 OsTIRF74G mAC/mCh-POLR2A Clone 1,No addition,10 µM 5PhIAA,60,pSer2 3E10,Goat anti-rat Alexa647
K10,HCT116 OsTIRF74G mAC/mCh-POLR2A Clone 1,No addition,Vehicle,60,pSer2 3E10,Goat anti-rat Alexa647
K11,HCT116 OsTIRF74G mAC/mCh-POLR2A Clone 1,No addition,10 µM 5PhIAA,60,pSer2 3E10,Goat anti-rat Alexa647
K12,HCT116 OsTIRF74G mAC-POLR2A-delHyg Clone 5,No addition,Vehicle,120,Total Pol II F12,Goat anti-mouse Alexa647
K13,HCT116 OsTIRF74G mAC-POLR2A-delHyg Clone 5,No addition,Vehicle,120,pSer2 3E10,Goat anti-rat Alexa647
K14,HCT116 OsTIRF74G mAC/mCh-POLR2A Clone 1,"EU 1 mM, 30 mins",Vehicle,60,No primary,No secondary
K15,HCT116 OsTIRF74G mAC/mCh-POLR2A Clone 1,"EU 1 mM, 30 mins",10 µM 5PhIAA,60,No primary,No secondary
K16,HCT116 OsTIRF74G mAC/mCh-POLR2A Clone 1,"EU 1 mM, 30 mins",Vehicle,60,No primary,No secondary
K17,HCT116 OsTIRF74G mAC/mCh-POLR2A Clone 1,"EU 1 mM, 30 mins",10 µM 5PhIAA,60,No primary,No secondary
K18,HCT116 OsTIRF74G mAC/mCh-POLR2A Clone 1,"EU 1 mM, 30 mins",Vehicle,60,No primary,No secondary
K19,HCT116 OsTIRF74G mAC/mCh-POLR2A Clone 1,"EU 1 mM, 30 mins",10 µM 5PhIAA,60,No primary,No secondary
K20,HCT116 OsTIRF74G mAC/mCh-POLR2A Clone 1,"EU 1 mM, 30 mins",Vehicle,60,No primary,No secondary
K21,HCT116 OsTIRF74G mAC/mCh-POLR2A Clone 1,"EU 1 mM, 30 mins",10 µM 5PhIAA,60,No primary,No secondary
K22,HCT116 OsTIRF74G mAC-POLR2A-delHyg Clone 5,"EU 1 mM, 30 mins",10 µM 5PhIAA,120,No primary,No secondary
L03,HCT116 OsTIRF74G,No addition,No addition,No addition,pSer2 3E10,Goat anti-rat Alexa647
L04,HCT116 OsTIRF74G mAC/mCh-POLR2A Clone 1,No addition,Vehicle,90,Total Pol II F12,Goat anti-mouse Alexa647
L05,HCT116 OsTIRF74G mAC/mCh-POLR2A Clone 1,No addition,10 µM 5PhIAA,90,Total Pol II F12,Goat anti-mouse Alexa647
L06,HCT116 OsTIRF74G mAC/mCh-POLR2A Clone 1,No addition,Vehicle,90,Total Pol II F12,Goat anti-mouse Alexa647
L07,HCT116 OsTIRF74G mAC/mCh-POLR2A Clone 1,No addition,10 µM 5PhIAA,90,Total Pol II F12,Goat anti-mouse Alexa647
L08,HCT116 OsTIRF74G mAC/mCh-POLR2A Clone 1,No addition,Vehicle,90,pSer2 3E10,Goat anti-rat Alexa647
L09,HCT116 OsTIRF74G mAC/mCh-POLR2A Clone 1,No addition,10 µM 5PhIAA,90,pSer2 3E10,Goat anti-rat Alexa647
L10,HCT116 OsTIRF74G mAC/mCh-POLR2A Clone 1,No addition,Vehicle,90,pSer2 3E10,Goat anti-rat Alexa647
L11,HCT116 OsTIRF74G mAC/mCh-POLR2A Clone 1,No addition,10 µM 5PhIAA,90,pSer2 3E10,Goat anti-rat Alexa647
L12,HCT116 mChPOLR2A Clone 2,No addition,Vehicle,120,Total Pol II F12,Goat anti-mouse Alexa647
L13,HCT116 mChPOLR2A Clone 2,No addition,Vehicle,120,pSer2 3E10,Goat anti-rat Alexa647
L14,HCT116 OsTIRF74G mAC/mCh-POLR2A Clone 1,"EU 1 mM, 30 mins",Vehicle,90,No primary,No secondary
L15,HCT116 OsTIRF74G mAC/mCh-POLR2A Clone 1,"EU 1 mM, 30 mins",10 µM 5PhIAA,90,No primary,No secondary
L16,HCT116 OsTIRF74G mAC/mCh-POLR2A Clone 1,"EU 1 mM, 30 mins",Vehicle,90,No primary,No secondary
L17,HCT116 OsTIRF74G mAC/mCh-POLR2A Clone 1,"EU 1 mM, 30 mins",10 µM 5PhIAA,90,No primary,No secondary
L18,HCT116 OsTIRF74G mAC/mCh-POLR2A Clone 1,"EU 1 mM, 30 mins",Vehicle,90,No primary,No secondary
L19,HCT116 OsTIRF74G mAC/mCh-POLR2A Clone 1,"EU 1 mM, 30 mins",10 µM 5PhIAA,90,No primary,No secondary
L20,HCT116 OsTIRF74G mAC/mCh-POLR2A Clone 1,"EU 1 mM, 30 mins",Vehicle,90,No primary,No secondary
L21,HCT116 OsTIRF74G mAC/mCh-POLR2A Clone 1,"EU 1 mM, 30 mins",10 µM 5PhIAA,90,No primary,No secondary
L22,HCT116 mChPOLR2A Clone 2,"EU 1 mM, 30 mins",10 µM 5PhIAA,120,No primary,No secondary
M03,HCT116 OsTIRF74G,No addition,No addition,No addition,Total Pol II F12,Goat anti-mouse Alexa647
M04,HCT116 OsTIRF74G mAC/mCh-POLR2A Clone 1,No addition,Vehicle,120,Total Pol II F12,Goat anti-mouse Alexa647
M05,HCT116 OsTIRF74G mAC/mCh-POLR2A Clone 1,No addition,10 µM 5PhIAA,120,Total Pol II F12,Goat anti-mouse Alexa647
M06,HCT116 OsTIRF74G mAC/mCh-POLR2A Clone 1,No addition,Vehicle,120,Total Pol II F12,Goat anti-mouse Alexa647
M07,HCT116 OsTIRF74G mAC/mCh-POLR2A Clone 1,No addition,10 µM 5PhIAA,120,Total Pol II F12,Goat anti-mouse Alexa647
M08,HCT116 OsTIRF74G mAC/mCh-POLR2A Clone 1,No addition,Vehicle,120,pSer2 3E10,Goat anti-rat Alexa647
M09,HCT116 OsTIRF74G mAC/mCh-POLR2A Clone 1,No addition,10 µM 5PhIAA,120,pSer2 3E10,Goat anti-rat Alexa647
M10,HCT116 OsTIRF74G mAC/mCh-POLR2A Clone 1,No addition,Vehicle,120,pSer2 3E10,Goat anti-rat Alexa647
M11,HCT116 OsTIRF74G mAC/mCh-POLR2A Clone 1,No addition,10 µM 5PhIAA,120,pSer2 3E10,Goat anti-rat Alexa647
M12,HCT116 OsTIRF74G mAC-POLR2A-delHyg Clone 5,No addition,Vehicle,120,Total Pol II F12,Goat anti-mouse Alexa647
M13,HCT116 OsTIRF74G mAC-POLR2A-delHyg Clone 5,No addition,Vehicle,120,pSer2 3E10,Goat anti-rat Alexa647
M14,HCT116 OsTIRF74G mAC/mCh-POLR2A Clone 1,"EU 1 mM, 30 mins",Vehicle,120,No primary,No secondary
M15,HCT116 OsTIRF74G mAC/mCh-POLR2A Clone 1,"EU 1 mM, 30 mins",10 µM 5PhIAA,120,No primary,No secondary
M16,HCT116 OsTIRF74G mAC/mCh-POLR2A Clone 1,"EU 1 mM, 30 mins",Vehicle,120,No primary,No secondary
M17,HCT116 OsTIRF74G mAC/mCh-POLR2A Clone 1,"EU 1 mM, 30 mins",10 µM 5PhIAA,120,No primary,No secondary
M18,HCT116 OsTIRF74G mAC/mCh-POLR2A Clone 1,"EU 1 mM, 30 mins",Vehicle,120,No primary,No secondary
M19,HCT116 OsTIRF74G mAC/mCh-POLR2A Clone 1,"EU 1 mM, 30 mins",10 µM 5PhIAA,120,No primary,No secondary
M20,HCT116 OsTIRF74G mAC/mCh-POLR2A Clone 1,"EU 1 mM, 30 mins",Vehicle,120,No primary,No secondary
M21,HCT116 OsTIRF74G mAC/mCh-POLR2A Clone 1,"EU 1 mM, 30 mins",10 µM 5PhIAA,120,No primary,No secondary
M22,HCT116 OsTIRF74G mAC-POLR2A-delHyg Clone 5,"EU 1 mM, 30 mins",10 µM 5PhIAA,120,No primary,No secondary
N03,HCT116 OsTIRF74G,No addition,No addition,No addition,pSer2 3E10,Goat anti-rat Alexa647
N04,HCT116 OsTIRF74G,No addition,No addition,No addition,No primary,Goat anti-mouse Alexa647
N05,HCT116 OsTIRF74G,No addition,No addition,No addition,Total Pol II F12,Goat anti-mouse Alexa647
N06,HCT116 OsTIRF74G,No addition,No addition,No addition,No primary,Goat anti-mouse Alexa647
N07,HCT116 OsTIRF74G,No addition,No addition,No addition,Total Pol II F12,Goat anti-mouse Alexa647
N08,HCT116 OsTIRF74G,No addition,No addition,No addition,No primary,Goat anti-rat Alexa647
N09,HCT116 OsTIRF74G,No addition,No addition,No addition,pSer2 3E10,Goat anti-rat Alexa647
N10,HCT116 OsTIRF74G,No addition,No addition,No addition,No primary,Goat anti-rat Alexa647
N11,HCT116 OsTIRF74G,No addition,No addition,No addition,pSer2 3E10,Goat anti-rat Alexa647
N12,HCT116 OsTIRF74G,No addition,No addition,No addition,No primary,Goat anti-mouse Alexa647
N13,HCT116 OsTIRF74G,No addition,No addition,No addition,No primary,Goat anti-rat Alexa647
N14,HCT116 OsTIRF74G,No addition,No addition,No addition,No primary,No secondary
N15,HCT116 OsTIRF74G,"EU 1 mM, 30 mins",No addition,No addition,No primary,No secondary
N16,HCT116 OsTIRF74G,No addition,No addition,No addition,No primary,No secondary
N17,HCT116 OsTIRF74G,"EU 1 mM, 30 mins",No addition,No addition,No primary,No secondary
N18,HCT116 OsTIRF74G,No addition,No addition,No addition,No primary,No secondary
N19,HCT116 OsTIRF74G,"EU 1 mM, 30 mins",No addition,No addition,No primary,No secondary
N20,HCT116 OsTIRF74G,No addition,No addition,No addition,No primary,No secondary
N21,HCT116 OsTIRF74G,"EU 1 mM, 30 mins",No addition,No addition,No primary,No secondary
N22,HCT116 mChPOLR2A Clone 2,"EU 1 mM, 30 mins",No addition,No addition,No primary,No secondary