,WELL,Alexa647_Intensity,GFP_Intensity,DAPI_Intensity,NucleusArea,CELL,DRUG,DRUG TIME HOURS,PRIMARY,SECONDARY,TotalNumberCells,EXPERIMENT
0,C03,511.5658399102782,208.83258480705032,255.9007757469009,1635.8182863714778,HCT116 OsTIRF74G,Vehicle,48.0,pSer5 Pol II 3E8,Goat anti-rat Alexa647,5217,250505_ARMC5mAC_PhosphoPolII
1,C04,476.46952284163586,209.30628540573588,264.15688555821725,1743.9031763417306,HCT116 OsTIRF74G,Vehicle,48.0,pSer5 Pol II 3E8,Goat anti-rat Alexa647,4565,250505_ARMC5mAC_PhosphoPolII
2,C05,476.8951145683286,209.16184731209287,262.42665809296733,1691.0376003379806,HCT116 OsTIRF74G,Vehicle,48.0,pSer5 Pol II 3E8,Goat anti-rat Alexa647,4734,250505_ARMC5mAC_PhosphoPolII
3,C06,465.6174369306222,210.03914747912253,260.9018111236681,1738.1232939035488,HCT116 OsTIRF74G,Vehicle,48.0,pSer5 Pol II 3E8,Goat anti-rat Alexa647,4396,250505_ARMC5mAC_PhosphoPolII
4,C07,468.81602994242644,211.09671832372734,262.4327658676163,1648.938098888463,HCT116 OsTIRF74G,Vehicle,48.0,pSer5 Pol II 3E8,Goat anti-rat Alexa647,5218,250505_ARMC5mAC_PhosphoPolII
5,C08,465.3104667434299,209.97391345213708,256.95116729056184,1670.6898682042834,HCT116 OsTIRF74G,Vehicle,48.0,pSer5 Pol II 3E8,Goat anti-rat Alexa647,4856,250505_ARMC5mAC_PhosphoPolII
6,C09,468.03608996047905,210.84532720500653,258.7259721575527,1651.8808324205916,HCT116 OsTIRF74G,Vehicle,48.0,pSer5 Pol II 3E8,Goat anti-rat Alexa647,4565,250505_ARMC5mAC_PhosphoPolII
7,C10,479.3191111196633,210.46101563298942,261.0164627867882,1650.6863917525773,HCT116 OsTIRF74G,Vehicle,48.0,pSer5 Pol II 3E8,Goat anti-rat Alexa647,4850,250505_ARMC5mAC_PhosphoPolII
8,C11,477.9060373908979,210.52822480217276,259.2307959018359,1684.250233426704,HCT116 OsTIRF74G,Vehicle,48.0,pSer5 Pol II 3E8,Goat anti-rat Alexa647,4284,250505_ARMC5mAC_PhosphoPolII
9,C12,464.9344392312692,210.71096828512285,258.3264326973177,1648.7037492317147,HCT116 OsTIRF74G,Vehicle,48.0,pSer5 Pol II 3E8,Goat anti-rat Alexa647,4881,250505_ARMC5mAC_PhosphoPolII
10,C13,215.75157868196555,208.60122300773742,256.46008677775797,1666.0774225774226,HCT116 OsTIRF74G,Vehicle,48.0,pSer2 Pol II 3E10,Goat anti-rat Alexa647,4004,250505_ARMC5mAC_PhosphoPolII
11,C14,235.05373682403263,206.03748571205364,259.1697502666021,1691.1845777233782,HCT116 OsTIRF74G,Vehicle,48.0,pSer2 Pol II 3E10,Goat anti-rat Alexa647,4085,250505_ARMC5mAC_PhosphoPolII
12,C15,229.31364653478795,205.17041789285776,249.89193840998257,1623.420087135978,HCT116 OsTIRF74G,Vehicle,48.0,pSer2 Pol II 3E10,Goat anti-rat Alexa647,4361,250505_ARMC5mAC_PhosphoPolII
13,C16,235.50249942559702,205.01346162527736,258.948135930288,1666.7896715968914,HCT116 OsTIRF74G,Vehicle,48.0,pSer2 Pol II 3E10,Goat anti-rat Alexa647,3989,250505_ARMC5mAC_PhosphoPolII
14,C17,228.35645685077682,205.6021443567245,250.82754722118017,1667.178586453513,HCT116 OsTIRF74G,Vehicle,48.0,pSer2 Pol II 3E10,Goat anti-rat Alexa647,4754,250505_ARMC5mAC_PhosphoPolII
15,C18,232.80056396197023,204.71522760868615,251.44449810857853,1757.223708366116,HCT116 OsTIRF74G,Vehicle,48.0,pSer2 Pol II 3E10,Goat anti-rat Alexa647,3813,250505_ARMC5mAC_PhosphoPolII
16,C19,228.00713820182736,204.95398183008513,250.63670740003994,1675.225352112676,HCT116 OsTIRF74G,Vehicle,48.0,pSer2 Pol II 3E10,Goat anti-rat Alexa647,4828,250505_ARMC5mAC_PhosphoPolII
17,C20,235.93837814542766,206.15915729857736,255.6657404561863,1742.5252939567952,HCT116 OsTIRF74G,Vehicle,48.0,pSer2 Pol II 3E10,Goat anti-rat Alexa647,3657,250505_ARMC5mAC_PhosphoPolII
18,C21,235.11090849439148,206.55521056410896,255.01168215107361,1700.1267707082834,HCT116 OsTIRF74G,Vehicle,48.0,pSer2 Pol II 3E10,Goat anti-rat Alexa647,4165,250505_ARMC5mAC_PhosphoPolII
19,C22,245.45786827101665,206.4109190214235,257.23885071063546,1688.7307533964595,HCT116 OsTIRF74G,Vehicle,48.0,pSer2 Pol II 3E10,Goat anti-rat Alexa647,4858,250505_ARMC5mAC_PhosphoPolII
20,D03,513.4120631997005,212.35571923266477,267.2572812442497,1582.5103881902678,HCT116 OsTIRF74G ARMC5mAC Clone 5F9,10 µM 5PhIAA,0.5,pSer5 Pol II 3E8,Goat anti-rat Alexa647,3658,250505_ARMC5mAC_PhosphoPolII
21,D04,537.1746929806037,212.02542053379008,270.4418649065929,1689.136507936508,HCT116 OsTIRF74G ARMC5mAC Clone 5A1,10 µM 5PhIAA,0.5,pSer5 Pol II 3E8,Goat anti-rat Alexa647,2205,250505_ARMC5mAC_PhosphoPolII
22,D05,524.5024002192803,229.96301174292597,274.40470656743855,1542.8800249298847,HCT116 OsTIRF74G ARMC5mAC Clone 5F9,Vehicle,0.5,pSer5 Pol II 3E8,Goat anti-rat Alexa647,3209,250505_ARMC5mAC_PhosphoPolII
23,D06,530.194799725348,229.0836193289225,274.0809805127168,1689.0227272727273,HCT116 OsTIRF74G ARMC5mAC Clone 5A1,Vehicle,0.5,pSer5 Pol II 3E8,Goat anti-rat Alexa647,2332,250505_ARMC5mAC_PhosphoPolII
24,D07,516.1055425659695,215.94082012024376,274.7711880078818,1549.1486527399334,HCT116 OsTIRF74G ARMC5mAC Clone 5F9,10 µM 5PhIAA,0.5,pSer5 Pol II 3E8,Goat anti-rat Alexa647,3303,250505_ARMC5mAC_PhosphoPolII
25,D08,537.6774308323281,212.52555510011015,270.18546424147837,1720.7194304857621,HCT116 OsTIRF74G ARMC5mAC Clone 5A1,10 µM 5PhIAA,0.5,pSer5 Pol II 3E8,Goat anti-rat Alexa647,2388,250505_ARMC5mAC_PhosphoPolII
26,D09,499.5178064378123,229.82698668891487,270.3033632060555,1571.584920847867,HCT116 OsTIRF74G ARMC5mAC Clone 5F9,Vehicle,0.5,pSer5 Pol II 3E8,Goat anti-rat Alexa647,3727,250505_ARMC5mAC_PhosphoPolII
27,D10,533.3607925133107,228.0109349681947,273.94750092057217,1695.8917313841937,HCT116 OsTIRF74G ARMC5mAC Clone 5A1,Vehicle,0.5,pSer5 Pol II 3E8,Goat anti-rat Alexa647,2189,250505_ARMC5mAC_PhosphoPolII
28,D11,517.5479862067127,213.03121494758386,277.35361343073663,1514.6669738863288,HCT116 OsTIRF74G ARMC5mAC Clone 5F9,10 µM 5PhIAA,0.5,pSer5 Pol II 3E8,Goat anti-rat Alexa647,3255,250505_ARMC5mAC_PhosphoPolII
29,D12,532.4669282987928,213.4331264612039,274.26577448608833,1604.2892483349192,HCT116 OsTIRF74G ARMC5mAC Clone 5A1,10 µM 5PhIAA,0.5,pSer5 Pol II 3E8,Goat anti-rat Alexa647,2102,250505_ARMC5mAC_PhosphoPolII
30,D13,244.61493254489153,228.36973004166606,275.83018736327693,1552.6159832385513,HCT116 OsTIRF74G ARMC5mAC Clone 5F9,Vehicle,0.5,pSer2 Pol II 3E10,Goat anti-rat Alexa647,3341,250505_ARMC5mAC_PhosphoPolII
31,D14,256.02011540815977,224.5513997200434,270.0577696280016,1693.9928857269897,HCT116 OsTIRF74G ARMC5mAC Clone 5A1,Vehicle,0.5,pSer2 Pol II 3E10,Goat anti-rat Alexa647,2249,250505_ARMC5mAC_PhosphoPolII
32,D15,247.41989131278308,208.90554088668844,271.5485916764827,1551.97261663286,HCT116 OsTIRF74G ARMC5mAC Clone 5F9,10 µM 5PhIAA,0.5,pSer2 Pol II 3E10,Goat anti-rat Alexa647,2958,250505_ARMC5mAC_PhosphoPolII
33,D16,251.80861345790728,208.25108415110728,269.04387150458416,1675.358187134503,HCT116 OsTIRF74G ARMC5mAC Clone 5A1,10 µM 5PhIAA,0.5,pSer2 Pol II 3E10,Goat anti-rat Alexa647,2736,250505_ARMC5mAC_PhosphoPolII
34,D17,243.14572879031962,225.44512072642902,267.54105442909935,1539.1193559677984,HCT116 OsTIRF74G ARMC5mAC Clone 5F9,Vehicle,0.5,pSer2 Pol II 3E10,Goat anti-rat Alexa647,2857,250505_ARMC5mAC_PhosphoPolII
35,D18,255.70233943924424,223.55226611195852,274.1524872924144,1673.1469517743403,HCT116 OsTIRF74G ARMC5mAC Clone 5A1,Vehicle,0.5,pSer2 Pol II 3E10,Goat anti-rat Alexa647,2198,250505_ARMC5mAC_PhosphoPolII
36,D19,244.24954339929812,209.2318417360315,267.3584019009538,1546.4831959416613,HCT116 OsTIRF74G ARMC5mAC Clone 5F9,10 µM 5PhIAA,0.5,pSer2 Pol II 3E10,Goat anti-rat Alexa647,3154,250505_ARMC5mAC_PhosphoPolII
37,D20,256.49187423339487,209.1685817333657,274.4265657757528,1640.4185089974294,HCT116 OsTIRF74G ARMC5mAC Clone 5A1,10 µM 5PhIAA,0.5,pSer2 Pol II 3E10,Goat anti-rat Alexa647,1945,250505_ARMC5mAC_PhosphoPolII
38,D21,244.16813107620203,225.5311017422488,271.57329380640914,1557.5779046339826,HCT116 OsTIRF74G ARMC5mAC Clone 5F9,Vehicle,0.5,pSer2 Pol II 3E10,Goat anti-rat Alexa647,2978,250505_ARMC5mAC_PhosphoPolII
39,D22,259.58205808908605,223.37808443861002,272.0203083807572,1738.8171475010158,HCT116 OsTIRF74G ARMC5mAC Clone 5A1,Vehicle,0.5,pSer2 Pol II 3E10,Goat anti-rat Alexa647,2461,250505_ARMC5mAC_PhosphoPolII
40,E03,527.604494158805,212.5648297585172,265.5948955236654,1570.5911534701856,HCT116 OsTIRF74G ARMC5mAC Clone 5F9,10 µM 5PhIAA,2.0,pSer5 Pol II 3E8,Goat anti-rat Alexa647,4092,250505_ARMC5mAC_PhosphoPolII
41,E04,585.0446566756862,211.9851399144003,266.50151474612915,1707.8126400717167,HCT116 OsTIRF74G ARMC5mAC Clone 5A1,10 µM 5PhIAA,2.0,pSer5 Pol II 3E8,Goat anti-rat Alexa647,2231,250505_ARMC5mAC_PhosphoPolII
42,E05,503.8937469268592,229.90595550321228,274.7163089047248,1529.0401905328968,HCT116 OsTIRF74G ARMC5mAC Clone 5F9,Vehicle,2.0,pSer5 Pol II 3E8,Goat anti-rat Alexa647,3359,250505_ARMC5mAC_PhosphoPolII
43,E06,540.7933943075509,229.09444245244734,280.54574507143434,1632.4044507241258,HCT116 OsTIRF74G ARMC5mAC Clone 5A1,Vehicle,2.0,pSer5 Pol II 3E8,Goat anti-rat Alexa647,2831,250505_ARMC5mAC_PhosphoPolII
44,E07,539.0355679423903,213.4727177107067,272.60975872604206,1558.5522048364153,HCT116 OsTIRF74G ARMC5mAC Clone 5F9,10 µM 5PhIAA,2.0,pSer5 Pol II 3E8,Goat anti-rat Alexa647,3515,250505_ARMC5mAC_PhosphoPolII
45,E08,570.6279211358348,210.5824598466217,268.72158676033916,1687.364640883978,HCT116 OsTIRF74G ARMC5mAC Clone 5A1,10 µM 5PhIAA,2.0,pSer5 Pol II 3E8,Goat anti-rat Alexa647,2534,250505_ARMC5mAC_PhosphoPolII
46,E09,480.09632980241963,228.30351622418522,261.93163083273583,1572.8600583090379,HCT116 OsTIRF74G ARMC5mAC Clone 5F9,Vehicle,2.0,pSer5 Pol II 3E8,Goat anti-rat Alexa647,3773,250505_ARMC5mAC_PhosphoPolII
47,E10,528.6196799163431,227.85018276082968,268.9289425717001,1728.9468775344687,HCT116 OsTIRF74G ARMC5mAC Clone 5A1,Vehicle,2.0,pSer5 Pol II 3E8,Goat anti-rat Alexa647,2466,250505_ARMC5mAC_PhosphoPolII
48,E11,548.1567624355969,212.27975565243676,269.50040311120836,1552.9183496826313,HCT116 OsTIRF74G ARMC5mAC Clone 5F9,10 µM 5PhIAA,2.0,pSer5 Pol II 3E8,Goat anti-rat Alexa647,3466,250505_ARMC5mAC_PhosphoPolII
49,E12,575.9195459212202,211.22126338910027,266.96472304527725,1634.002367797948,HCT116 OsTIRF74G ARMC5mAC Clone 5A1,10 µM 5PhIAA,2.0,pSer5 Pol II 3E8,Goat anti-rat Alexa647,2534,250505_ARMC5mAC_PhosphoPolII
50,E13,239.1504613633621,228.42529799192283,263.6978644907587,1565.683199169047,HCT116 OsTIRF74G ARMC5mAC Clone 5F9,Vehicle,2.0,pSer2 Pol II 3E10,Goat anti-rat Alexa647,3851,250505_ARMC5mAC_PhosphoPolII
51,E14,248.26198705307712,225.699774204995,267.14491344122564,1666.5680808080808,HCT116 OsTIRF74G ARMC5mAC Clone 5A1,Vehicle,2.0,pSer2 Pol II 3E10,Goat anti-rat Alexa647,2475,250505_ARMC5mAC_PhosphoPolII
52,E15,238.98607007896837,209.11490704218681,262.9516374726365,1526.3867403314916,HCT116 OsTIRF74G ARMC5mAC Clone 5F9,10 µM 5PhIAA,2.0,pSer2 Pol II 3E10,Goat anti-rat Alexa647,3620,250505_ARMC5mAC_PhosphoPolII
53,E16,253.54797190571614,208.68010575184096,270.35765607071414,1685.7624010004167,HCT116 OsTIRF74G ARMC5mAC Clone 5A1,10 µM 5PhIAA,2.0,pSer2 Pol II 3E10,Goat anti-rat Alexa647,2399,250505_ARMC5mAC_PhosphoPolII
54,E17,234.96812448408915,225.0385485463275,261.7629999289728,1567.377559607293,HCT116 OsTIRF74G ARMC5mAC Clone 5F9,Vehicle,2.0,pSer2 Pol II 3E10,Goat anti-rat Alexa647,3565,250505_ARMC5mAC_PhosphoPolII
55,E18,245.06142100928759,225.60167019369098,262.6785663262124,1670.4665611396913,HCT116 OsTIRF74G ARMC5mAC Clone 5A1,Vehicle,2.0,pSer2 Pol II 3E10,Goat anti-rat Alexa647,2527,250505_ARMC5mAC_PhosphoPolII
56,E19,237.06500691461756,208.51701127380272,254.8251563818022,1561.8026570716856,HCT116 OsTIRF74G ARMC5mAC Clone 5F9,10 µM 5PhIAA,2.0,pSer2 Pol II 3E10,Goat anti-rat Alexa647,3613,250505_ARMC5mAC_PhosphoPolII
57,E20,256.34321169780685,207.83614340708638,264.921724108502,1602.4458536585366,HCT116 OsTIRF74G ARMC5mAC Clone 5A1,10 µM 5PhIAA,2.0,pSer2 Pol II 3E10,Goat anti-rat Alexa647,2050,250505_ARMC5mAC_PhosphoPolII
58,E21,234.41212434832005,227.84768463815766,259.660124310733,1551.4010585122023,HCT116 OsTIRF74G ARMC5mAC Clone 5F9,Vehicle,2.0,pSer2 Pol II 3E10,Goat anti-rat Alexa647,3401,250505_ARMC5mAC_PhosphoPolII
59,E22,251.486237332969,225.17426562163027,257.16962380428225,1692.429917550059,HCT116 OsTIRF74G ARMC5mAC Clone 5A1,Vehicle,2.0,pSer2 Pol II 3E10,Goat anti-rat Alexa647,2547,250505_ARMC5mAC_PhosphoPolII
60,F03,659.962763422537,214.138860542768,266.5817941694967,1573.2464122137405,HCT116 OsTIRF74G ARMC5mAC Clone 5F9,10 µM 5PhIAA,8.0,pSer5 Pol II 3E8,Goat anti-rat Alexa647,3275,250505_ARMC5mAC_PhosphoPolII
61,F04,706.8071590619248,212.1979054455627,261.26973479063656,1666.0672020287404,HCT116 OsTIRF74G ARMC5mAC Clone 5A1,10 µM 5PhIAA,8.0,pSer5 Pol II 3E8,Goat anti-rat Alexa647,2366,250505_ARMC5mAC_PhosphoPolII
62,F05,500.2317098376106,230.9225038118991,262.4097394398861,1555.192069392813,HCT116 OsTIRF74G ARMC5mAC Clone 5F9,Vehicle,8.0,pSer5 Pol II 3E8,Goat anti-rat Alexa647,3228,250505_ARMC5mAC_PhosphoPolII
63,F06,530.109848018222,230.0289993406029,260.7731207760833,1640.0700374531834,HCT116 OsTIRF74G ARMC5mAC Clone 5A1,Vehicle,8.0,pSer5 Pol II 3E8,Goat anti-rat Alexa647,2670,250505_ARMC5mAC_PhosphoPolII
64,F07,649.4371091173621,214.8510861362971,261.6420891393736,1563.2497069167644,HCT116 OsTIRF74G ARMC5mAC Clone 5F9,10 µM 5PhIAA,8.0,pSer5 Pol II 3E8,Goat anti-rat Alexa647,3412,250505_ARMC5mAC_PhosphoPolII
65,F08,718.163255881678,215.53673817732286,266.4568666071336,1666.0417040358745,HCT116 OsTIRF74G ARMC5mAC Clone 5A1,10 µM 5PhIAA,8.0,pSer5 Pol II 3E8,Goat anti-rat Alexa647,2230,250505_ARMC5mAC_PhosphoPolII
66,F09,493.7485890622817,232.10309237931207,259.89878487341946,1554.3861082737487,HCT116 OsTIRF74G ARMC5mAC Clone 5F9,Vehicle,8.0,pSer5 Pol II 3E8,Goat anti-rat Alexa647,3916,250505_ARMC5mAC_PhosphoPolII
67,F10,540.6691091561896,229.6080607234499,263.13758307872575,1608.7013698630137,HCT116 OsTIRF74G ARMC5mAC Clone 5A1,Vehicle,8.0,pSer5 Pol II 3E8,Goat anti-rat Alexa647,2190,250505_ARMC5mAC_PhosphoPolII
68,F11,638.7903977512974,212.66125372590082,258.65216425300423,1541.1332296526698,HCT116 OsTIRF74G ARMC5mAC Clone 5F9,10 µM 5PhIAA,8.0,pSer5 Pol II 3E8,Goat anti-rat Alexa647,3858,250505_ARMC5mAC_PhosphoPolII
69,F12,538.0723056682383,225.95001795485902,263.9261758257154,1620.1949152542372,HCT116 OsTIRF74G ARMC5mAC Clone 5A1,Vehicle,8.0,pSer5 Pol II 3E8,Goat anti-rat Alexa647,2478,250505_ARMC5mAC_PhosphoPolII
70,F13,233.18212808621763,230.15733291784446,262.0032799226369,1548.114401076716,HCT116 OsTIRF74G ARMC5mAC Clone 5F9,Vehicle,8.0,pSer2 Pol II 3E10,Goat anti-rat Alexa647,3715,250505_ARMC5mAC_PhosphoPolII
71,F14,253.42264361783768,210.34686941874023,261.73678590766986,1637.5650630914827,HCT116 OsTIRF74G ARMC5mAC Clone 5A1,10 µM 5PhIAA,8.0,pSer2 Pol II 3E10,Goat anti-rat Alexa647,2536,250505_ARMC5mAC_PhosphoPolII
72,F15,245.6035137857,211.0966804087964,266.9007053102923,1533.7797369994023,HCT116 OsTIRF74G ARMC5mAC Clone 5F9,10 µM 5PhIAA,8.0,pSer2 Pol II 3E10,Goat anti-rat Alexa647,3346,250505_ARMC5mAC_PhosphoPolII
73,F16,242.47466968270294,225.01332164020403,255.14698297953348,1662.4849424269264,HCT116 OsTIRF74G ARMC5mAC Clone 5A1,Vehicle,8.0,pSer2 Pol II 3E10,Goat anti-rat Alexa647,2258,250505_ARMC5mAC_PhosphoPolII
74,F17,227.68687011141648,225.7633111356843,254.30761956377464,1537.8723804406234,HCT116 OsTIRF74G ARMC5mAC Clone 5F9,Vehicle,8.0,pSer2 Pol II 3E10,Goat anti-rat Alexa647,3722,250505_ARMC5mAC_PhosphoPolII
75,F18,251.4677911061537,208.69057866884074,259.2654854016336,1626.2683421159302,HCT116 OsTIRF74G ARMC5mAC Clone 5A1,10 µM 5PhIAA,8.0,pSer2 Pol II 3E10,Goat anti-rat Alexa647,2467,250505_ARMC5mAC_PhosphoPolII
76,F19,231.43899713762312,210.4381826130947,261.1379036941118,1523.8923996584117,HCT116 OsTIRF74G ARMC5mAC Clone 5F9,10 µM 5PhIAA,8.0,pSer2 Pol II 3E10,Goat anti-rat Alexa647,3513,250505_ARMC5mAC_PhosphoPolII
77,F20,245.08041258840572,227.4331081768722,265.2781581787034,1656.6076146076146,HCT116 OsTIRF74G ARMC5mAC Clone 5A1,Vehicle,8.0,pSer2 Pol II 3E10,Goat anti-rat Alexa647,2574,250505_ARMC5mAC_PhosphoPolII
78,F21,240.01058178979991,228.8165179882435,264.52991682323517,1502.797190201729,HCT116 OsTIRF74G ARMC5mAC Clone 5F9,Vehicle,8.0,pSer2 Pol II 3E10,Goat anti-rat Alexa647,2776,250505_ARMC5mAC_PhosphoPolII
79,F22,263.18720723609454,210.0633108654257,261.6035505222537,1652.5350877192982,HCT116 OsTIRF74G ARMC5mAC Clone 5A1,10 µM 5PhIAA,8.0,pSer2 Pol II 3E10,Goat anti-rat Alexa647,2280,250505_ARMC5mAC_PhosphoPolII
80,G03,700.0312899317415,213.30941431951896,252.85746498635817,1604.6360381861575,HCT116 OsTIRF74G ARMC5mAC Clone 5F9,10 µM 5PhIAA,24.0,pSer5 Pol II 3E8,Goat anti-rat Alexa647,3352,250505_ARMC5mAC_PhosphoPolII
81,G04,767.1625070021893,215.10504338627948,257.77313740065347,1683.3222222222223,HCT116 OsTIRF74G ARMC5mAC Clone 5A1,10 µM 5PhIAA,24.0,pSer5 Pol II 3E8,Goat anti-rat Alexa647,2610,250505_ARMC5mAC_PhosphoPolII
82,G05,486.0598394887844,230.89552373306552,256.68151389205053,1571.1040480708411,HCT116 OsTIRF74G ARMC5mAC Clone 5F9,Vehicle,24.0,pSer5 Pol II 3E8,Goat anti-rat Alexa647,3162,250505_ARMC5mAC_PhosphoPolII
83,G06,520.8849368951065,227.98615101161226,252.37071087127708,1714.0285821737496,HCT116 OsTIRF74G ARMC5mAC Clone 5A1,Vehicle,24.0,pSer5 Pol II 3E8,Goat anti-rat Alexa647,2659,250505_ARMC5mAC_PhosphoPolII
84,G07,650.2554035866272,214.64661677299642,244.27211519097915,1608.7552479815456,HCT116 OsTIRF74G ARMC5mAC Clone 5F9,10 µM 5PhIAA,24.0,pSer5 Pol II 3E8,Goat anti-rat Alexa647,4335,250505_ARMC5mAC_PhosphoPolII
85,G08,787.3610512605627,215.17536778975364,251.90419381940794,1711.114994757078,HCT116 OsTIRF74G ARMC5mAC Clone 5A1,10 µM 5PhIAA,24.0,pSer5 Pol II 3E8,Goat anti-rat Alexa647,2861,250505_ARMC5mAC_PhosphoPolII
86,G09,460.6457285951822,229.72006119831818,246.5103925916444,1568.8693399414283,HCT116 OsTIRF74G ARMC5mAC Clone 5F9,Vehicle,24.0,pSer5 Pol II 3E8,Goat anti-rat Alexa647,4439,250505_ARMC5mAC_PhosphoPolII
87,G10,491.0958002478222,228.71313226097382,250.99523740251178,1702.5047365304915,HCT116 OsTIRF74G ARMC5mAC Clone 5A1,Vehicle,24.0,pSer5 Pol II 3E8,Goat anti-rat Alexa647,3378,250505_ARMC5mAC_PhosphoPolII
88,G11,638.895753790413,212.58816338666873,244.49672327209768,1635.8675908221796,HCT116 OsTIRF74G ARMC5mAC Clone 5F9,10 µM 5PhIAA,24.0,pSer5 Pol II 3E8,Goat anti-rat Alexa647,4184,250505_ARMC5mAC_PhosphoPolII
89,G12,753.651845476382,210.85316204076855,247.66400680880565,1699.248443133399,HCT116 OsTIRF74G ARMC5mAC Clone 5A1,10 µM 5PhIAA,24.0,pSer5 Pol II 3E8,Goat anti-rat Alexa647,3051,250505_ARMC5mAC_PhosphoPolII
90,G13,217.30576479199576,225.8872655297158,242.82164799324565,1595.1621392190152,HCT116 OsTIRF74G ARMC5mAC Clone 5F9,Vehicle,24.0,pSer2 Pol II 3E10,Goat anti-rat Alexa647,4712,250505_ARMC5mAC_PhosphoPolII
91,G14,232.20473360501072,224.6830772008728,248.36189628333466,1746.3587935761848,HCT116 OsTIRF74G ARMC5mAC Clone 5A1,Vehicle,24.0,pSer2 Pol II 3E10,Goat anti-rat Alexa647,2553,250505_ARMC5mAC_PhosphoPolII
92,G15,231.85585614242342,208.56296938663738,245.35754312906542,1572.5126628964838,HCT116 OsTIRF74G ARMC5mAC Clone 5F9,10 µM 5PhIAA,24.0,pSer2 Pol II 3E10,Goat anti-rat Alexa647,4067,250505_ARMC5mAC_PhosphoPolII
93,G16,242.757823514087,209.20108503383574,247.13748391629514,1766.3915662650602,HCT116 OsTIRF74G ARMC5mAC Clone 5A1,10 µM 5PhIAA,24.0,pSer2 Pol II 3E10,Goat anti-rat Alexa647,2656,250505_ARMC5mAC_PhosphoPolII
94,G17,225.7849736701315,224.9065300557707,248.01962009180326,1566.185525560023,HCT116 OsTIRF74G ARMC5mAC Clone 5F9,Vehicle,24.0,pSer2 Pol II 3E10,Goat anti-rat Alexa647,3482,250505_ARMC5mAC_PhosphoPolII
95,G18,231.1131959125907,224.41319048167782,250.89621849419655,1694.7078095238096,HCT116 OsTIRF74G ARMC5mAC Clone 5A1,Vehicle,24.0,pSer2 Pol II 3E10,Goat anti-rat Alexa647,2625,250505_ARMC5mAC_PhosphoPolII
96,G19,232.48859504206126,208.94367328453183,245.8600088743554,1600.6083021223471,HCT116 OsTIRF74G ARMC5mAC Clone 5F9,10 µM 5PhIAA,24.0,pSer2 Pol II 3E10,Goat anti-rat Alexa647,3204,250505_ARMC5mAC_PhosphoPolII
97,G20,248.44434790708516,210.30665256934319,248.46047235433787,1733.7868852459017,HCT116 OsTIRF74G ARMC5mAC Clone 5A1,10 µM 5PhIAA,24.0,pSer2 Pol II 3E10,Goat anti-rat Alexa647,2440,250505_ARMC5mAC_PhosphoPolII
98,G21,225.25939769229447,229.0413057690732,250.29480629411412,1570.4522563767168,HCT116 OsTIRF74G ARMC5mAC Clone 5F9,Vehicle,24.0,pSer2 Pol II 3E10,Goat anti-rat Alexa647,3058,250505_ARMC5mAC_PhosphoPolII
99,G22,244.06629840664147,230.00994645018488,247.0241709082565,1693.0548841893253,HCT116 OsTIRF74G ARMC5mAC Clone 5A1,Vehicle,24.0,pSer2 Pol II 3E10,Goat anti-rat Alexa647,1986,250505_ARMC5mAC_PhosphoPolII
100,H03,724.861700759073,214.079128739365,256.90270829982524,1610.7322198275863,HCT116 OsTIRF74G ARMC5mAC Clone 5F9,10 µM 5PhIAA,48.0,pSer5 Pol II 3E8,Goat anti-rat Alexa647,3712,250505_ARMC5mAC_PhosphoPolII
101,H04,805.9133055425151,215.20219404110307,249.92375307843824,1776.2857707509881,HCT116 OsTIRF74G ARMC5mAC Clone 5A1,10 µM 5PhIAA,48.0,pSer5 Pol II 3E8,Goat anti-rat Alexa647,2530,250505_ARMC5mAC_PhosphoPolII
102,H05,479.11116156330417,229.98068100472253,255.45288104257554,1577.2204888195529,HCT116 OsTIRF74G ARMC5mAC Clone 5F9,Vehicle,48.0,pSer5 Pol II 3E8,Goat anti-rat Alexa647,3846,250505_ARMC5mAC_PhosphoPolII
103,H06,497.9248269458395,227.39854301922006,256.40259672338834,1729.9850570192687,HCT116 OsTIRF74G ARMC5mAC Clone 5A1,Vehicle,48.0,pSer5 Pol II 3E8,Goat anti-rat Alexa647,2543,250505_ARMC5mAC_PhosphoPolII
104,H07,697.8829003736577,214.72886034064823,249.78497972137794,1659.858583247156,HCT116 OsTIRF74G ARMC5mAC Clone 5F9,10 µM 5PhIAA,48.0,pSer5 Pol II 3E8,Goat anti-rat Alexa647,3868,250505_ARMC5mAC_PhosphoPolII
105,H08,820.7443944036919,214.1129732893906,256.42719980703663,1786.160214641625,HCT116 OsTIRF74G ARMC5mAC Clone 5A1,10 µM 5PhIAA,48.0,pSer5 Pol II 3E8,Goat anti-rat Alexa647,2609,250505_ARMC5mAC_PhosphoPolII
106,H09,467.33113408891023,230.8070238726866,249.70244020327976,1580.528310940499,HCT116 OsTIRF74G ARMC5mAC Clone 5F9,Vehicle,48.0,pSer5 Pol II 3E8,Goat anti-rat Alexa647,4168,250505_ARMC5mAC_PhosphoPolII
107,H10,495.24024443258185,229.70392852840754,254.87581605486216,1712.9377241604172,HCT116 OsTIRF74G ARMC5mAC Clone 5A1,Vehicle,48.0,pSer5 Pol II 3E8,Goat anti-rat Alexa647,3067,250505_ARMC5mAC_PhosphoPolII
108,H11,683.7892008709354,213.7288417245408,249.26557816610568,1613.411340924936,HCT116 OsTIRF74G ARMC5mAC Clone 5F9,10 µM 5PhIAA,48.0,pSer5 Pol II 3E8,Goat anti-rat Alexa647,4303,250505_ARMC5mAC_PhosphoPolII
109,H12,816.5397003316527,212.14767422642083,253.94020823358642,1768.1642778390299,HCT116 OsTIRF74G ARMC5mAC Clone 5A1,10 µM 5PhIAA,48.0,pSer5 Pol II 3E8,Goat anti-rat Alexa647,2721,250505_ARMC5mAC_PhosphoPolII
110,H13,217.15896943574774,226.02665744864177,246.70856885951662,1590.7091981647368,HCT116 OsTIRF74G ARMC5mAC Clone 5F9,Vehicle,48.0,pSer2 Pol II 3E10,Goat anti-rat Alexa647,4577,250505_ARMC5mAC_PhosphoPolII
111,H14,224.7266033779347,226.2994449254191,254.48055208938075,1715.590119760479,HCT116 OsTIRF74G ARMC5mAC Clone 5A1,Vehicle,48.0,pSer2 Pol II 3E10,Goat anti-rat Alexa647,3340,250505_ARMC5mAC_PhosphoPolII
112,H15,235.18264050235993,209.31834549901407,247.8424592893352,1631.046801505174,HCT116 OsTIRF74G ARMC5mAC Clone 5F9,10 µM 5PhIAA,48.0,pSer2 Pol II 3E10,Goat anti-rat Alexa647,4252,250505_ARMC5mAC_PhosphoPolII
113,H16,253.4252744371444,210.68323815291964,252.80404464857824,1742.0655149934812,HCT116 OsTIRF74G ARMC5mAC Clone 5A1,10 µM 5PhIAA,48.0,pSer2 Pol II 3E10,Goat anti-rat Alexa647,3068,250505_ARMC5mAC_PhosphoPolII
114,H17,226.12066472231533,227.8493250477982,250.1289322362181,1565.0625942684767,HCT116 OsTIRF74G ARMC5mAC Clone 5F9,Vehicle,48.0,pSer2 Pol II 3E10,Goat anti-rat Alexa647,3978,250505_ARMC5mAC_PhosphoPolII
115,H18,234.05953493133146,227.33724360295554,252.49668635887224,1743.965011820331,HCT116 OsTIRF74G ARMC5mAC Clone 5A1,Vehicle,48.0,pSer2 Pol II 3E10,Goat anti-rat Alexa647,2115,250505_ARMC5mAC_PhosphoPolII
116,H19,236.57866404861636,210.00754125813805,252.36169347098476,1636.9435042309606,HCT116 OsTIRF74G ARMC5mAC Clone 5F9,10 µM 5PhIAA,48.0,pSer2 Pol II 3E10,Goat anti-rat Alexa647,4018,250505_ARMC5mAC_PhosphoPolII
117,H20,248.92666621688284,210.26380565034327,250.8589894787732,1801.542879019908,HCT116 OsTIRF74G ARMC5mAC Clone 5A1,10 µM 5PhIAA,48.0,pSer2 Pol II 3E10,Goat anti-rat Alexa647,2612,250505_ARMC5mAC_PhosphoPolII
118,H21,232.72312285200186,223.94599562909812,258.8088125557055,1570.5032467532467,HCT116 OsTIRF74G ARMC5mAC Clone 5F9,Vehicle,48.0,pSer2 Pol II 3E10,Goat anti-rat Alexa647,3080,250505_ARMC5mAC_PhosphoPolII
119,H22,245.81878983591113,229.01544046538902,257.9175594599774,1640.9096209912536,HCT116 OsTIRF74G ARMC5mAC Clone 5A1,Vehicle,48.0,pSer2 Pol II 3E10,Goat anti-rat Alexa647,2058,250505_ARMC5mAC_PhosphoPolII
120,I03,478.3892971517973,232.70845721108282,257.661798216732,1556.279550676538,HCT116 OsTIRF74G ARMC5mAC Clone 5F9,Vehicle,0.5,pSer5 Pol II 3E8,Goat anti-rat Alexa647,3917,250505_ARMC5mAC_PhosphoPolII
121,I04,527.9636821803884,231.86809798319766,260.7462503533438,1689.8374153204795,HCT116 OsTIRF74G ARMC5mAC Clone 5A1,Vehicle,0.5,pSer5 Pol II 3E8,Goat anti-rat Alexa647,1919,250505_ARMC5mAC_PhosphoPolII
122,I05,511.3350195085299,218.31056123774488,259.2451341528987,1528.2136697540723,HCT116 OsTIRF74G ARMC5mAC Clone 5F9,10 µM 5PhIAA,0.5,pSer5 Pol II 3E8,Goat anti-rat Alexa647,3131,250505_ARMC5mAC_PhosphoPolII
123,I06,523.3411180953875,215.3545988459144,255.1749985470363,1669.5907981875218,HCT116 OsTIRF74G ARMC5mAC Clone 5A1,10 µM 5PhIAA,0.5,pSer5 Pol II 3E8,Goat anti-rat Alexa647,2869,250505_ARMC5mAC_PhosphoPolII
124,I07,481.10063925261727,232.36495349296666,249.9155276896414,1556.083178005592,HCT116 OsTIRF74G ARMC5mAC Clone 5F9,Vehicle,0.5,pSer5 Pol II 3E8,Goat anti-rat Alexa647,4292,250505_ARMC5mAC_PhosphoPolII
125,I08,518.3458255343512,230.69775005273556,256.44060906955633,1716.0880529144274,HCT116 OsTIRF74G ARMC5mAC Clone 5A1,Vehicle,0.5,pSer5 Pol II 3E8,Goat anti-rat Alexa647,2419,250505_ARMC5mAC_PhosphoPolII
126,I09,488.77562629076783,216.76053995324187,253.0306701029996,1536.4641217685432,HCT116 OsTIRF74G ARMC5mAC Clone 5F9,10 µM 5PhIAA,0.5,pSer5 Pol II 3E8,Goat anti-rat Alexa647,4139,250505_ARMC5mAC_PhosphoPolII
127,I10,505.78657448979766,215.7108971271852,254.9426140581303,1769.956507304117,HCT116 OsTIRF74G ARMC5mAC Clone 5A1,10 µM 5PhIAA,0.5,pSer5 Pol II 3E8,Goat anti-rat Alexa647,3012,250505_ARMC5mAC_PhosphoPolII
128,I11,485.6477800249212,230.1914913919953,246.09910784994608,1530.9102651257647,HCT116 OsTIRF74G ARMC5mAC Clone 5F9,Vehicle,0.5,pSer5 Pol II 3E8,Goat anti-rat Alexa647,4413,250505_ARMC5mAC_PhosphoPolII
129,I12,502.30739066541804,229.8725946498563,256.31543015145576,1668.7243858597963,HCT116 OsTIRF74G ARMC5mAC Clone 5A1,Vehicle,0.5,pSer5 Pol II 3E8,Goat anti-rat Alexa647,3338,250505_ARMC5mAC_PhosphoPolII
130,I13,234.90565768846866,213.66215347711818,249.6384764424543,1531.5244299674266,HCT116 OsTIRF74G ARMC5mAC Clone 5F9,10 µM 5PhIAA,0.5,pSer2 Pol II 3E10,Goat anti-rat Alexa647,4298,250505_ARMC5mAC_PhosphoPolII
131,I14,242.16099541618735,213.28417148907522,250.27398825937868,1673.3622881355932,HCT116 OsTIRF74G ARMC5mAC Clone 5A1,10 µM 5PhIAA,0.5,pSer2 Pol II 3E10,Goat anti-rat Alexa647,2832,250505_ARMC5mAC_PhosphoPolII
132,I15,234.3399098087639,229.6870294481425,247.24326910901834,1567.6917426545085,HCT116 OsTIRF74G ARMC5mAC Clone 5F9,Vehicle,0.5,pSer2 Pol II 3E10,Goat anti-rat Alexa647,3948,250505_ARMC5mAC_PhosphoPolII
133,I16,244.5799945557551,228.11508454252683,251.80847543979021,1665.0628955696202,HCT116 OsTIRF74G ARMC5mAC Clone 5A1,Vehicle,0.5,pSer2 Pol II 3E10,Goat anti-rat Alexa647,2528,250505_ARMC5mAC_PhosphoPolII
134,I17,233.98695731482647,212.38650602608885,248.022332985377,1559.4524532119374,HCT116 OsTIRF74G ARMC5mAC Clone 5F9,10 µM 5PhIAA,0.5,pSer2 Pol II 3E10,Goat anti-rat Alexa647,3954,250505_ARMC5mAC_PhosphoPolII
135,I18,245.98555837267796,211.89700337869104,249.46187734434076,1665.5110673880963,HCT116 OsTIRF74G ARMC5mAC Clone 5A1,10 µM 5PhIAA,0.5,pSer2 Pol II 3E10,Goat anti-rat Alexa647,2033,250505_ARMC5mAC_PhosphoPolII
136,I19,235.5849870092431,229.99944632331832,255.77601337227924,1474.4986033519554,HCT116 OsTIRF74G ARMC5mAC Clone 5F9,Vehicle,0.5,pSer2 Pol II 3E10,Goat anti-rat Alexa647,3580,250505_ARMC5mAC_PhosphoPolII
137,I20,248.02681501100048,230.2131024415671,256.31895264043374,1699.3702702702703,HCT116 OsTIRF74G ARMC5mAC Clone 5A1,Vehicle,0.5,pSer2 Pol II 3E10,Goat anti-rat Alexa647,1850,250505_ARMC5mAC_PhosphoPolII
138,I21,243.36578165781054,213.7165094325803,248.3956347481913,1532.3623040218133,HCT116 OsTIRF74G ARMC5mAC Clone 5F9,10 µM 5PhIAA,0.5,pSer2 Pol II 3E10,Goat anti-rat Alexa647,2934,250505_ARMC5mAC_PhosphoPolII
139,I22,243.58437015318336,211.36825570636896,248.57015210620003,1784.2478176527643,HCT116 OsTIRF74G ARMC5mAC Clone 5A1,10 µM 5PhIAA,0.5,pSer2 Pol II 3E10,Goat anti-rat Alexa647,2062,250505_ARMC5mAC_PhosphoPolII
140,J03,477.5914241201838,234.99674392762623,253.19129688746,1574.3849462365592,HCT116 OsTIRF74G ARMC5mAC Clone 5F9,Vehicle,2.0,pSer5 Pol II 3E8,Goat anti-rat Alexa647,3720,250505_ARMC5mAC_PhosphoPolII
141,J04,517.8319600179175,233.4017471429241,254.07720425727072,1703.8429101019462,HCT116 OsTIRF74G ARMC5mAC Clone 5A1,Vehicle,2.0,pSer5 Pol II 3E8,Goat anti-rat Alexa647,2158,250505_ARMC5mAC_PhosphoPolII
142,J05,516.4474660386221,216.93283285328613,248.59491246676464,1542.0209580838323,HCT116 OsTIRF74G ARMC5mAC Clone 5F9,10 µM 5PhIAA,2.0,pSer5 Pol II 3E8,Goat anti-rat Alexa647,4008,250505_ARMC5mAC_PhosphoPolII
143,J06,546.8797202966203,215.99339805121974,247.18136999959566,1718.073628318584,HCT116 OsTIRF74G ARMC5mAC Clone 5A1,10 µM 5PhIAA,2.0,pSer5 Pol II 3E8,Goat anti-rat Alexa647,2825,250505_ARMC5mAC_PhosphoPolII
144,J07,485.4798072022056,234.81620361836258,244.20850792842762,1563.4078319006685,HCT116 OsTIRF74G ARMC5mAC Clone 5F9,Vehicle,2.0,pSer5 Pol II 3E8,Goat anti-rat Alexa647,4188,250505_ARMC5mAC_PhosphoPolII
145,J08,499.2059742901154,233.82412922992305,247.71531085767376,1676.8597495527729,HCT116 OsTIRF74G ARMC5mAC Clone 5A1,Vehicle,2.0,pSer5 Pol II 3E8,Goat anti-rat Alexa647,2795,250505_ARMC5mAC_PhosphoPolII
146,J09,526.7029596291701,216.4212828368922,247.9986131501208,1560.9699624530663,HCT116 OsTIRF74G ARMC5mAC Clone 5F9,10 µM 5PhIAA,2.0,pSer5 Pol II 3E8,Goat anti-rat Alexa647,3995,250505_ARMC5mAC_PhosphoPolII
147,J10,561.5990787507475,216.21694114576047,248.77678405624056,1714.379694462126,HCT116 OsTIRF74G ARMC5mAC Clone 5A1,10 µM 5PhIAA,2.0,pSer5 Pol II 3E8,Goat anti-rat Alexa647,3142,250505_ARMC5mAC_PhosphoPolII
148,J11,484.22265362508347,231.22216954843867,243.28857080012477,1527.939021198639,HCT116 OsTIRF74G ARMC5mAC Clone 5F9,Vehicle,2.0,pSer5 Pol II 3E8,Goat anti-rat Alexa647,3821,250505_ARMC5mAC_PhosphoPolII
149,J12,508.0812633704691,229.96458631622042,254.10406816707766,1680.8395672333847,HCT116 OsTIRF74G ARMC5mAC Clone 5A1,Vehicle,2.0,pSer5 Pol II 3E8,Goat anti-rat Alexa647,3235,250505_ARMC5mAC_PhosphoPolII
150,J13,232.4175926827899,212.78966695426936,240.70839557146226,1528.111583687766,HCT116 OsTIRF74G ARMC5mAC Clone 5F9,10 µM 5PhIAA,2.0,pSer2 Pol II 3E10,Goat anti-rat Alexa647,3997,250505_ARMC5mAC_PhosphoPolII
151,J14,238.13679238038026,212.39047689297993,245.93123874063335,1662.037181303116,HCT116 OsTIRF74G ARMC5mAC Clone 5A1,10 µM 5PhIAA,2.0,pSer2 Pol II 3E10,Goat anti-rat Alexa647,2824,250505_ARMC5mAC_PhosphoPolII
152,J15,235.34357629316256,228.3506057174526,243.83258333785017,1519.798303030303,HCT116 OsTIRF74G ARMC5mAC Clone 5F9,Vehicle,2.0,pSer2 Pol II 3E10,Goat anti-rat Alexa647,4125,250505_ARMC5mAC_PhosphoPolII
153,J16,245.4631541648554,227.71794866310432,249.75236244224115,1654.990857142857,HCT116 OsTIRF74G ARMC5mAC Clone 5A1,Vehicle,2.0,pSer2 Pol II 3E10,Goat anti-rat Alexa647,2625,250505_ARMC5mAC_PhosphoPolII
154,J17,235.5672192482336,212.14540906121098,243.36516862094675,1538.9479987393634,HCT116 OsTIRF74G ARMC5mAC Clone 5F9,10 µM 5PhIAA,2.0,pSer2 Pol II 3E10,Goat anti-rat Alexa647,3173,250505_ARMC5mAC_PhosphoPolII
155,J18,248.01950253965737,212.20332585316174,249.71663968529833,1662.4885035808518,HCT116 OsTIRF74G ARMC5mAC Clone 5A1,10 µM 5PhIAA,2.0,pSer2 Pol II 3E10,Goat anti-rat Alexa647,2653,250505_ARMC5mAC_PhosphoPolII
156,J19,230.9951580632405,229.6538194441491,244.99101400142823,1583.0044956448442,HCT116 OsTIRF74G ARMC5mAC Clone 5F9,Vehicle,2.0,pSer2 Pol II 3E10,Goat anti-rat Alexa647,3559,250505_ARMC5mAC_PhosphoPolII
157,J20,246.9067266906058,230.41210457476373,258.3556315885998,1590.635668789809,HCT116 OsTIRF74G ARMC5mAC Clone 5A1,Vehicle,2.0,pSer2 Pol II 3E10,Goat anti-rat Alexa647,2355,250505_ARMC5mAC_PhosphoPolII
158,J21,243.96584503811835,213.309493337147,249.93902903359384,1493.459308807135,HCT116 OsTIRF74G ARMC5mAC Clone 5F9,10 µM 5PhIAA,2.0,pSer2 Pol II 3E10,Goat anti-rat Alexa647,2691,250505_ARMC5mAC_PhosphoPolII
159,J22,244.62887478839286,210.59079271346076,248.06780640405083,1629.2277657266811,HCT116 OsTIRF74G ARMC5mAC Clone 5A1,10 µM 5PhIAA,2.0,pSer2 Pol II 3E10,Goat anti-rat Alexa647,2305,250505_ARMC5mAC_PhosphoPolII
160,K03,497.91189694099813,234.85360935225546,259.85458684725177,1551.99585553582,HCT116 OsTIRF74G ARMC5mAC Clone 5F9,Vehicle,8.0,pSer5 Pol II 3E8,Goat anti-rat Alexa647,3378,250505_ARMC5mAC_PhosphoPolII
161,K04,537.9719024299447,234.5322177521537,256.88848155581707,1605.8182254196643,HCT116 OsTIRF74G ARMC5mAC Clone 5A1,Vehicle,8.0,pSer5 Pol II 3E8,Goat anti-rat Alexa647,2085,250505_ARMC5mAC_PhosphoPolII
162,K05,624.2395652373785,215.91817019220463,244.6808853817932,1574.4062590553463,HCT116 OsTIRF74G ARMC5mAC Clone 5F9,10 µM 5PhIAA,8.0,pSer5 Pol II 3E8,Goat anti-rat Alexa647,3451,250505_ARMC5mAC_PhosphoPolII
163,K06,704.796401853767,215.95485291532736,252.71822274875586,1664.2515894641235,HCT116 OsTIRF74G ARMC5mAC Clone 5A1,10 µM 5PhIAA,8.0,pSer5 Pol II 3E8,Goat anti-rat Alexa647,2202,250505_ARMC5mAC_PhosphoPolII
164,K07,481.452485558876,234.77832019416604,245.5854420625113,1547.005077498664,HCT116 OsTIRF74G ARMC5mAC Clone 5F9,Vehicle,8.0,pSer5 Pol II 3E8,Goat anti-rat Alexa647,3742,250505_ARMC5mAC_PhosphoPolII
165,K08,516.8340783236185,233.4426706183134,251.87560142148783,1619.4640065816536,HCT116 OsTIRF74G ARMC5mAC Clone 5A1,Vehicle,8.0,pSer5 Pol II 3E8,Goat anti-rat Alexa647,2431,250505_ARMC5mAC_PhosphoPolII
166,K09,640.2139836367104,214.3853483607262,245.12561801907228,1539.3348441926346,HCT116 OsTIRF74G ARMC5mAC Clone 5F9,10 µM 5PhIAA,8.0,pSer5 Pol II 3E8,Goat anti-rat Alexa647,3530,250505_ARMC5mAC_PhosphoPolII
167,K10,711.8251721820785,214.8191224492763,254.2633571464622,1666.6641036017807,HCT116 OsTIRF74G ARMC5mAC Clone 5A1,10 µM 5PhIAA,8.0,pSer5 Pol II 3E8,Goat anti-rat Alexa647,2471,250505_ARMC5mAC_PhosphoPolII
168,K11,490.9315156801051,232.21819243938228,245.65047676258436,1548.3252190847127,HCT116 OsTIRF74G ARMC5mAC Clone 5F9,Vehicle,8.0,pSer5 Pol II 3E8,Goat anti-rat Alexa647,4108,250505_ARMC5mAC_PhosphoPolII
169,K12,532.0552389470806,229.1098841842679,257.58848351115677,1591.1745816372681,HCT116 OsTIRF74G ARMC5mAC Clone 5A1,Vehicle,8.0,pSer5 Pol II 3E8,Goat anti-rat Alexa647,2211,250505_ARMC5mAC_PhosphoPolII
170,K13,229.32249932262297,211.49688411121664,237.904962721661,1537.520978120978,HCT116 OsTIRF74G ARMC5mAC Clone 5F9,10 µM 5PhIAA,8.0,pSer2 Pol II 3E10,Goat anti-rat Alexa647,3885,250505_ARMC5mAC_PhosphoPolII
171,K14,243.23593159139338,210.95971005989023,247.5859531195955,1682.709982788296,HCT116 OsTIRF74G ARMC5mAC Clone 5A1,10 µM 5PhIAA,8.0,pSer2 Pol II 3E10,Goat anti-rat Alexa647,2324,250505_ARMC5mAC_PhosphoPolII
172,K15,227.91782910341254,231.74862035290016,245.65718728058226,1538.2684684684684,HCT116 OsTIRF74G ARMC5mAC Clone 5F9,Vehicle,8.0,pSer2 Pol II 3E10,Goat anti-rat Alexa647,3885,250505_ARMC5mAC_PhosphoPolII
173,K16,247.0173570831264,228.46159288447814,250.6967255651172,1538.6959490213928,HCT116 OsTIRF74G ARMC5mAC Clone 5A1,Vehicle,8.0,pSer2 Pol II 3E10,Goat anti-rat Alexa647,2197,250505_ARMC5mAC_PhosphoPolII
174,K17,235.78107219657824,211.2614822015483,248.67697065871383,1525.9226460389436,HCT116 OsTIRF74G ARMC5mAC Clone 5F9,10 µM 5PhIAA,8.0,pSer2 Pol II 3E10,Goat anti-rat Alexa647,3749,250505_ARMC5mAC_PhosphoPolII
175,K18,259.34926963948726,212.34520636174003,256.4933637212838,1558.0025493945188,HCT116 OsTIRF74G ARMC5mAC Clone 5A1,10 µM 5PhIAA,8.0,pSer2 Pol II 3E10,Goat anti-rat Alexa647,1569,250505_ARMC5mAC_PhosphoPolII
176,K19,230.85097398965206,232.0225755144311,250.28773945810696,1535.9227430555557,HCT116 OsTIRF74G ARMC5mAC Clone 5F9,Vehicle,8.0,pSer2 Pol II 3E10,Goat anti-rat Alexa647,3456,250505_ARMC5mAC_PhosphoPolII
177,K20,241.29604132094858,231.26538720454312,256.4305436456587,1645.2602339181287,HCT116 OsTIRF74G ARMC5mAC Clone 5A1,Vehicle,8.0,pSer2 Pol II 3E10,Goat anti-rat Alexa647,2052,250505_ARMC5mAC_PhosphoPolII
178,K21,245.360328856604,214.7392497754628,251.86430303120704,1517.2681072428973,HCT116 OsTIRF74G ARMC5mAC Clone 5F9,10 µM 5PhIAA,8.0,pSer2 Pol II 3E10,Goat anti-rat Alexa647,2499,250505_ARMC5mAC_PhosphoPolII
179,K22,252.91064156704263,211.73032228895113,253.37232874192725,1614.7823475046212,HCT116 OsTIRF74G ARMC5mAC Clone 5A1,10 µM 5PhIAA,8.0,pSer2 Pol II 3E10,Goat anti-rat Alexa647,2164,250505_ARMC5mAC_PhosphoPolII
180,L03,487.43844622134503,235.84961230757037,248.85542401434668,1596.7149306675267,HCT116 OsTIRF74G ARMC5mAC Clone 5F9,Vehicle,24.0,pSer5 Pol II 3E8,Goat anti-rat Alexa647,3101,250505_ARMC5mAC_PhosphoPolII
181,L04,528.2707990980717,233.0608354454635,256.52201650209776,1631.806793118659,HCT116 OsTIRF74G ARMC5mAC Clone 5A1,Vehicle,24.0,pSer5 Pol II 3E8,Goat anti-rat Alexa647,2267,250505_ARMC5mAC_PhosphoPolII
182,L05,707.630661496453,216.89591896242828,242.05243149833547,1556.2305974316025,HCT116 OsTIRF74G ARMC5mAC Clone 5F9,10 µM 5PhIAA,24.0,pSer5 Pol II 3E8,Goat anti-rat Alexa647,3582,250505_ARMC5mAC_PhosphoPolII
183,L06,833.9679670883763,218.14816064520838,246.31130705246088,1677.0473606314752,HCT116 OsTIRF74G ARMC5mAC Clone 5A1,10 µM 5PhIAA,24.0,pSer5 Pol II 3E8,Goat anti-rat Alexa647,2027,250505_ARMC5mAC_PhosphoPolII
184,L07,488.4969442740996,235.50361309830703,241.1292866144878,1546.8453052847615,HCT116 OsTIRF74G ARMC5mAC Clone 5F9,Vehicle,24.0,pSer5 Pol II 3E8,Goat anti-rat Alexa647,3898,250505_ARMC5mAC_PhosphoPolII
185,L08,520.4732473263881,232.22458027881117,249.94958704277047,1651.9731750219878,HCT116 OsTIRF74G ARMC5mAC Clone 5A1,Vehicle,24.0,pSer5 Pol II 3E8,Goat anti-rat Alexa647,2274,250505_ARMC5mAC_PhosphoPolII
186,L09,689.1109146476755,214.85988877337257,242.26900755805434,1604.4291187739464,HCT116 OsTIRF74G ARMC5mAC Clone 5F9,10 µM 5PhIAA,24.0,pSer5 Pol II 3E8,Goat anti-rat Alexa647,3393,250505_ARMC5mAC_PhosphoPolII
187,L10,796.8703449433978,214.32465554206075,249.09201157612398,1688.5116117850953,HCT116 OsTIRF74G ARMC5mAC Clone 5A1,10 µM 5PhIAA,24.0,pSer5 Pol II 3E8,Goat anti-rat Alexa647,2885,250505_ARMC5mAC_PhosphoPolII
188,L11,479.7564544736833,231.38383249549727,243.07004123398193,1571.3691368304192,HCT116 OsTIRF74G ARMC5mAC Clone 5F9,Vehicle,24.0,pSer5 Pol II 3E8,Goat anti-rat Alexa647,3603,250505_ARMC5mAC_PhosphoPolII
189,L12,503.9316171009422,230.66478518780266,248.01231020455927,1624.436415161176,HCT116 OsTIRF74G ARMC5mAC Clone 5A1,Vehicle,24.0,pSer5 Pol II 3E8,Goat anti-rat Alexa647,2823,250505_ARMC5mAC_PhosphoPolII
190,L13,232.00799754764915,213.32538800770934,235.21941675571844,1571.7408429503262,HCT116 OsTIRF74G ARMC5mAC Clone 5F9,10 µM 5PhIAA,24.0,pSer2 Pol II 3E10,Goat anti-rat Alexa647,3986,250505_ARMC5mAC_PhosphoPolII
191,L14,253.98129272942884,212.5792083422783,243.65513032991308,1677.5348117586384,HCT116 OsTIRF74G ARMC5mAC Clone 5A1,10 µM 5PhIAA,24.0,pSer2 Pol II 3E10,Goat anti-rat Alexa647,1939,250505_ARMC5mAC_PhosphoPolII
192,L15,227.5628962279333,231.82188056803093,244.38387902174776,1568.9660219550444,HCT116 OsTIRF74G ARMC5mAC Clone 5F9,Vehicle,24.0,pSer2 Pol II 3E10,Goat anti-rat Alexa647,3826,250505_ARMC5mAC_PhosphoPolII
193,L16,245.68088937214495,233.29772889504355,250.35123561149786,1706.6210329807093,HCT116 OsTIRF74G ARMC5mAC Clone 5A1,Vehicle,24.0,pSer2 Pol II 3E10,Goat anti-rat Alexa647,1607,250505_ARMC5mAC_PhosphoPolII
194,L17,236.5783373722983,211.19171062681522,241.8163871969782,1615.0202628696604,HCT116 OsTIRF74G ARMC5mAC Clone 5F9,10 µM 5PhIAA,24.0,pSer2 Pol II 3E10,Goat anti-rat Alexa647,3652,250505_ARMC5mAC_PhosphoPolII
195,L18,250.75338448162506,212.82956825877466,252.16792990316657,1656.2092807424594,HCT116 OsTIRF74G ARMC5mAC Clone 5A1,10 µM 5PhIAA,24.0,pSer2 Pol II 3E10,Goat anti-rat Alexa647,2155,250505_ARMC5mAC_PhosphoPolII
196,L19,229.36809188641067,233.57492479578755,249.1175520825978,1573.5069124423962,HCT116 OsTIRF74G ARMC5mAC Clone 5F9,Vehicle,24.0,pSer2 Pol II 3E10,Goat anti-rat Alexa647,3689,250505_ARMC5mAC_PhosphoPolII
197,L20,245.8951835897428,232.59095113505538,256.3114390356242,1636.6961358313818,HCT116 OsTIRF74G ARMC5mAC Clone 5A1,Vehicle,24.0,pSer2 Pol II 3E10,Goat anti-rat Alexa647,1708,250505_ARMC5mAC_PhosphoPolII
198,L21,242.202114408645,212.97351000876188,244.37273810997476,1565.2431900229735,HCT116 OsTIRF74G ARMC5mAC Clone 5F9,10 µM 5PhIAA,24.0,pSer2 Pol II 3E10,Goat anti-rat Alexa647,3047,250505_ARMC5mAC_PhosphoPolII
199,L22,250.70075585355815,210.71273954915475,241.74108458856915,1673.3795712484236,HCT116 OsTIRF74G ARMC5mAC Clone 5A1,10 µM 5PhIAA,24.0,pSer2 Pol II 3E10,Goat anti-rat Alexa647,2379,250505_ARMC5mAC_PhosphoPolII
200,M03,486.5259984240531,232.7318140562883,244.05991231418594,1580.494787489976,HCT116 OsTIRF74G ARMC5mAC Clone 5F9,Vehicle,48.0,pSer5 Pol II 3E8,Goat anti-rat Alexa647,3741,250505_ARMC5mAC_PhosphoPolII
201,M04,528.263964282208,233.95523154243244,257.3008914785684,1655.3446497636442,HCT116 OsTIRF74G ARMC5mAC Clone 5A1,Vehicle,48.0,pSer5 Pol II 3E8,Goat anti-rat Alexa647,2327,250505_ARMC5mAC_PhosphoPolII
202,M05,747.767650726548,216.1135376519704,237.06655312258542,1582.8369883040937,HCT116 OsTIRF74G ARMC5mAC Clone 5F9,10 µM 5PhIAA,48.0,pSer5 Pol II 3E8,Goat anti-rat Alexa647,2736,250505_ARMC5mAC_PhosphoPolII
203,M06,846.1990619100902,217.45044155900507,248.6498598691449,1758.805983282006,HCT116 OsTIRF74G ARMC5mAC Clone 5A1,10 µM 5PhIAA,48.0,pSer5 Pol II 3E8,Goat anti-rat Alexa647,2273,250505_ARMC5mAC_PhosphoPolII
204,M07,462.6066779927517,236.61263982978946,241.647341804098,1595.200946284442,HCT116 OsTIRF74G ARMC5mAC Clone 5F9,Vehicle,48.0,pSer5 Pol II 3E8,Goat anti-rat Alexa647,3593,250505_ARMC5mAC_PhosphoPolII
205,M08,507.20836729304943,233.70253885663084,248.1445574086373,1785.3739837398373,HCT116 OsTIRF74G ARMC5mAC Clone 5A1,Vehicle,48.0,pSer5 Pol II 3E8,Goat anti-rat Alexa647,2214,250505_ARMC5mAC_PhosphoPolII
206,M09,738.3061574009182,217.43358074965747,240.7912269676957,1618.0280343007917,HCT116 OsTIRF74G ARMC5mAC Clone 5F9,10 µM 5PhIAA,48.0,pSer5 Pol II 3E8,Goat anti-rat Alexa647,3032,250505_ARMC5mAC_PhosphoPolII
207,M10,837.4911963652091,215.14422151270193,244.0777984290347,1781.3111690569317,HCT116 OsTIRF74G ARMC5mAC Clone 5A1,10 µM 5PhIAA,48.0,pSer5 Pol II 3E8,Goat anti-rat Alexa647,2301,250505_ARMC5mAC_PhosphoPolII
208,M11,475.28912550477236,232.08085188016477,240.3104697420629,1591.367437970449,HCT116 OsTIRF74G ARMC5mAC Clone 5F9,Vehicle,48.0,pSer5 Pol II 3E8,Goat anti-rat Alexa647,3587,250505_ARMC5mAC_PhosphoPolII
209,M12,520.8940374103786,229.4522131337982,249.06303836165415,1620.6564195298372,HCT116 OsTIRF74G ARMC5mAC Clone 5A1,Vehicle,48.0,pSer5 Pol II 3E8,Goat anti-rat Alexa647,2212,250505_ARMC5mAC_PhosphoPolII
210,M13,243.3535878412672,214.14999832898053,243.7214501298188,1589.0157553290082,HCT116 OsTIRF74G ARMC5mAC Clone 5F9,10 µM 5PhIAA,48.0,pSer2 Pol II 3E10,Goat anti-rat Alexa647,3237,250505_ARMC5mAC_PhosphoPolII
211,M14,255.89146792037724,214.55742988738828,248.09805356998555,1666.2380743982494,HCT116 OsTIRF74G ARMC5mAC Clone 5A1,10 µM 5PhIAA,48.0,pSer2 Pol II 3E10,Goat anti-rat Alexa647,2285,250505_ARMC5mAC_PhosphoPolII
212,M15,230.76481796465623,232.41342805643282,248.91351452760026,1556.2906091370558,HCT116 OsTIRF74G ARMC5mAC Clone 5F9,Vehicle,48.0,pSer2 Pol II 3E10,Goat anti-rat Alexa647,3152,250505_ARMC5mAC_PhosphoPolII
213,M16,236.79093425727118,230.7585305685884,249.16187594158527,1668.926291793313,HCT116 OsTIRF74G ARMC5mAC Clone 5A1,Vehicle,48.0,pSer2 Pol II 3E10,Goat anti-rat Alexa647,2632,250505_ARMC5mAC_PhosphoPolII
214,M17,242.350888804945,212.37060207698187,242.10099525421802,1590.6859205776173,HCT116 OsTIRF74G ARMC5mAC Clone 5F9,10 µM 5PhIAA,48.0,pSer2 Pol II 3E10,Goat anti-rat Alexa647,3324,250505_ARMC5mAC_PhosphoPolII
215,M18,256.43443855557604,214.45854601618876,247.14631234382955,1729.760939167556,HCT116 OsTIRF74G ARMC5mAC Clone 5A1,10 µM 5PhIAA,48.0,pSer2 Pol II 3E10,Goat anti-rat Alexa647,1874,250505_ARMC5mAC_PhosphoPolII
216,M19,232.0578060452945,233.1585220260911,243.57495303743593,1594.799539170507,HCT116 OsTIRF74G ARMC5mAC Clone 5F9,Vehicle,48.0,pSer2 Pol II 3E10,Goat anti-rat Alexa647,3038,250505_ARMC5mAC_PhosphoPolII
217,M20,246.28217768703485,235.06926686579675,254.87148800064816,1667.1620491374804,HCT116 OsTIRF74G ARMC5mAC Clone 5A1,Vehicle,48.0,pSer2 Pol II 3E10,Goat anti-rat Alexa647,1913,250505_ARMC5mAC_PhosphoPolII
218,M21,234.7398052164,214.4756723605548,238.7763859907997,1612.958359621451,HCT116 OsTIRF74G ARMC5mAC Clone 5F9,10 µM 5PhIAA,48.0,pSer2 Pol II 3E10,Goat anti-rat Alexa647,3170,250505_ARMC5mAC_PhosphoPolII
219,M22,258.43540541485635,213.4268771393294,244.44737859826824,1708.826127819549,HCT116 OsTIRF74G ARMC5mAC Clone 5A1,10 µM 5PhIAA,48.0,pSer2 Pol II 3E10,Goat anti-rat Alexa647,2128,250505_ARMC5mAC_PhosphoPolII
220,N03,457.51203373590727,211.69040531552574,227.7828670386226,1729.902962206333,HCT116 OsTIRF74G,Vehicle,48.0,pSer5 Pol II 3E8,Goat anti-rat Alexa647,3916,250505_ARMC5mAC_PhosphoPolII
221,N04,114.53217759940357,212.32162986491892,232.44419339346763,1622.2829422382672,HCT116 OsTIRF74G,Vehicle,48.0,No primary,Goat anti-rat Alexa647,4432,250505_ARMC5mAC_PhosphoPolII
222,N05,448.1073316166605,213.55947221795802,232.18150960153793,1638.5126382306478,HCT116 OsTIRF74G,Vehicle,48.0,pSer5 Pol II 3E8,Goat anti-rat Alexa647,3798,250505_ARMC5mAC_PhosphoPolII
223,N06,114.57061005871878,214.21161022395196,227.80368423180943,1648.0886045388702,HCT116 OsTIRF74G,Vehicle,48.0,No primary,Goat anti-rat Alexa647,4142,250505_ARMC5mAC_PhosphoPolII
224,N07,427.47074007118476,215.5537141248295,222.5781775604579,1751.5164524421593,HCT116 OsTIRF74G,Vehicle,48.0,pSer5 Pol II 3E8,Goat anti-rat Alexa647,3890,250505_ARMC5mAC_PhosphoPolII
225,N08,114.62700176085329,212.50940465036464,226.1752325582471,1714.0456462416273,HCT116 OsTIRF74G,Vehicle,48.0,No primary,Goat anti-rat Alexa647,4031,250505_ARMC5mAC_PhosphoPolII
226,N09,455.3133754454125,215.19867275638921,233.41693996716674,1690.6716279069767,HCT116 OsTIRF74G,Vehicle,48.0,pSer5 Pol II 3E8,Goat anti-rat Alexa647,4300,250505_ARMC5mAC_PhosphoPolII
227,N10,114.687866373166,211.52220134033465,218.3095010385796,1641.4060293318848,HCT116 OsTIRF74G,Vehicle,48.0,No primary,Goat anti-rat Alexa647,3682,250505_ARMC5mAC_PhosphoPolII
228,N11,436.0807286740529,210.70942596658028,222.528087173587,1668.9370739381227,HCT116 OsTIRF74G,Vehicle,48.0,pSer5 Pol II 3E8,Goat anti-rat Alexa647,3814,250505_ARMC5mAC_PhosphoPolII
229,N12,114.70809144746815,210.17292564332845,222.71829656515865,1754.2104806022003,HCT116 OsTIRF74G,Vehicle,48.0,No primary,Goat anti-rat Alexa647,3454,250505_ARMC5mAC_PhosphoPolII
230,N13,221.28353413133098,211.3028192674209,227.44689016973786,1684.0983175604626,HCT116 OsTIRF74G,Vehicle,48.0,pSer2 Pol II 3E10,Goat anti-rat Alexa647,3804,250505_ARMC5mAC_PhosphoPolII
231,N14,114.7969873299982,210.5120848514584,219.04876497727625,1777.6155681479272,HCT116 OsTIRF74G,Vehicle,48.0,No primary,Goat anti-rat Alexa647,3353,250505_ARMC5mAC_PhosphoPolII
232,N15,227.24345115156376,211.11111444268047,232.39221767282973,1654.2232406859846,HCT116 OsTIRF74G,Vehicle,48.0,pSer2 Pol II 3E10,Goat anti-rat Alexa647,3382,250505_ARMC5mAC_PhosphoPolII
233,N16,114.86654534426972,209.65517404740996,224.82910323689816,1676.4914301017675,HCT116 OsTIRF74G,Vehicle,48.0,No primary,Goat anti-rat Alexa647,3734,250505_ARMC5mAC_PhosphoPolII
234,N17,222.28862120283506,209.95547811390205,226.38054000069036,1694.3947075208914,HCT116 OsTIRF74G,Vehicle,48.0,pSer2 Pol II 3E10,Goat anti-rat Alexa647,3590,250505_ARMC5mAC_PhosphoPolII
235,N18,114.90101130321453,210.0301679116616,224.59837105316973,1731.4570200573066,HCT116 OsTIRF74G,Vehicle,48.0,No primary,Goat anti-rat Alexa647,3490,250505_ARMC5mAC_PhosphoPolII
236,N19,220.1378251926127,210.60399986398264,226.82958065703815,1689.2020446596719,HCT116 OsTIRF74G,Vehicle,48.0,pSer2 Pol II 3E10,Goat anti-rat Alexa647,3717,250505_ARMC5mAC_PhosphoPolII
237,N20,114.84936591843308,210.76838707787,226.86544265877285,1705.1503599040257,HCT116 OsTIRF74G,Vehicle,48.0,No primary,Goat anti-rat Alexa647,3751,250505_ARMC5mAC_PhosphoPolII
238,N21,222.8724590815324,210.02995370899026,234.2450429974605,1693.7591992934942,HCT116 OsTIRF74G,Vehicle,48.0,pSer2 Pol II 3E10,Goat anti-rat Alexa647,3397,250505_ARMC5mAC_PhosphoPolII
239,N22,114.88648131384116,209.72556596597767,225.43077248723088,1704.1923853475628,HCT116 OsTIRF74G,Vehicle,48.0,No primary,Goat anti-rat Alexa647,3467,250505_ARMC5mAC_PhosphoPolII
