,WELL,IF_561_Intensity,GFP_488_Intensity,DAPI_Intensity,NucleusArea,CELL,DRUG,DRUG_CONCENTRATION,TIME_MINUTES,PRIMARY,SECONDARY,TotalNumberCells,EXPERIMENT,ROW,COLUMN
0,C03,2593.2489339273325,275.54706372969923,458.7232144577456,1567.7804208600182,HCT116 OsTIRF74G,Vehicle,0,480,Total Pol II (F12),Goat anti-mouse Alexa647,1093,250905_mACPOLR2A_Kinetic_pSer2,C,03
1,C04,2269.083878975587,271.6190389126815,432.36593693534934,1663.1464108031273,HCT116 OsTIRF74G,Vehicle,0,480,Total Pol II (F12),Goat anti-mouse Alexa647,1407,250905_mACPOLR2A_Kinetic_pSer2,C,04
2,C05,2245.798431497741,272.1624857781509,411.88775564217,1646.881934566145,HCT116 OsTIRF74G,Vehicle,0,480,Total Pol II (F12),Goat anti-mouse Alexa647,1406,250905_mACPOLR2A_Kinetic_pSer2,C,05
3,C06,275.40860990860995,259.0146472162097,153.85438537157287,31.75,HCT116 OsTIRF74G,Vehicle,0,480,Total Pol II (F12),Goat anti-mouse Alexa647,4,250905_mACPOLR2A_Kinetic_pSer2,C,06
4,C12,2172.1050049017167,259.53717048739577,389.2406979646787,1579.478834524464,HCT116 OsTIRF74G,Vehicle,0,480,Total Pol II (F12),Goat anti-mouse Alexa647,1819,250905_mACPOLR2A_Kinetic_pSer2,C,12
5,C13,2479.962438391381,258.0332006314005,453.1682114669231,1509.5020815986677,HCT116 OsTIRF74G,Vehicle,0,480,pSer2 Pol II (3E10),Goat anti-rat Alexa647,1201,250905_mACPOLR2A_Kinetic_pSer2,C,13
6,C14,2216.1645140303544,257.9859189103405,399.4528002764804,1606.5588988476313,HCT116 OsTIRF74G,Vehicle,0,480,pSer2 Pol II (3E10),Goat anti-rat Alexa647,1562,250905_mACPOLR2A_Kinetic_pSer2,C,14
7,C15,2345.7428752231085,254.88533918434305,431.0998862878229,1612.445588235294,HCT116 OsTIRF74G,Vehicle,0,480,pSer2 Pol II (3E10),Goat anti-rat Alexa647,1360,250905_mACPOLR2A_Kinetic_pSer2,C,15
8,C16,2163.7754337725005,254.41471954505704,395.1102290827884,1622.3995061728394,HCT116 OsTIRF74G,Vehicle,0,480,pSer2 Pol II (3E10),Goat anti-rat Alexa647,2025,250905_mACPOLR2A_Kinetic_pSer2,C,16
9,D03,2155.910886322869,271.4893327999883,405.80622193404116,1561.7441462021702,HCT116 OsTIRF74G,Vehicle,0,480,Total Pol II (F12),Goat anti-mouse Alexa647,1751,250905_mACPOLR2A_Kinetic_pSer2,D,03
10,D04,1751.5326855593253,945.7652556201078,316.2842977136059,1892.4781136008337,HCT116 OsTIRF74G mAC-POLR2A Clone 5,Vehicle,0,60,Total Pol II (F12),Goat anti-mouse Alexa647,3838,250905_mACPOLR2A_Kinetic_pSer2,D,04
11,D05,1711.5500413485618,954.0250072058177,313.3313370092708,1924.3519629225736,HCT116 OsTIRF74G mAC-POLR2A Clone 5,Vehicle,0,120,Total Pol II (F12),Goat anti-mouse Alexa647,3668,250905_mACPOLR2A_Kinetic_pSer2,D,05
12,D06,1819.6547659863543,947.0677623609596,316.36510871037353,1918.4043377226956,HCT116 OsTIRF74G mAC-POLR2A Clone 5,Vehicle,0,240,Total Pol II (F12),Goat anti-mouse Alexa647,3873,250905_mACPOLR2A_Kinetic_pSer2,D,06
13,D07,1365.4373861278698,654.6884288542891,313.60627102485466,1947.665731125456,HCT116 OsTIRF74G mAC-POLR2A Clone 5,Vehicle,10,480,Total Pol II (F12),Goat anti-mouse Alexa647,3563,250905_mACPOLR2A_Kinetic_pSer2,D,07
14,D08,1738.7069068077337,878.2847181769259,315.48391014528715,1931.66395821242,HCT116 OsTIRF74G mAC-POLR2A Clone 5,Vehicle,0,60,Total Pol II (F12),Goat anti-mouse Alexa647,3446,250905_mACPOLR2A_Kinetic_pSer2,D,08
15,D09,1706.8166458320363,912.1070714791866,307.6671284693622,1926.3664143537987,HCT116 OsTIRF74G mAC-POLR2A Clone 5,Vehicle,0,120,Total Pol II (F12),Goat anti-mouse Alexa647,3567,250905_mACPOLR2A_Kinetic_pSer2,D,09
16,D10,1784.7868723318281,885.0246513711513,317.333457927131,1969.4789966757328,HCT116 OsTIRF74G mAC-POLR2A Clone 5,Vehicle,0,240,Total Pol II (F12),Goat anti-mouse Alexa647,3309,250905_mACPOLR2A_Kinetic_pSer2,D,10
17,D11,1367.6753257209475,640.7361176110888,313.5791765104266,1834.847046773643,HCT116 OsTIRF74G mAC-POLR2A Clone 5,Vehicle,10,480,Total Pol II (F12),Goat anti-mouse Alexa647,2929,250905_mACPOLR2A_Kinetic_pSer2,D,11
18,D12,2295.7352831338662,263.8334551355617,421.10088442621304,1525.521597392013,HCT116 OsTIRF74G,Vehicle,0,480,Total Pol II (F12),Goat anti-mouse Alexa647,1227,250905_mACPOLR2A_Kinetic_pSer2,D,12
19,D13,2067.819038574722,255.37422020059287,374.2811420834219,1621.884771573604,HCT116 OsTIRF74G,Vehicle,0,480,pSer2 Pol II (3E10),Goat anti-rat Alexa647,1970,250905_mACPOLR2A_Kinetic_pSer2,D,13
20,D14,1450.88613111987,877.9089511055573,291.44960889724666,1952.9344262295083,HCT116 OsTIRF74G mAC-POLR2A Clone 5,Vehicle,0,60,pSer2 Pol II (3E10),Goat anti-rat Alexa647,3416,250905_mACPOLR2A_Kinetic_pSer2,D,14
21,D15,1620.6017277813821,880.8716726832007,320.22184422384885,1923.5027027027027,HCT116 OsTIRF74G mAC-POLR2A Clone 5,Vehicle,0,120,pSer2 Pol II (3E10),Goat anti-rat Alexa647,3700,250905_mACPOLR2A_Kinetic_pSer2,D,15
22,D16,1647.0771540084068,853.2474395686636,334.4977303171649,1908.443113772455,HCT116 OsTIRF74G mAC-POLR2A Clone 5,Vehicle,0,240,pSer2 Pol II (3E10),Goat anti-rat Alexa647,3340,250905_mACPOLR2A_Kinetic_pSer2,D,16
23,D17,1544.1015995256466,869.5557048414837,315.36344944561586,1944.182956627978,HCT116 OsTIRF74G mAC-POLR2A Clone 5,Vehicle,0,480,pSer2 Pol II (3E10),Goat anti-rat Alexa647,3274,250905_mACPOLR2A_Kinetic_pSer2,D,17
24,D18,1708.1631439865018,868.7795985530018,347.01973675424335,1893.4752840036845,HCT116 OsTIRF74G mAC-POLR2A Clone 5,Vehicle,0,60,pSer2 Pol II (3E10),Goat anti-rat Alexa647,3257,250905_mACPOLR2A_Kinetic_pSer2,D,18
25,D19,1633.020485669859,877.4649174256006,303.17638297847475,1945.2791270679338,HCT116 OsTIRF74G mAC-POLR2A Clone 5,Vehicle,0,120,pSer2 Pol II (3E10),Goat anti-rat Alexa647,2841,250905_mACPOLR2A_Kinetic_pSer2,D,19
26,D20,1759.4231165656654,868.9932531377451,351.24669058419244,1955.9199512393336,HCT116 OsTIRF74G mAC-POLR2A Clone 5,Vehicle,0,240,pSer2 Pol II (3E10),Goat anti-rat Alexa647,2461,250905_mACPOLR2A_Kinetic_pSer2,D,20
27,D21,1645.742313870537,870.298879382914,338.29316547212085,1993.4733475479745,HCT116 OsTIRF74G mAC-POLR2A Clone 5,Vehicle,0,480,pSer2 Pol II (3E10),Goat anti-rat Alexa647,2814,250905_mACPOLR2A_Kinetic_pSer2,D,21
28,D22,2404.992971904621,252.4986553370627,410.83393579600965,1582.715179968701,HCT116 OsTIRF74G,Vehicle,0,480,pSer2 Pol II (3E10),Goat anti-rat Alexa647,1278,250905_mACPOLR2A_Kinetic_pSer2,D,22
29,E03,1910.0314494869099,268.71455760678157,367.1328794653151,1573.1090094574415,HCT116 OsTIRF74G,Vehicle,0,480,Total Pol II (F12),Goat anti-mouse Alexa647,2009,250905_mACPOLR2A_Kinetic_pSer2,E,03
30,E04,1340.0159962245766,797.1879915063496,287.9298021345777,1915.8285870755751,HCT116 OsTIRF74G mAC-POLR2A Clone 5,5PhIAA,10,60,Total Pol II (F12),Goat anti-mouse Alexa647,3652,250905_mACPOLR2A_Kinetic_pSer2,E,04
31,E05,1374.6951114220767,732.7593720049415,317.14831754961205,1835.3828182039426,HCT116 OsTIRF74G mAC-POLR2A Clone 5,5PhIAA,10,120,Total Pol II (F12),Goat anti-mouse Alexa647,4109,250905_mACPOLR2A_Kinetic_pSer2,E,05
32,E06,1379.345871908386,677.6590660141177,337.5768078650541,2036.4329019073568,HCT116 OsTIRF74G mAC-POLR2A Clone 5,5PhIAA,10,240,Total Pol II (F12),Goat anti-mouse Alexa647,2936,250905_mACPOLR2A_Kinetic_pSer2,E,06
33,E07,1741.5357181722406,933.6464795933653,316.9651504521654,1869.9359203472045,HCT116 OsTIRF74G mAC-POLR2A Clone 5,5PhIAA,0,480,Total Pol II (F12),Goat anti-mouse Alexa647,3917,250905_mACPOLR2A_Kinetic_pSer2,E,07
34,E08,1414.391575306382,778.8715721204479,311.86673627273154,1860.7681198181333,HCT116 OsTIRF74G mAC-POLR2A Clone 5,5PhIAA,10,60,Total Pol II (F12),Goat anti-mouse Alexa647,3739,250905_mACPOLR2A_Kinetic_pSer2,E,08
35,E09,1282.3713748342398,706.067340797212,306.64178416860995,1880.5657561962569,HCT116 OsTIRF74G mAC-POLR2A Clone 5,5PhIAA,10,120,Total Pol II (F12),Goat anti-mouse Alexa647,3954,250905_mACPOLR2A_Kinetic_pSer2,E,09
36,E10,1300.2059024048674,653.754430509106,313.7485965740762,1891.9290838852098,HCT116 OsTIRF74G mAC-POLR2A Clone 5,5PhIAA,10,240,Total Pol II (F12),Goat anti-mouse Alexa647,3624,250905_mACPOLR2A_Kinetic_pSer2,E,10
37,E11,1669.0351171746477,909.7480505135586,314.6941715122989,1909.1819727891157,HCT116 OsTIRF74G mAC-POLR2A Clone 5,5PhIAA,0,480,Total Pol II (F12),Goat anti-mouse Alexa647,2940,250905_mACPOLR2A_Kinetic_pSer2,E,11
38,E12,1912.639700177735,254.49412961290054,377.9424239276591,1544.792611795204,HCT116 OsTIRF74G,Vehicle,0,480,Total Pol II (F12),Goat anti-mouse Alexa647,1543,250905_mACPOLR2A_Kinetic_pSer2,E,12
39,E13,2117.274499881182,255.52171089537617,382.03116194944073,1488.378787878788,HCT116 OsTIRF74G,Vehicle,0,480,pSer2 Pol II (3E10),Goat anti-rat Alexa647,1716,250905_mACPOLR2A_Kinetic_pSer2,E,13
40,E14,1402.9010988359978,748.4186068782467,280.13460029725366,1912.431948051948,HCT116 OsTIRF74G mAC-POLR2A Clone 5,5PhIAA,10,60,pSer2 Pol II (3E10),Goat anti-rat Alexa647,3850,250905_mACPOLR2A_Kinetic_pSer2,E,14
41,E15,1493.274386817592,666.8739381725246,298.19960642738323,1894.015606242497,HCT116 OsTIRF74G mAC-POLR2A Clone 5,5PhIAA,10,120,pSer2 Pol II (3E10),Goat anti-rat Alexa647,4165,250905_mACPOLR2A_Kinetic_pSer2,E,15
42,E16,1491.2889896357453,628.6055578075274,299.7947388794605,1885.004227804029,HCT116 OsTIRF74G mAC-POLR2A Clone 5,5PhIAA,10,240,pSer2 Pol II (3E10),Goat anti-rat Alexa647,4021,250905_mACPOLR2A_Kinetic_pSer2,E,16
43,E17,1431.4512211191854,622.5573128755115,303.48089575168734,2003.6441048034935,HCT116 OsTIRF74G mAC-POLR2A Clone 5,5PhIAA,10,480,pSer2 Pol II (3E10),Goat anti-rat Alexa647,3664,250905_mACPOLR2A_Kinetic_pSer2,E,17
44,E18,1647.8477756568982,736.6377248222251,326.76309576909125,1815.18937287612,HCT116 OsTIRF74G mAC-POLR2A Clone 5,5PhIAA,10,60,pSer2 Pol II (3E10),Goat anti-rat Alexa647,3237,250905_mACPOLR2A_Kinetic_pSer2,E,18
45,E19,1482.258923561388,706.0213990080869,301.82309580267463,1905.0553167096589,HCT116 OsTIRF74G mAC-POLR2A Clone 5,5PhIAA,10,120,pSer2 Pol II (3E10),Goat anti-rat Alexa647,3489,250905_mACPOLR2A_Kinetic_pSer2,E,19
46,E20,1581.8074761195862,638.9877248296744,321.2652636453007,1926.8968328629664,HCT116 OsTIRF74G mAC-POLR2A Clone 5,5PhIAA,10,240,pSer2 Pol II (3E10),Goat anti-rat Alexa647,3189,250905_mACPOLR2A_Kinetic_pSer2,E,20
47,E21,1472.1559597030925,608.786468521674,318.5974529414873,2049.225262488069,HCT116 OsTIRF74G mAC-POLR2A Clone 5,5PhIAA,10,480,pSer2 Pol II (3E10),Goat anti-rat Alexa647,3143,250905_mACPOLR2A_Kinetic_pSer2,E,21
48,E22,2290.0658338113267,251.0438204571797,366.2534317149947,1524.6006006006005,HCT116 OsTIRF74G,Vehicle,0,480,pSer2 Pol II (3E10),Goat anti-rat Alexa647,1332,250905_mACPOLR2A_Kinetic_pSer2,E,22
49,F03,1786.1962154510331,270.63788806145493,362.93804010854217,1526.002621231979,HCT116 OsTIRF74G,Vehicle,0,480,Total Pol II (F12),Goat anti-mouse Alexa647,1526,250905_mACPOLR2A_Kinetic_pSer2,F,03
50,F04,1012.3654011222718,651.6589263837187,283.32872927454537,1928.7079697498546,HCT116 OsTIRF74G mAC-POLR2A Clone 5,5PhIAA,100,60,Total Pol II (F12),Goat anti-mouse Alexa647,3438,250905_mACPOLR2A_Kinetic_pSer2,F,04
51,F05,936.8434316955991,538.3549960475532,322.2655782288383,1912.0101314348303,HCT116 OsTIRF74G mAC-POLR2A Clone 5,5PhIAA,100,120,Total Pol II (F12),Goat anti-mouse Alexa647,3652,250905_mACPOLR2A_Kinetic_pSer2,F,05
52,F06,879.1923044505437,471.08210740656455,309.057387081976,1845.030547004499,HCT116 OsTIRF74G mAC-POLR2A Clone 5,5PhIAA,100,240,Total Pol II (F12),Goat anti-mouse Alexa647,4223,250905_mACPOLR2A_Kinetic_pSer2,F,06
53,F07,940.7330757058058,479.6163765730891,304.8877934927633,1878.2063119457487,HCT116 OsTIRF74G mAC-POLR2A Clone 5,5PhIAA,100,480,Total Pol II (F12),Goat anti-mouse Alexa647,3834,250905_mACPOLR2A_Kinetic_pSer2,F,07
54,F08,1097.4686948474332,645.8664599664138,299.38526933064793,1842.350395532806,HCT116 OsTIRF74G mAC-POLR2A Clone 5,5PhIAA,100,60,Total Pol II (F12),Goat anti-mouse Alexa647,4298,250905_mACPOLR2A_Kinetic_pSer2,F,08
55,F09,924.3764969012393,534.9131738137758,295.28407696078114,1829.9917159763313,HCT116 OsTIRF74G mAC-POLR2A Clone 5,5PhIAA,100,120,Total Pol II (F12),Goat anti-mouse Alexa647,4225,250905_mACPOLR2A_Kinetic_pSer2,F,09
56,F10,825.7859065109466,456.88441693736706,288.29934118658883,1887.0882213812677,HCT116 OsTIRF74G mAC-POLR2A Clone 5,5PhIAA,100,240,Total Pol II (F12),Goat anti-mouse Alexa647,4228,250905_mACPOLR2A_Kinetic_pSer2,F,10
57,F11,954.2929096118578,468.478400127511,299.47189740332317,1866.800131061599,HCT116 OsTIRF74G mAC-POLR2A Clone 5,5PhIAA,100,480,Total Pol II (F12),Goat anti-mouse Alexa647,3052,250905_mACPOLR2A_Kinetic_pSer2,F,11
58,F12,1813.031488142542,253.94718515098558,366.29621998721007,1569.9623983739837,HCT116 OsTIRF74G,Vehicle,0,480,Total Pol II (F12),Goat anti-mouse Alexa647,1968,250905_mACPOLR2A_Kinetic_pSer2,F,12
59,F13,2022.4287559184895,252.61815881347482,352.78670957119556,1541.4902056807052,HCT116 OsTIRF74G,Vehicle,0,480,pSer2 Pol II (3E10),Goat anti-rat Alexa647,2042,250905_mACPOLR2A_Kinetic_pSer2,F,13
60,F14,1317.760267872654,618.1453677578244,275.98799940113895,1804.1156220322887,HCT116 OsTIRF74G mAC-POLR2A Clone 5,5PhIAA,100,60,pSer2 Pol II (3E10),Goat anti-rat Alexa647,4212,250905_mACPOLR2A_Kinetic_pSer2,F,14
61,F15,1379.2858126225822,507.70573307326663,304.5746084281146,1914.2881493506493,HCT116 OsTIRF74G mAC-POLR2A Clone 5,5PhIAA,100,120,pSer2 Pol II (3E10),Goat anti-rat Alexa647,3696,250905_mACPOLR2A_Kinetic_pSer2,F,15
62,F16,1294.4961636868657,440.38792774170395,300.92811765744324,1824.113786112519,HCT116 OsTIRF74G mAC-POLR2A Clone 5,5PhIAA,100,240,pSer2 Pol II (3E10),Goat anti-rat Alexa647,3946,250905_mACPOLR2A_Kinetic_pSer2,F,16
63,F17,1328.6510295893254,450.5864833036194,317.5174060824354,1855.1326842837275,HCT116 OsTIRF74G mAC-POLR2A Clone 5,5PhIAA,100,480,pSer2 Pol II (3E10),Goat anti-rat Alexa647,3595,250905_mACPOLR2A_Kinetic_pSer2,F,17
64,F18,1512.127198457986,603.1882045631479,310.2960207613173,1853.0035733919735,HCT116 OsTIRF74G mAC-POLR2A Clone 5,5PhIAA,100,60,pSer2 Pol II (3E10),Goat anti-rat Alexa647,3638,250905_mACPOLR2A_Kinetic_pSer2,F,18
65,F19,1418.2873185653475,500.33716897474784,322.65622621949234,1886.83927940657,HCT116 OsTIRF74G mAC-POLR2A Clone 5,5PhIAA,100,120,pSer2 Pol II (3E10),Goat anti-rat Alexa647,2831,250905_mACPOLR2A_Kinetic_pSer2,F,19
66,F20,1383.288665163366,435.47082061360373,309.29261884261007,1964.867864693446,HCT116 OsTIRF74G mAC-POLR2A Clone 5,5PhIAA,100,240,pSer2 Pol II (3E10),Goat anti-rat Alexa647,2838,250905_mACPOLR2A_Kinetic_pSer2,F,20
67,F21,1260.8212494727056,438.07957425525314,299.50933947710456,1923.260305563563,HCT116 OsTIRF74G mAC-POLR2A Clone 5,5PhIAA,100,480,pSer2 Pol II (3E10),Goat anti-rat Alexa647,3469,250905_mACPOLR2A_Kinetic_pSer2,F,21
68,F22,2358.864338398841,251.4460027606533,365.10266901070764,1518.9356395816574,HCT116 OsTIRF74G,Vehicle,0,480,pSer2 Pol II (3E10),Goat anti-rat Alexa647,1243,250905_mACPOLR2A_Kinetic_pSer2,F,22
69,G03,1856.3118663925043,268.0106487000382,365.64760361773585,1612.179398148148,HCT116 OsTIRF74G,Vehicle,0,480,Total Pol II (F12),Goat anti-mouse Alexa647,1728,250905_mACPOLR2A_Kinetic_pSer2,G,03
70,G04,993.8167001415899,610.2629461200148,313.0108683464078,1864.8710648781823,HCT116 OsTIRF74G mAC-POLR2A Clone 5,5PhIAA,1000,60,Total Pol II (F12),Goat anti-mouse Alexa647,3653,250905_mACPOLR2A_Kinetic_pSer2,G,04
71,G05,780.3951238082163,488.59164722429955,296.8909049173863,1827.7244740892766,HCT116 OsTIRF74G mAC-POLR2A Clone 5,5PhIAA,1000,120,Total Pol II (F12),Goat anti-mouse Alexa647,3898,250905_mACPOLR2A_Kinetic_pSer2,G,05
72,G06,712.4070382613986,411.9561461924932,310.61433516676516,1899.3618506073922,HCT116 OsTIRF74G mAC-POLR2A Clone 5,5PhIAA,1000,240,Total Pol II (F12),Goat anti-mouse Alexa647,3869,250905_mACPOLR2A_Kinetic_pSer2,G,06
73,G07,791.710477870995,411.92380882961015,298.02000021333834,1877.8056470588235,HCT116 OsTIRF74G mAC-POLR2A Clone 5,5PhIAA,1000,480,Total Pol II (F12),Goat anti-mouse Alexa647,4250,250905_mACPOLR2A_Kinetic_pSer2,G,07
74,G08,970.8500318749223,605.9344069569778,305.1392131397619,1898.4634020618557,HCT116 OsTIRF74G mAC-POLR2A Clone 5,5PhIAA,1000,60,Total Pol II (F12),Goat anti-mouse Alexa647,3880,250905_mACPOLR2A_Kinetic_pSer2,G,08
75,G09,755.9333498686307,475.2981227834076,294.7988773076378,1874.4913414318946,HCT116 OsTIRF74G mAC-POLR2A Clone 5,5PhIAA,1000,120,Total Pol II (F12),Goat anti-mouse Alexa647,3869,250905_mACPOLR2A_Kinetic_pSer2,G,09
76,G10,693.0790515053058,405.9979188548449,295.20546751489815,1834.7500642838777,HCT116 OsTIRF74G mAC-POLR2A Clone 5,5PhIAA,1000,240,Total Pol II (F12),Goat anti-mouse Alexa647,3889,250905_mACPOLR2A_Kinetic_pSer2,G,10
77,G11,773.0876383440998,399.42227420209593,298.0647661429687,1822.9774748073503,HCT116 OsTIRF74G mAC-POLR2A Clone 5,5PhIAA,1000,480,Total Pol II (F12),Goat anti-mouse Alexa647,3374,250905_mACPOLR2A_Kinetic_pSer2,G,11
78,G12,1657.9812749438147,252.68991522010433,347.96998517265865,1605.6201482773658,HCT116 OsTIRF74G,Vehicle,0,480,Total Pol II (F12),Goat anti-mouse Alexa647,2293,250905_mACPOLR2A_Kinetic_pSer2,G,12
79,G13,1952.40100195008,252.69886553482237,336.4963773961,1557.8779097387173,HCT116 OsTIRF74G,Vehicle,0,480,pSer2 Pol II (3E10),Goat anti-rat Alexa647,2105,250905_mACPOLR2A_Kinetic_pSer2,G,13
80,G14,1364.7799740693197,592.4806281634095,273.1976015272777,1823.1991396761134,HCT116 OsTIRF74G mAC-POLR2A Clone 5,5PhIAA,1000,60,pSer2 Pol II (3E10),Goat anti-rat Alexa647,3952,250905_mACPOLR2A_Kinetic_pSer2,G,14
81,G15,1302.5566480928583,461.150565436036,296.7053082286382,1902.75,HCT116 OsTIRF74G mAC-POLR2A Clone 5,5PhIAA,1000,120,pSer2 Pol II (3E10),Goat anti-rat Alexa647,3580,250905_mACPOLR2A_Kinetic_pSer2,G,15
82,G16,1141.7147753704528,384.7029073114199,286.6122986678788,1909.8669432918396,HCT116 OsTIRF74G mAC-POLR2A Clone 5,5PhIAA,1000,240,pSer2 Pol II (3E10),Goat anti-rat Alexa647,3615,250905_mACPOLR2A_Kinetic_pSer2,G,16
83,G17,1199.7767180472977,392.55521812045765,294.50710619085095,1918.5657614483493,HCT116 OsTIRF74G mAC-POLR2A Clone 5,5PhIAA,1000,480,pSer2 Pol II (3E10),Goat anti-rat Alexa647,3756,250905_mACPOLR2A_Kinetic_pSer2,G,17
84,G18,1438.4446226730477,574.9599571257813,302.9953176708237,1858.554919908467,HCT116 OsTIRF74G mAC-POLR2A Clone 5,5PhIAA,1000,60,pSer2 Pol II (3E10),Goat anti-rat Alexa647,3496,250905_mACPOLR2A_Kinetic_pSer2,G,18
85,G19,1268.7056270589121,461.70239949505856,290.17506350154656,1825.403069466882,HCT116 OsTIRF74G mAC-POLR2A Clone 5,5PhIAA,1000,120,pSer2 Pol II (3E10),Goat anti-rat Alexa647,3714,250905_mACPOLR2A_Kinetic_pSer2,G,19
86,G20,1188.664831301844,383.2608977188653,295.8601838196157,1837.4556464811783,HCT116 OsTIRF74G mAC-POLR2A Clone 5,5PhIAA,1000,240,pSer2 Pol II (3E10),Goat anti-rat Alexa647,3055,250905_mACPOLR2A_Kinetic_pSer2,G,20
87,G21,1155.4843899529294,389.68057485261664,282.26689984842625,2030.6926229508197,HCT116 OsTIRF74G mAC-POLR2A Clone 5,5PhIAA,1000,480,pSer2 Pol II (3E10),Goat anti-rat Alexa647,3416,250905_mACPOLR2A_Kinetic_pSer2,G,21
88,G22,2103.1560153087275,250.13934604468076,333.1652199292846,1562.0461997019374,HCT116 OsTIRF74G,Vehicle,0,480,pSer2 Pol II (3E10),Goat anti-rat Alexa647,1342,250905_mACPOLR2A_Kinetic_pSer2,G,22
89,H03,1560.9833963288459,267.9180499224067,331.6231449269366,1591.1636582430806,HCT116 OsTIRF74G,5PhIAA,10000,480,Total Pol II (F12),Goat anti-mouse Alexa647,1662,250905_mACPOLR2A_Kinetic_pSer2,H,03
90,H04,878.2662180871795,602.8680854877049,281.9068278364633,1891.5763222800767,HCT116 OsTIRF74G mAC-POLR2A Clone 5,5PhIAA,10000,60,Total Pol II (F12),Goat anti-mouse Alexa647,3649,250905_mACPOLR2A_Kinetic_pSer2,H,04
91,H05,744.4196902326098,492.2334866892447,296.6831476382566,1844.5213756866492,HCT116 OsTIRF74G mAC-POLR2A Clone 5,5PhIAA,10000,120,Total Pol II (F12),Goat anti-mouse Alexa647,4187,250905_mACPOLR2A_Kinetic_pSer2,H,05
92,H06,682.3649280229331,411.8751038944129,312.83689639297285,1893.8672517827756,HCT116 OsTIRF74G mAC-POLR2A Clone 5,5PhIAA,10000,240,Total Pol II (F12),Goat anti-mouse Alexa647,3646,250905_mACPOLR2A_Kinetic_pSer2,H,06
93,H07,738.4331147036386,409.4251857888074,290.80137718926903,1873.8657004830918,HCT116 OsTIRF74G mAC-POLR2A Clone 5,5PhIAA,10000,480,Total Pol II (F12),Goat anti-mouse Alexa647,4140,250905_mACPOLR2A_Kinetic_pSer2,H,07
94,H08,936.1138546531141,614.042503041373,295.8124596638889,1859.006508600651,HCT116 OsTIRF74G mAC-POLR2A Clone 5,5PhIAA,10000,60,Total Pol II (F12),Goat anti-mouse Alexa647,4302,250905_mACPOLR2A_Kinetic_pSer2,H,08
95,H09,747.0188165776683,477.33919656917556,304.1408396573185,1866.8135376756065,HCT116 OsTIRF74G mAC-POLR2A Clone 5,5PhIAA,10000,120,Total Pol II (F12),Goat anti-mouse Alexa647,3915,250905_mACPOLR2A_Kinetic_pSer2,H,09
96,H10,673.6744458750112,406.1321809150907,294.6820161736711,1815.7797921198937,HCT116 OsTIRF74G mAC-POLR2A Clone 5,5PhIAA,10000,240,Total Pol II (F12),Goat anti-mouse Alexa647,4137,250905_mACPOLR2A_Kinetic_pSer2,H,10
97,H11,722.730324396474,396.62463180523645,295.8126500769091,1823.0507731958762,HCT116 OsTIRF74G mAC-POLR2A Clone 5,5PhIAA,10000,480,Total Pol II (F12),Goat anti-mouse Alexa647,3880,250905_mACPOLR2A_Kinetic_pSer2,H,11
98,H12,1569.5022299973486,254.03667792947715,337.2896062970034,1581.6802557953638,HCT116 OsTIRF74G,5PhIAA,10000,480,Total Pol II (F12),Goat anti-mouse Alexa647,2502,250905_mACPOLR2A_Kinetic_pSer2,H,12
99,H13,2043.2320303706956,253.29867289815056,348.2247614044534,1571.3146666666667,HCT116 OsTIRF74G,5PhIAA,10000,480,pSer2 Pol II (3E10),Goat anti-rat Alexa647,2250,250905_mACPOLR2A_Kinetic_pSer2,H,13
100,H14,1385.2088251661037,581.9909567648908,291.88587212672826,1781.7475930262815,HCT116 OsTIRF74G mAC-POLR2A Clone 5,5PhIAA,10000,60,pSer2 Pol II (3E10),Goat anti-rat Alexa647,3843,250905_mACPOLR2A_Kinetic_pSer2,H,14
101,H15,1290.1936515212515,454.21947216586653,302.2470154174356,1855.2015247776367,HCT116 OsTIRF74G mAC-POLR2A Clone 5,5PhIAA,10000,120,pSer2 Pol II (3E10),Goat anti-rat Alexa647,3935,250905_mACPOLR2A_Kinetic_pSer2,H,15
102,H16,1154.6459042510644,384.6127988246872,301.95935959464805,1852.2371625198518,HCT116 OsTIRF74G mAC-POLR2A Clone 5,5PhIAA,10000,240,pSer2 Pol II (3E10),Goat anti-rat Alexa647,3778,250905_mACPOLR2A_Kinetic_pSer2,H,16
103,H17,1188.7682172980346,385.6433031702281,296.14142264614077,1873.3679012345679,HCT116 OsTIRF74G mAC-POLR2A Clone 5,5PhIAA,10000,480,pSer2 Pol II (3E10),Goat anti-rat Alexa647,3645,250905_mACPOLR2A_Kinetic_pSer2,H,17
104,H18,1390.1127447971376,570.1428112383786,301.42561483137376,1749.9091153535896,HCT116 OsTIRF74G mAC-POLR2A Clone 5,5PhIAA,10000,60,pSer2 Pol II (3E10),Goat anti-rat Alexa647,3719,250905_mACPOLR2A_Kinetic_pSer2,H,18
105,H19,1317.224091290189,454.0205610359301,310.5776960549438,1800.1939174947306,HCT116 OsTIRF74G mAC-POLR2A Clone 5,5PhIAA,10000,120,pSer2 Pol II (3E10),Goat anti-rat Alexa647,3321,250905_mACPOLR2A_Kinetic_pSer2,H,19
106,H20,1153.9418622387905,378.5983943983594,302.1879877468541,1809.9869451697127,HCT116 OsTIRF74G mAC-POLR2A Clone 5,5PhIAA,10000,240,pSer2 Pol II (3E10),Goat anti-rat Alexa647,3447,250905_mACPOLR2A_Kinetic_pSer2,H,20
107,H21,1113.645741317307,374.8535699508716,285.9956647251926,1895.6431226765799,HCT116 OsTIRF74G mAC-POLR2A Clone 5,5PhIAA,10000,480,pSer2 Pol II (3E10),Goat anti-rat Alexa647,3766,250905_mACPOLR2A_Kinetic_pSer2,H,21
108,H22,2336.158977549465,251.69939396116462,345.7359809710827,1529.7953394123606,HCT116 OsTIRF74G,5PhIAA,10000,480,pSer2 Pol II (3E10),Goat anti-rat Alexa647,987,250905_mACPOLR2A_Kinetic_pSer2,H,22
109,I03,1639.1529119690388,268.9816918131845,337.37348289825417,1570.9710055521284,HCT116 OsTIRF74G,Vehicle,0,480,Total Pol II (F12),Goat anti-mouse Alexa647,1621,250905_mACPOLR2A_Kinetic_pSer2,I,03
110,I04,1360.1138139395814,951.7970641942187,281.2423984772955,1910.9255121042831,HCT116 OsTIRF74G mAC-POLR2A Clone 5,Vehicle,0,60,Total Pol II (F12),Goat anti-mouse Alexa647,3759,250905_mACPOLR2A_Kinetic_pSer2,I,04
111,I05,1509.6334230414445,967.9666361339459,307.3937572257468,1873.0167768174886,HCT116 OsTIRF74G mAC-POLR2A Clone 5,Vehicle,0,120,Total Pol II (F12),Goat anti-mouse Alexa647,3934,250905_mACPOLR2A_Kinetic_pSer2,I,05
112,I06,1520.6623915818666,945.7018967267883,298.09701293019555,1829.4023215608793,HCT116 OsTIRF74G mAC-POLR2A Clone 5,Vehicle,0,240,Total Pol II (F12),Goat anti-mouse Alexa647,4049,250905_mACPOLR2A_Kinetic_pSer2,I,06
113,I07,1480.0222618298287,952.4819296168647,298.67201884651263,1881.0197305101058,HCT116 OsTIRF74G mAC-POLR2A Clone 5,Vehicle,0,480,Total Pol II (F12),Goat anti-mouse Alexa647,4156,250905_mACPOLR2A_Kinetic_pSer2,I,07
114,I08,1457.1021411072043,946.2908956047756,300.331867886256,1796.8959722592692,HCT116 OsTIRF74G mAC-POLR2A Clone 5,Vehicle,0,60,Total Pol II (F12),Goat anti-mouse Alexa647,3749,250905_mACPOLR2A_Kinetic_pSer2,I,08
115,I09,1432.336901123745,955.0164285544475,290.968267913328,1866.092649310873,HCT116 OsTIRF74G mAC-POLR2A Clone 5,Vehicle,0,120,Total Pol II (F12),Goat anti-mouse Alexa647,3918,250905_mACPOLR2A_Kinetic_pSer2,I,09
116,I10,1482.0370913628196,957.6234454335187,296.3094248192463,1818.9705221084187,HCT116 OsTIRF74G mAC-POLR2A Clone 5,Vehicle,0,240,Total Pol II (F12),Goat anti-mouse Alexa647,4003,250905_mACPOLR2A_Kinetic_pSer2,I,10
117,I11,1386.8240175543658,965.1297689845712,286.2181957307497,1860.2001009336361,HCT116 OsTIRF74G mAC-POLR2A Clone 5,Vehicle,0,480,Total Pol II (F12),Goat anti-mouse Alexa647,3963,250905_mACPOLR2A_Kinetic_pSer2,I,11
118,I12,1639.3226449866122,255.86431317652594,347.62142582545755,1521.0508140108534,HCT116 OsTIRF74G,Vehicle,0,480,Total Pol II (F12),Goat anti-mouse Alexa647,2027,250905_mACPOLR2A_Kinetic_pSer2,I,12
119,I13,1833.4485527115219,253.5383919425712,328.4883887866226,1632.071794871795,HCT116 OsTIRF74G,Vehicle,0,480,pSer2 Pol II (3E10),Goat anti-rat Alexa647,1950,250905_mACPOLR2A_Kinetic_pSer2,I,13
120,I14,1483.3712476556734,922.379165655399,276.16777486723015,1820.5529742149604,HCT116 OsTIRF74G mAC-POLR2A Clone 5,Vehicle,0,60,pSer2 Pol II (3E10),Goat anti-rat Alexa647,3917,250905_mACPOLR2A_Kinetic_pSer2,I,14
121,I15,1494.3941194829267,917.9058419844374,301.4600215343438,1900.9404641775984,HCT116 OsTIRF74G mAC-POLR2A Clone 5,Vehicle,0,120,pSer2 Pol II (3E10),Goat anti-rat Alexa647,3964,250905_mACPOLR2A_Kinetic_pSer2,I,15
122,I16,1536.0183571143202,911.4645376998986,301.9128262608394,2003.8706771287416,HCT116 OsTIRF74G mAC-POLR2A Clone 5,Vehicle,0,240,pSer2 Pol II (3E10),Goat anti-rat Alexa647,3441,250905_mACPOLR2A_Kinetic_pSer2,I,16
123,I17,1452.5409365191053,904.9920033922119,293.97642965623953,1800.0351254480286,HCT116 OsTIRF74G mAC-POLR2A Clone 5,Vehicle,0,480,pSer2 Pol II (3E10),Goat anti-rat Alexa647,4185,250905_mACPOLR2A_Kinetic_pSer2,I,17
124,I18,1605.6958174916438,920.4399876258872,308.3123868889488,1845.8913641364136,HCT116 OsTIRF74G mAC-POLR2A Clone 5,Vehicle,0,60,pSer2 Pol II (3E10),Goat anti-rat Alexa647,3636,250905_mACPOLR2A_Kinetic_pSer2,I,18
125,I19,1465.6312093681715,922.4027812163287,283.6203146900523,1870.1111662531018,HCT116 OsTIRF74G mAC-POLR2A Clone 5,Vehicle,0,120,pSer2 Pol II (3E10),Goat anti-rat Alexa647,4030,250905_mACPOLR2A_Kinetic_pSer2,I,19
126,I20,1531.1527576349727,902.7616975500889,298.17840298115243,1824.4298938197658,HCT116 OsTIRF74G mAC-POLR2A Clone 5,Vehicle,0,240,pSer2 Pol II (3E10),Goat anti-rat Alexa647,3673,250905_mACPOLR2A_Kinetic_pSer2,I,20
127,I21,1433.688752122199,893.4835474891001,286.0589251168167,1939.8494055482167,HCT116 OsTIRF74G mAC-POLR2A Clone 5,Vehicle,0,480,pSer2 Pol II (3E10),Goat anti-rat Alexa647,3785,250905_mACPOLR2A_Kinetic_pSer2,I,21
128,I22,2060.6436392860955,252.6262116179848,327.01100856661674,1542.6163480553726,HCT116 OsTIRF74G,Vehicle,0,480,pSer2 Pol II (3E10),Goat anti-rat Alexa647,1517,250905_mACPOLR2A_Kinetic_pSer2,I,22
129,J03,1561.7808898504527,269.818524030839,331.4875439984655,1591.4544989775052,HCT116 OsTIRF74G,Vehicle,0,480,Total Pol II (F12),Goat anti-mouse Alexa647,1956,250905_mACPOLR2A_Kinetic_pSer2,J,03
130,J04,1131.1909107381553,798.4145109299888,287.9391592776392,1918.967865970887,HCT116 OsTIRF74G mAC-POLR2A Clone 5,5PhIAA,10,60,Total Pol II (F12),Goat anti-mouse Alexa647,3641,250905_mACPOLR2A_Kinetic_pSer2,J,04
131,J05,1089.6045225461237,744.3569857898544,281.33735931081304,1899.134881422925,HCT116 OsTIRF74G mAC-POLR2A Clone 5,5PhIAA,10,120,Total Pol II (F12),Goat anti-mouse Alexa647,4048,250905_mACPOLR2A_Kinetic_pSer2,J,05
132,J06,1038.2733295737596,691.2355266850836,281.9197159200415,1881.5050906381923,HCT116 OsTIRF74G mAC-POLR2A Clone 5,5PhIAA,10,240,Total Pol II (F12),Goat anti-mouse Alexa647,4027,250905_mACPOLR2A_Kinetic_pSer2,J,06
133,J07,1064.443544136596,700.5665299257718,283.3108768587521,1849.7646072796936,HCT116 OsTIRF74G mAC-POLR2A Clone 5,5PhIAA,10,480,Total Pol II (F12),Goat anti-mouse Alexa647,4176,250905_mACPOLR2A_Kinetic_pSer2,J,07
134,J08,1088.6399022270955,777.3242313425907,281.9705245932849,1841.2412010829437,HCT116 OsTIRF74G mAC-POLR2A Clone 5,5PhIAA,10,60,Total Pol II (F12),Goat anti-mouse Alexa647,4063,250905_mACPOLR2A_Kinetic_pSer2,J,08
135,J09,1040.4809647348593,706.151359194914,277.9404186024602,1831.0982698961939,HCT116 OsTIRF74G mAC-POLR2A Clone 5,5PhIAA,10,120,Total Pol II (F12),Goat anti-mouse Alexa647,4335,250905_mACPOLR2A_Kinetic_pSer2,J,09
136,J10,1030.8030854438487,683.9820239751009,278.80294515272954,1780.2876590046865,HCT116 OsTIRF74G mAC-POLR2A Clone 5,5PhIAA,10,240,Total Pol II (F12),Goat anti-mouse Alexa647,4481,250905_mACPOLR2A_Kinetic_pSer2,J,10
137,J11,1054.4402042471586,685.1796702137773,274.38461787956373,1799.3892468340368,HCT116 OsTIRF74G mAC-POLR2A Clone 5,5PhIAA,10,480,Total Pol II (F12),Goat anti-mouse Alexa647,4501,250905_mACPOLR2A_Kinetic_pSer2,J,11
138,J12,1547.581963430895,255.81421112797506,335.775215527827,1597.5824175824175,HCT116 OsTIRF74G,Vehicle,0,480,Total Pol II (F12),Goat anti-mouse Alexa647,1911,250905_mACPOLR2A_Kinetic_pSer2,J,12
139,J13,1795.9516083338217,255.54927552117854,332.0468668274316,1641.3112016293278,HCT116 OsTIRF74G,Vehicle,0,480,pSer2 Pol II (3E10),Goat anti-rat Alexa647,2455,250905_mACPOLR2A_Kinetic_pSer2,J,13
140,J14,1509.8144723065343,761.0423143511094,296.43256229800295,1718.7954492686324,HCT116 OsTIRF74G mAC-POLR2A Clone 5,5PhIAA,10,60,pSer2 Pol II (3E10),Goat anti-rat Alexa647,4307,250905_mACPOLR2A_Kinetic_pSer2,J,14
141,J15,1419.500528909237,688.380086029872,286.93654781574,1906.0161493817816,HCT116 OsTIRF74G mAC-POLR2A Clone 5,5PhIAA,10,120,pSer2 Pol II (3E10),Goat anti-rat Alexa647,3963,250905_mACPOLR2A_Kinetic_pSer2,J,15
142,J16,1444.5052028435298,645.7704156336785,291.1984346833252,1874.5833546734955,HCT116 OsTIRF74G mAC-POLR2A Clone 5,5PhIAA,10,240,pSer2 Pol II (3E10),Goat anti-rat Alexa647,3905,250905_mACPOLR2A_Kinetic_pSer2,J,16
143,J17,1382.4587529857774,655.4907082987045,285.2642490656711,1882.660186199343,HCT116 OsTIRF74G mAC-POLR2A Clone 5,5PhIAA,10,480,pSer2 Pol II (3E10),Goat anti-rat Alexa647,3652,250905_mACPOLR2A_Kinetic_pSer2,J,17
144,J18,1532.060256775097,753.9541134867784,295.73499689183797,1869.3529071449234,HCT116 OsTIRF74G mAC-POLR2A Clone 5,5PhIAA,10,60,pSer2 Pol II (3E10),Goat anti-rat Alexa647,3457,250905_mACPOLR2A_Kinetic_pSer2,J,18
145,J19,1542.2216733084645,695.7615230001884,293.9092797115717,1863.4369973190348,HCT116 OsTIRF74G mAC-POLR2A Clone 5,5PhIAA,10,120,pSer2 Pol II (3E10),Goat anti-rat Alexa647,2984,250905_mACPOLR2A_Kinetic_pSer2,J,19
146,J20,1455.1809650740174,642.4805055182292,289.02647633610314,1868.7376486129458,HCT116 OsTIRF74G mAC-POLR2A Clone 5,5PhIAA,10,240,pSer2 Pol II (3E10),Goat anti-rat Alexa647,3785,250905_mACPOLR2A_Kinetic_pSer2,J,20
147,J21,1400.090075252725,633.79866004346,279.55594291871887,1882.0990539788536,HCT116 OsTIRF74G mAC-POLR2A Clone 5,5PhIAA,10,480,pSer2 Pol II (3E10),Goat anti-rat Alexa647,3594,250905_mACPOLR2A_Kinetic_pSer2,J,21
148,J22,2069.094452184575,253.89547012069772,329.2418248476707,1553.1138079827401,HCT116 OsTIRF74G,Vehicle,0,480,pSer2 Pol II (3E10),Goat anti-rat Alexa647,1854,250905_mACPOLR2A_Kinetic_pSer2,J,22
149,K03,1579.4809829119715,271.1839853301065,338.54110299334377,1525.6630360789652,HCT116 OsTIRF74G,Vehicle,0,480,Total Pol II (F12),Goat anti-mouse Alexa647,1469,250905_mACPOLR2A_Kinetic_pSer2,K,03
150,K04,939.5226999545264,659.3649691113004,292.7556256397621,1947.6579391891892,HCT116 OsTIRF74G mAC-POLR2A Clone 5,5PhIAA,100,60,Total Pol II (F12),Goat anti-mouse Alexa647,3552,250905_mACPOLR2A_Kinetic_pSer2,K,04
151,K05,762.3013372354651,533.8747414592784,285.3097114117282,1951.8179899762595,HCT116 OsTIRF74G mAC-POLR2A Clone 5,5PhIAA,100,120,Total Pol II (F12),Goat anti-mouse Alexa647,3791,250905_mACPOLR2A_Kinetic_pSer2,K,05
152,K06,741.5971803897464,473.0097647547014,293.2752006688322,1893.8932630995287,HCT116 OsTIRF74G mAC-POLR2A Clone 5,5PhIAA,100,240,Total Pol II (F12),Goat anti-mouse Alexa647,3607,250905_mACPOLR2A_Kinetic_pSer2,K,06
153,K07,794.36143519843,482.2348114621934,283.3947193269307,1881.2156242394744,HCT116 OsTIRF74G mAC-POLR2A Clone 5,5PhIAA,100,480,Total Pol II (F12),Goat anti-mouse Alexa647,4109,250905_mACPOLR2A_Kinetic_pSer2,K,07
154,K08,902.3278941223551,636.8454168718841,282.9551878751856,1845.363590772317,HCT116 OsTIRF74G mAC-POLR2A Clone 5,5PhIAA,100,60,Total Pol II (F12),Goat anti-mouse Alexa647,3988,250905_mACPOLR2A_Kinetic_pSer2,K,08
155,K09,748.1525559108535,528.4406525610458,278.87433550154776,1851.6615204678362,HCT116 OsTIRF74G mAC-POLR2A Clone 5,5PhIAA,100,120,Total Pol II (F12),Goat anti-mouse Alexa647,4275,250905_mACPOLR2A_Kinetic_pSer2,K,09
156,K10,715.7259956416679,460.4662895652356,311.78640119054563,1840.743309285548,HCT116 OsTIRF74G mAC-POLR2A Clone 5,5PhIAA,100,240,Total Pol II (F12),Goat anti-mouse Alexa647,4297,250905_mACPOLR2A_Kinetic_pSer2,K,10
157,K11,778.3696305474097,473.8784133145439,278.5595035985052,1915.5588958731894,HCT116 OsTIRF74G mAC-POLR2A Clone 5,5PhIAA,100,480,Total Pol II (F12),Goat anti-mouse Alexa647,3659,250905_mACPOLR2A_Kinetic_pSer2,K,11
158,K12,1504.037967067317,258.6740097850609,331.0506098221658,1560.0177584846092,HCT116 OsTIRF74G,Vehicle,0,480,Total Pol II (F12),Goat anti-mouse Alexa647,2534,250905_mACPOLR2A_Kinetic_pSer2,K,12
159,K13,1975.0265973380147,256.93868783391446,349.2578300453014,1588.3922018348624,HCT116 OsTIRF74G,Vehicle,0,480,pSer2 Pol II (3E10),Goat anti-rat Alexa647,2180,250905_mACPOLR2A_Kinetic_pSer2,K,13
160,K14,1385.0513929951637,619.0168782712897,287.1008814627272,1838.3702989392477,HCT116 OsTIRF74G mAC-POLR2A Clone 5,5PhIAA,100,60,pSer2 Pol II (3E10),Goat anti-rat Alexa647,4148,250905_mACPOLR2A_Kinetic_pSer2,K,14
161,K15,1309.0777390314008,511.5013695039845,292.79215708123934,1884.8146023468057,HCT116 OsTIRF74G mAC-POLR2A Clone 5,5PhIAA,100,120,pSer2 Pol II (3E10),Goat anti-rat Alexa647,3835,250905_mACPOLR2A_Kinetic_pSer2,K,15
162,K16,1211.6527822323837,449.67054736758763,286.0808874563327,1946.8577120091065,HCT116 OsTIRF74G mAC-POLR2A Clone 5,5PhIAA,100,240,pSer2 Pol II (3E10),Goat anti-rat Alexa647,3514,250905_mACPOLR2A_Kinetic_pSer2,K,16
163,K17,1207.0971811499091,461.4619859819154,283.2357082050297,1888.663377696191,HCT116 OsTIRF74G mAC-POLR2A Clone 5,5PhIAA,100,480,pSer2 Pol II (3E10),Goat anti-rat Alexa647,4358,250905_mACPOLR2A_Kinetic_pSer2,K,17
164,K18,1414.759675015054,635.6792736784331,297.0575826729913,1785.865236051502,HCT116 OsTIRF74G mAC-POLR2A Clone 5,5PhIAA,100,60,pSer2 Pol II (3E10),Goat anti-rat Alexa647,3495,250905_mACPOLR2A_Kinetic_pSer2,K,18
165,K19,1266.6893971526763,514.7811501005,286.3838464929243,1877.596875856399,HCT116 OsTIRF74G mAC-POLR2A Clone 5,5PhIAA,100,120,pSer2 Pol II (3E10),Goat anti-rat Alexa647,3649,250905_mACPOLR2A_Kinetic_pSer2,K,19
166,K20,1253.470469681973,456.62593835715256,284.3949758090048,1892.1871165644172,HCT116 OsTIRF74G mAC-POLR2A Clone 5,5PhIAA,100,240,pSer2 Pol II (3E10),Goat anti-rat Alexa647,3586,250905_mACPOLR2A_Kinetic_pSer2,K,20
167,K21,1184.4770564884643,460.3265115158637,275.02749629633934,1911.2658192870958,HCT116 OsTIRF74G mAC-POLR2A Clone 5,5PhIAA,100,480,pSer2 Pol II (3E10),Goat anti-rat Alexa647,3619,250905_mACPOLR2A_Kinetic_pSer2,K,21
168,K22,1951.8596247194025,253.30146537599998,321.2487348634125,1575.4713483146068,HCT116 OsTIRF74G,Vehicle,0,480,pSer2 Pol II (3E10),Goat anti-rat Alexa647,1780,250905_mACPOLR2A_Kinetic_pSer2,K,22
169,L03,1590.460097629134,271.91141105253496,344.6815440405623,1549.5596816976126,HCT116 OsTIRF74G,Vehicle,0,480,Total Pol II (F12),Goat anti-mouse Alexa647,1131,250905_mACPOLR2A_Kinetic_pSer2,L,03
170,L04,850.930776461751,604.6617882125873,295.1224505669997,2004.9217974905164,HCT116 OsTIRF74G mAC-POLR2A Clone 5,5PhIAA,1000,60,Total Pol II (F12),Goat anti-mouse Alexa647,3427,250905_mACPOLR2A_Kinetic_pSer2,L,04
171,L05,706.2171648745447,509.40856639647455,286.406824852877,1905.3620981387478,HCT116 OsTIRF74G mAC-POLR2A Clone 5,5PhIAA,1000,120,Total Pol II (F12),Goat anti-mouse Alexa647,4137,250905_mACPOLR2A_Kinetic_pSer2,L,05
172,L06,602.6899302889484,410.4673243283287,284.8050555637028,1941.7605449305738,HCT116 OsTIRF74G mAC-POLR2A Clone 5,5PhIAA,1000,240,Total Pol II (F12),Goat anti-mouse Alexa647,3817,250905_mACPOLR2A_Kinetic_pSer2,L,06
173,L07,673.30485883013,426.25131007956844,271.1120535547774,1873.437222715173,HCT116 OsTIRF74G mAC-POLR2A Clone 5,5PhIAA,1000,480,Total Pol II (F12),Goat anti-mouse Alexa647,4508,250905_mACPOLR2A_Kinetic_pSer2,L,07
174,L08,873.8002824931978,617.5481628038307,283.2952644712629,1919.711077080143,HCT116 OsTIRF74G mAC-POLR2A Clone 5,5PhIAA,1000,60,Total Pol II (F12),Goat anti-mouse Alexa647,3918,250905_mACPOLR2A_Kinetic_pSer2,L,08
175,L09,661.9399379368564,473.14179456022305,279.65007788063417,1956.5371167975677,HCT116 OsTIRF74G mAC-POLR2A Clone 5,5PhIAA,1000,120,Total Pol II (F12),Goat anti-mouse Alexa647,3947,250905_mACPOLR2A_Kinetic_pSer2,L,09
176,L10,627.2971916404312,416.98672202744376,273.98855239868766,1864.5518509438589,HCT116 OsTIRF74G mAC-POLR2A Clone 5,5PhIAA,1000,240,Total Pol II (F12),Goat anti-mouse Alexa647,4079,250905_mACPOLR2A_Kinetic_pSer2,L,10
177,L11,663.4756169483564,422.216455569681,273.5185030241652,1914.12245398773,HCT116 OsTIRF74G mAC-POLR2A Clone 5,5PhIAA,1000,480,Total Pol II (F12),Goat anti-mouse Alexa647,4075,250905_mACPOLR2A_Kinetic_pSer2,L,11
178,L12,1586.6633553327745,261.34179057195746,331.01698053476565,1486.4966236955188,HCT116 OsTIRF74G,Vehicle,0,480,Total Pol II (F12),Goat anti-mouse Alexa647,1629,250905_mACPOLR2A_Kinetic_pSer2,L,12
179,L13,1915.5035038330868,258.8127643518353,331.32110419345634,1560.9462927756654,HCT116 OsTIRF74G,Vehicle,0,480,pSer2 Pol II (3E10),Goat anti-rat Alexa647,2104,250905_mACPOLR2A_Kinetic_pSer2,L,13
180,L14,1342.6653657853003,608.0400815901781,285.86874677677577,1803.9911141490088,HCT116 OsTIRF74G mAC-POLR2A Clone 5,5PhIAA,1000,60,pSer2 Pol II (3E10),Goat anti-rat Alexa647,4389,250905_mACPOLR2A_Kinetic_pSer2,L,14
181,L15,1166.4384729603944,472.1338240600535,276.3472337687171,1858.428780487805,HCT116 OsTIRF74G mAC-POLR2A Clone 5,5PhIAA,1000,120,pSer2 Pol II (3E10),Goat anti-rat Alexa647,4100,250905_mACPOLR2A_Kinetic_pSer2,L,15
182,L16,1105.7774182879673,401.08801074001394,284.71860728297474,1854.1107544141253,HCT116 OsTIRF74G mAC-POLR2A Clone 5,5PhIAA,1000,240,pSer2 Pol II (3E10),Goat anti-rat Alexa647,3738,250905_mACPOLR2A_Kinetic_pSer2,L,16
183,L17,1097.4826680786966,404.5941055482518,279.86105456068924,1903.5651723244364,HCT116 OsTIRF74G mAC-POLR2A Clone 5,5PhIAA,1000,480,pSer2 Pol II (3E10),Goat anti-rat Alexa647,3859,250905_mACPOLR2A_Kinetic_pSer2,L,17
184,L18,1377.4610541276706,580.7391422057467,293.44781004604755,1891.9541312272174,HCT116 OsTIRF74G mAC-POLR2A Clone 5,5PhIAA,1000,60,pSer2 Pol II (3E10),Goat anti-rat Alexa647,3292,250905_mACPOLR2A_Kinetic_pSer2,L,18
185,L19,1169.8176050450822,475.67105238103255,278.3031544634702,1867.9411318847904,HCT116 OsTIRF74G mAC-POLR2A Clone 5,5PhIAA,1000,120,pSer2 Pol II (3E10),Goat anti-rat Alexa647,3958,250905_mACPOLR2A_Kinetic_pSer2,L,19
186,L20,1081.0804753487785,397.54821217567,282.5773526568547,1901.7141744548287,HCT116 OsTIRF74G mAC-POLR2A Clone 5,5PhIAA,1000,240,pSer2 Pol II (3E10),Goat anti-rat Alexa647,3852,250905_mACPOLR2A_Kinetic_pSer2,L,20
187,L21,1125.7581635036522,404.46657146916056,277.7501194273958,1910.8835582208897,HCT116 OsTIRF74G mAC-POLR2A Clone 5,5PhIAA,1000,480,pSer2 Pol II (3E10),Goat anti-rat Alexa647,4002,250905_mACPOLR2A_Kinetic_pSer2,L,21
188,L22,1971.2869252285323,254.46968094128957,326.9358748489201,1592.1636274026614,HCT116 OsTIRF74G,Vehicle,0,480,pSer2 Pol II (3E10),Goat anti-rat Alexa647,2029,250905_mACPOLR2A_Kinetic_pSer2,L,22
189,M03,1608.994805688682,267.5406119189377,337.73967287158183,1624.186150409531,HCT116 OsTIRF74G,5PhIAA,10000,480,Total Pol II (F12),Goat anti-mouse Alexa647,1343,250905_mACPOLR2A_Kinetic_pSer2,M,03
190,M04,886.2732044877038,621.0745758480133,280.63226890158063,1961.192391304348,HCT116 OsTIRF74G mAC-POLR2A Clone 5,5PhIAA,10000,60,Total Pol II (F12),Goat anti-mouse Alexa647,3680,250905_mACPOLR2A_Kinetic_pSer2,M,04
191,M05,680.7871727202005,489.16447649556,284.7662045503328,1929.2996632996633,HCT116 OsTIRF74G mAC-POLR2A Clone 5,5PhIAA,10000,120,Total Pol II (F12),Goat anti-mouse Alexa647,3564,250905_mACPOLR2A_Kinetic_pSer2,M,05
192,M06,619.0317015481074,415.616624450764,282.3460520582716,1898.0625698324022,HCT116 OsTIRF74G mAC-POLR2A Clone 5,5PhIAA,10000,240,Total Pol II (F12),Goat anti-mouse Alexa647,3580,250905_mACPOLR2A_Kinetic_pSer2,M,06
193,M07,656.6221344788966,418.2380384148871,280.9011239495024,1902.6072282753123,HCT116 OsTIRF74G mAC-POLR2A Clone 5,5PhIAA,10000,480,Total Pol II (F12),Goat anti-mouse Alexa647,3763,250905_mACPOLR2A_Kinetic_pSer2,M,07
194,M08,860.7831954710323,608.8710050237577,276.96879899239104,1882.4055676855896,HCT116 OsTIRF74G mAC-POLR2A Clone 5,5PhIAA,10000,60,Total Pol II (F12),Goat anti-mouse Alexa647,3664,250905_mACPOLR2A_Kinetic_pSer2,M,08
195,M09,670.7966935438366,473.90986106710784,279.08913149355755,1932.7133794694348,HCT116 OsTIRF74G mAC-POLR2A Clone 5,5PhIAA,10000,120,Total Pol II (F12),Goat anti-mouse Alexa647,3468,250905_mACPOLR2A_Kinetic_pSer2,M,09
196,M10,618.2053946312495,409.11803173641516,272.10007053610286,1869.0287984111221,HCT116 OsTIRF74G mAC-POLR2A Clone 5,5PhIAA,10000,240,Total Pol II (F12),Goat anti-mouse Alexa647,4028,250905_mACPOLR2A_Kinetic_pSer2,M,10
197,M11,654.0741831328928,408.7497251051044,274.529785697463,1990.0554545454545,HCT116 OsTIRF74G mAC-POLR2A Clone 5,5PhIAA,10000,480,Total Pol II (F12),Goat anti-mouse Alexa647,3300,250905_mACPOLR2A_Kinetic_pSer2,M,11
198,M12,1581.8899818210682,262.1365392423895,323.53620450744233,1555.0367321089298,HCT116 OsTIRF74G,5PhIAA,10000,480,Total Pol II (F12),Goat anti-mouse Alexa647,1579,250905_mACPOLR2A_Kinetic_pSer2,M,12
199,M13,1997.5917754422296,262.9171884130721,331.49277681082367,1563.3648380700595,HCT116 OsTIRF74G,5PhIAA,10000,480,pSer2 Pol II (3E10),Goat anti-rat Alexa647,1513,250905_mACPOLR2A_Kinetic_pSer2,M,13
200,M14,1394.3231007678346,595.4950941505217,287.4231460117065,1904.3687556766577,HCT116 OsTIRF74G mAC-POLR2A Clone 5,5PhIAA,10000,60,pSer2 Pol II (3E10),Goat anti-rat Alexa647,3303,250905_mACPOLR2A_Kinetic_pSer2,M,14
201,M15,1163.6579225730966,461.3075645159917,276.06810329421614,1904.2862369828315,HCT116 OsTIRF74G mAC-POLR2A Clone 5,5PhIAA,10000,120,pSer2 Pol II (3E10),Goat anti-rat Alexa647,3553,250905_mACPOLR2A_Kinetic_pSer2,M,15
202,M16,1086.7988738569652,401.9890469985094,280.93939275724256,1920.39649122807,HCT116 OsTIRF74G mAC-POLR2A Clone 5,5PhIAA,10000,240,pSer2 Pol II (3E10),Goat anti-rat Alexa647,3420,250905_mACPOLR2A_Kinetic_pSer2,M,16
203,M17,1064.2814017526575,404.9128340332043,272.70815083568107,1951.2908233989465,HCT116 OsTIRF74G mAC-POLR2A Clone 5,5PhIAA,10000,480,pSer2 Pol II (3E10),Goat anti-rat Alexa647,3607,250905_mACPOLR2A_Kinetic_pSer2,M,17
204,M18,1336.6234379493512,569.2950108325496,278.2058720594998,1896.9876688197298,HCT116 OsTIRF74G mAC-POLR2A Clone 5,5PhIAA,10000,60,pSer2 Pol II (3E10),Goat anti-rat Alexa647,3406,250905_mACPOLR2A_Kinetic_pSer2,M,18
205,M19,1220.5827051369872,472.4650438861509,280.2490281576901,1922.2087586433981,HCT116 OsTIRF74G mAC-POLR2A Clone 5,5PhIAA,10000,120,pSer2 Pol II (3E10),Goat anti-rat Alexa647,3037,250905_mACPOLR2A_Kinetic_pSer2,M,19
206,M20,1043.9318535731497,395.2720176495563,272.710904368984,1952.2783284221805,HCT116 OsTIRF74G mAC-POLR2A Clone 5,5PhIAA,10000,240,pSer2 Pol II (3E10),Goat anti-rat Alexa647,3733,250905_mACPOLR2A_Kinetic_pSer2,M,20
207,M21,1073.6724136489142,394.0828960483575,279.49693730463633,1936.0355317595522,HCT116 OsTIRF74G mAC-POLR2A Clone 5,5PhIAA,10000,480,pSer2 Pol II (3E10),Goat anti-rat Alexa647,4109,250905_mACPOLR2A_Kinetic_pSer2,M,21
208,M22,2125.804943559847,255.07245859376772,331.9227720072859,1623.146529562982,HCT116 OsTIRF74G,5PhIAA,10000,480,pSer2 Pol II (3E10),Goat anti-rat Alexa647,1167,250905_mACPOLR2A_Kinetic_pSer2,M,22
209,N03,1521.0836685276868,266.14811821018304,300.4156497909097,1619.5477911646587,HCT116 OsTIRF74G,Vehicle,0,480,Total Pol II (F12),Goat anti-mouse Alexa647,1245,250905_mACPOLR2A_Kinetic_pSer2,N,03
210,N04,1566.9755569636923,268.6405453096894,309.4176706840221,1681.190012180268,HCT116 OsTIRF74G,Vehicle,0,480,Total Pol II (F12),Goat anti-mouse Alexa647,1642,250905_mACPOLR2A_Kinetic_pSer2,N,04
211,N05,1650.9600395041884,267.76636973803704,318.15378389575824,1507.8110383536016,HCT116 OsTIRF74G,Vehicle,0,480,Total Pol II (F12),Goat anti-mouse Alexa647,1069,250905_mACPOLR2A_Kinetic_pSer2,N,05
212,N06,1525.6004215172588,265.85304541188907,312.21515917185627,1626.5082530949105,HCT116 OsTIRF74G,Vehicle,0,480,Total Pol II (F12),Goat anti-mouse Alexa647,1454,250905_mACPOLR2A_Kinetic_pSer2,N,06
213,N07,1571.9716775756092,266.8623638827935,320.18095378655624,1691.9115044247787,HCT116 OsTIRF74G,Vehicle,0,480,Total Pol II (F12),Goat anti-mouse Alexa647,1017,250905_mACPOLR2A_Kinetic_pSer2,N,07
214,N08,1553.1363281608185,263.1639826711039,311.47205565325277,1618.4648464163822,HCT116 OsTIRF74G,Vehicle,0,480,Total Pol II (F12),Goat anti-mouse Alexa647,1465,250905_mACPOLR2A_Kinetic_pSer2,N,08
215,N09,190.22021625404943,264.558363642808,317.84925428227126,1604.3005431502716,HCT116 OsTIRF74G,Vehicle,0,480,No primary,Goat anti-mouse Alexa647,1657,250905_mACPOLR2A_Kinetic_pSer2,N,09
216,N10,1579.5751816452162,268.48673376688464,300.5887182405049,1683.97417721519,HCT116 OsTIRF74G,Vehicle,0,480,Total Pol II (F12),Goat anti-mouse Alexa647,1975,250905_mACPOLR2A_Kinetic_pSer2,N,10
217,N11,188.66645535312196,263.23550039979546,314.0280839047261,1640.7829787234043,HCT116 OsTIRF74G,Vehicle,0,480,No primary,Goat anti-mouse Alexa647,1410,250905_mACPOLR2A_Kinetic_pSer2,N,11
218,N12,1665.1095814226787,264.25091469954367,318.31571392150244,1555.083523158694,HCT116 OsTIRF74G,Vehicle,0,480,Total Pol II (F12),Goat anti-mouse Alexa647,1317,250905_mACPOLR2A_Kinetic_pSer2,N,12
219,N13,2244.810930130121,262.73982357315083,322.0882103613334,1543.637987012987,HCT116 OsTIRF74G,Vehicle,0,480,pSer2 Pol II (3E10),Goat anti-rat Alexa647,1232,250905_mACPOLR2A_Kinetic_pSer2,N,13
220,N14,1897.530203261709,260.30690407779235,313.62802004025735,1683.5954292773317,HCT116 OsTIRF74G,Vehicle,0,480,pSer2 Pol II (3E10),Goat anti-rat Alexa647,1619,250905_mACPOLR2A_Kinetic_pSer2,N,14
221,N15,181.78698217336182,261.2106343656199,317.1393685691782,1623.9437577255871,HCT116 OsTIRF74G,Vehicle,0,480,No primary,Goat anti-rat Alexa647,1618,250905_mACPOLR2A_Kinetic_pSer2,N,15
222,N16,2032.5140407628903,258.06337948813723,313.9275748201441,1629.740506329114,HCT116 OsTIRF74G,Vehicle,0,480,pSer2 Pol II (3E10),Goat anti-rat Alexa647,1422,250905_mACPOLR2A_Kinetic_pSer2,N,16
223,N17,1990.7754031672932,257.13931617174006,321.2980698599137,1601.912310286678,HCT116 OsTIRF74G,Vehicle,0,480,pSer2 Pol II (3E10),Goat anti-rat Alexa647,1779,250905_mACPOLR2A_Kinetic_pSer2,N,17
224,N18,2075.8486210554784,258.77402784796135,315.49310003412546,1651.694835680751,HCT116 OsTIRF74G,Vehicle,0,480,pSer2 Pol II (3E10),Goat anti-rat Alexa647,1065,250905_mACPOLR2A_Kinetic_pSer2,N,18
225,N19,2033.5724296173748,256.26875036627206,313.19330933273056,1693.2998652291105,HCT116 OsTIRF74G,Vehicle,0,480,pSer2 Pol II (3E10),Goat anti-rat Alexa647,1484,250905_mACPOLR2A_Kinetic_pSer2,N,19
226,N20,2275.9224340667056,255.4137619379133,316.3095825971171,1573.1806775407779,HCT116 OsTIRF74G,Vehicle,0,480,pSer2 Pol II (3E10),Goat anti-rat Alexa647,797,250905_mACPOLR2A_Kinetic_pSer2,N,20
227,N21,179.66354845407164,255.9966459051814,325.6618212211605,1674.0434782608695,HCT116 OsTIRF74G,Vehicle,0,480,No primary,Goat anti-rat Alexa647,1265,250905_mACPOLR2A_Kinetic_pSer2,N,21
228,N22,2238.3104659359233,256.14458353168413,312.45489869765123,1648.785935884178,HCT116 OsTIRF74G,Vehicle,0,480,pSer2 Pol II (3E10),Goat anti-rat Alexa647,967,250905_mACPOLR2A_Kinetic_pSer2,N,22
